-- phpMyAdmin SQL Dump
-- version 5.1.1
-- https://www.phpmyadmin.net/
--
-- Εξυπηρετητής: 127.0.0.1:3306
-- Χρόνος δημιουργίας: 18 Σεπ 2022 στις 14:42:32
-- Έκδοση διακομιστή: 5.7.36
-- Έκδοση PHP: 7.4.26

SET SQL_MODE = "NO_AUTO_VALUE_ON_ZERO";
START TRANSACTION;
SET time_zone = "+00:00";


/*!40101 SET @OLD_CHARACTER_SET_CLIENT=@@CHARACTER_SET_CLIENT */;
/*!40101 SET @OLD_CHARACTER_SET_RESULTS=@@CHARACTER_SET_RESULTS */;
/*!40101 SET @OLD_COLLATION_CONNECTION=@@COLLATION_CONNECTION */;
/*!40101 SET NAMES utf8mb4 */;

--
-- Βάση δεδομένων: `web2022`
--

-- --------------------------------------------------------

--
-- Δομή πίνακα για τον πίνακα `covid_cases`
--

DROP TABLE IF EXISTS `covid_cases`;
CREATE TABLE IF NOT EXISTS `covid_cases` (
  `Declaration_id` int(11) NOT NULL AUTO_INCREMENT,
  `id` int(11) NOT NULL,
  `covid_case` tinyint(1) NOT NULL,
  `Covid_date` datetime NOT NULL,
  PRIMARY KEY (`Declaration_id`),
  KEY `covid` (`id`)
) ENGINE=InnoDB AUTO_INCREMENT=48 DEFAULT CHARSET=utf8;

--
-- Άδειασμα δεδομένων του πίνακα `covid_cases`
--

INSERT INTO `covid_cases` (`Declaration_id`, `id`, `covid_case`, `Covid_date`) VALUES
(47, 221, 1, '2022-02-23 19:08:00');

-- --------------------------------------------------------

--
-- Δομή πίνακα για τον πίνακα `data_pop`
--

DROP TABLE IF EXISTS `data_pop`;
CREATE TABLE IF NOT EXISTS `data_pop` (
  `id` varchar(255) NOT NULL,
  `day` varchar(255) NOT NULL,
  `data_0` int(11) NOT NULL,
  `data_1` int(11) NOT NULL,
  `data_2` int(11) NOT NULL,
  `data_3` int(11) NOT NULL,
  `data_4` int(11) NOT NULL,
  `data_5` int(11) NOT NULL,
  `data_6` int(11) NOT NULL,
  `data_7` int(11) NOT NULL,
  `data_8` int(11) NOT NULL,
  `data_9` int(11) NOT NULL,
  `data_10` int(11) NOT NULL,
  `data_11` int(11) NOT NULL,
  `data_12` int(11) NOT NULL,
  `data_13` int(11) NOT NULL,
  `data_14` int(11) NOT NULL,
  `data_15` int(11) NOT NULL,
  `data_16` int(11) NOT NULL,
  `data_17` int(11) NOT NULL,
  `data_18` int(11) NOT NULL,
  `data_19` int(11) NOT NULL,
  `data_20` int(11) NOT NULL,
  `data_21` int(11) NOT NULL,
  `data_22` int(11) NOT NULL,
  `data_23` int(11) NOT NULL,
  KEY `FOREIGN KEY` (`id`)
) ENGINE=InnoDB DEFAULT CHARSET=utf8;

--
-- Άδειασμα δεδομένων του πίνακα `data_pop`
--

INSERT INTO `data_pop` (`id`, `day`, `data_0`, `data_1`, `data_2`, `data_3`, `data_4`, `data_5`, `data_6`, `data_7`, `data_8`, `data_9`, `data_10`, `data_11`, `data_12`, `data_13`, `data_14`, `data_15`, `data_16`, `data_17`, `data_18`, `data_19`, `data_20`, `data_21`, `data_22`, `data_23`) VALUES
('ChIJ4bvbRlU3XhMRizrDqc9I6fU', 'Monday', 0, 0, 0, 0, 0, 0, 0, 0, 19, 43, 56, 47, 31, 23, 21, 18, 16, 17, 24, 30, 31, 23, 13, 5),
('ChIJ4bvbRlU3XhMRizrDqc9I6fU', 'Tuesday', 0, 0, 0, 0, 0, 0, 0, 0, 19, 44, 59, 49, 25, 14, 19, 29, 28, 16, 13, 29, 44, 25, 5, 0),
('ChIJ4bvbRlU3XhMRizrDqc9I6fU', 'Wednesday', 0, 0, 0, 0, 0, 0, 0, 0, 12, 21, 32, 36, 33, 24, 16, 12, 15, 22, 30, 33, 29, 20, 11, 5),
('ChIJ4bvbRlU3XhMRizrDqc9I6fU', 'Thursday', 0, 0, 0, 0, 0, 0, 0, 0, 17, 31, 21, 27, 28, 24, 18, 16, 20, 30, 37, 39, 33, 21, 11, 4),
('ChIJ4bvbRlU3XhMRizrDqc9I6fU', 'Friday', 0, 0, 0, 0, 0, 0, 0, 0, 16, 28, 39, 47, 46, 37, 25, 15, 7, 7, 16, 30, 41, 38, 23, 9),
('ChIJ4bvbRlU3XhMRizrDqc9I6fU', 'Saturday', 0, 0, 0, 0, 0, 0, 0, 0, 7, 16, 22, 33, 66, 100, 90, 46, 14, 9, 29, 61, 70, 45, 16, 2),
('ChIJ4bvbRlU3XhMRizrDqc9I6fU', 'Sunday', 0, 0, 0, 0, 0, 0, 0, 0, 0, 0, 29, 49, 56, 45, 27, 17, 25, 47, 67, 73, 59, 36, 0, 0),
('ChIJ7SdGoCg2XhMRGcnVpa4dU0g', 'Monday', 0, 0, 0, 0, 0, 0, 0, 0, 0, 0, 4, 4, 8, 9, 0, 0, 0, 4, 11, 20, 25, 22, 13, 0),
('ChIJ7SdGoCg2XhMRGcnVpa4dU0g', 'Tuesday', 0, 0, 0, 0, 0, 0, 0, 0, 0, 0, 1, 2, 2, 2, 0, 0, 0, 4, 12, 21, 23, 16, 7, 0),
('ChIJ7SdGoCg2XhMRGcnVpa4dU0g', 'Wednesday', 0, 0, 0, 0, 0, 0, 0, 0, 0, 0, 12, 12, 11, 8, 0, 0, 0, 13, 22, 25, 20, 11, 4, 0),
('ChIJ7SdGoCg2XhMRGcnVpa4dU0g', 'Thursday', 0, 0, 0, 0, 0, 0, 0, 0, 0, 0, 8, 11, 12, 10, 0, 0, 0, 17, 25, 33, 32, 20, 7, 0),
('ChIJ7SdGoCg2XhMRGcnVpa4dU0g', 'Friday', 0, 0, 0, 0, 0, 0, 0, 0, 0, 0, 6, 8, 7, 4, 0, 0, 0, 12, 23, 35, 40, 32, 16, 0),
('ChIJ7SdGoCg2XhMRGcnVpa4dU0g', 'Saturday', 0, 0, 0, 0, 0, 0, 0, 0, 0, 0, 4, 7, 11, 14, 18, 22, 28, 39, 56, 69, 67, 49, 27, 0),
('ChIJ7SdGoCg2XhMRGcnVpa4dU0g', 'Sunday', 0, 0, 0, 0, 0, 0, 0, 0, 0, 0, 13, 24, 34, 39, 37, 29, 25, 41, 77, 100, 78, 36, 9, 0),
('ChIJkRhinSg2XhMRipOQ12_hPzI', 'Monday', 0, 0, 0, 0, 0, 0, 0, 0, 15, 17, 13, 15, 15, 11, 6, 3, 2, 6, 14, 24, 31, 28, 19, 9),
('ChIJkRhinSg2XhMRipOQ12_hPzI', 'Tuesday', 0, 0, 0, 0, 0, 0, 0, 0, 6, 12, 17, 19, 16, 11, 6, 2, 1, 4, 11, 24, 35, 36, 26, 13),
('ChIJkRhinSg2XhMRipOQ12_hPzI', 'Wednesday', 0, 0, 0, 0, 0, 0, 0, 0, 8, 14, 18, 19, 16, 11, 6, 3, 4, 10, 23, 40, 51, 50, 38, 21),
('ChIJkRhinSg2XhMRipOQ12_hPzI', 'Thursday', 0, 0, 0, 0, 0, 0, 0, 0, 9, 14, 17, 21, 20, 13, 6, 3, 4, 10, 20, 33, 42, 43, 35, 22),
('ChIJkRhinSg2XhMRipOQ12_hPzI', 'Friday', 0, 0, 0, 0, 0, 0, 0, 0, 9, 13, 17, 18, 16, 10, 5, 2, 3, 9, 20, 37, 52, 56, 46, 30),
('ChIJkRhinSg2XhMRipOQ12_hPzI', 'Saturday', 0, 0, 0, 0, 0, 0, 0, 0, 3, 7, 12, 17, 18, 16, 13, 11, 15, 27, 46, 68, 85, 89, 79, 58),
('ChIJkRhinSg2XhMRipOQ12_hPzI', 'Sunday', 0, 0, 0, 0, 0, 0, 0, 0, 1, 6, 25, 52, 62, 41, 16, 5, 10, 34, 73, 100, 89, 58, 32, 18),
('ChIJ4bvbRlU3XhMRizrDqc9I6fU', 'Monday', 0, 0, 0, 0, 0, 0, 0, 0, 19, 43, 56, 47, 31, 23, 21, 18, 16, 17, 24, 30, 31, 23, 13, 5),
('ChIJ4bvbRlU3XhMRizrDqc9I6fU', 'Tuesday', 0, 0, 0, 0, 0, 0, 0, 0, 19, 44, 59, 49, 25, 14, 19, 29, 28, 16, 13, 29, 44, 25, 5, 0),
('ChIJ4bvbRlU3XhMRizrDqc9I6fU', 'Wednesday', 0, 0, 0, 0, 0, 0, 0, 0, 12, 21, 32, 36, 33, 24, 16, 12, 15, 22, 30, 33, 29, 20, 11, 5),
('ChIJ4bvbRlU3XhMRizrDqc9I6fU', 'Thursday', 0, 0, 0, 0, 0, 0, 0, 0, 17, 31, 21, 27, 28, 24, 18, 16, 20, 30, 37, 39, 33, 21, 11, 4),
('ChIJ4bvbRlU3XhMRizrDqc9I6fU', 'Friday', 0, 0, 0, 0, 0, 0, 0, 0, 16, 28, 39, 47, 46, 37, 25, 15, 7, 7, 16, 30, 41, 38, 23, 9),
('ChIJ4bvbRlU3XhMRizrDqc9I6fU', 'Saturday', 0, 0, 0, 0, 0, 0, 0, 0, 7, 16, 22, 33, 66, 100, 90, 46, 14, 9, 29, 61, 70, 45, 16, 2),
('ChIJ4bvbRlU3XhMRizrDqc9I6fU', 'Sunday', 0, 0, 0, 0, 0, 0, 0, 0, 0, 0, 29, 49, 56, 45, 27, 17, 25, 47, 67, 73, 59, 36, 0, 0),
('ChIJ7SdGoCg2XhMRGcnVpa4dU0g', 'Monday', 0, 0, 0, 0, 0, 0, 0, 0, 0, 0, 4, 4, 8, 9, 0, 0, 0, 4, 11, 20, 25, 22, 13, 0),
('ChIJ7SdGoCg2XhMRGcnVpa4dU0g', 'Tuesday', 0, 0, 0, 0, 0, 0, 0, 0, 0, 0, 1, 2, 2, 2, 0, 0, 0, 4, 12, 21, 23, 16, 7, 0),
('ChIJ7SdGoCg2XhMRGcnVpa4dU0g', 'Wednesday', 0, 0, 0, 0, 0, 0, 0, 0, 0, 0, 12, 12, 11, 8, 0, 0, 0, 13, 22, 25, 20, 11, 4, 0),
('ChIJ7SdGoCg2XhMRGcnVpa4dU0g', 'Thursday', 0, 0, 0, 0, 0, 0, 0, 0, 0, 0, 8, 11, 12, 10, 0, 0, 0, 17, 25, 33, 32, 20, 7, 0),
('ChIJ7SdGoCg2XhMRGcnVpa4dU0g', 'Friday', 0, 0, 0, 0, 0, 0, 0, 0, 0, 0, 6, 8, 7, 4, 0, 0, 0, 12, 23, 35, 40, 32, 16, 0),
('ChIJ7SdGoCg2XhMRGcnVpa4dU0g', 'Saturday', 0, 0, 0, 0, 0, 0, 0, 0, 0, 0, 4, 7, 11, 14, 18, 22, 28, 39, 56, 69, 67, 49, 27, 0),
('ChIJ7SdGoCg2XhMRGcnVpa4dU0g', 'Sunday', 0, 0, 0, 0, 0, 0, 0, 0, 0, 0, 13, 24, 34, 39, 37, 29, 25, 41, 77, 100, 78, 36, 9, 0),
('ChIJkRhinSg2XhMRipOQ12_hPzI', 'Monday', 0, 0, 0, 0, 0, 0, 0, 0, 15, 17, 13, 15, 15, 11, 6, 3, 2, 6, 14, 24, 31, 28, 19, 9),
('ChIJkRhinSg2XhMRipOQ12_hPzI', 'Tuesday', 0, 0, 0, 0, 0, 0, 0, 0, 6, 12, 17, 19, 16, 11, 6, 2, 1, 4, 11, 24, 35, 36, 26, 13),
('ChIJkRhinSg2XhMRipOQ12_hPzI', 'Wednesday', 0, 0, 0, 0, 0, 0, 0, 0, 8, 14, 18, 19, 16, 11, 6, 3, 4, 10, 23, 40, 51, 50, 38, 21),
('ChIJkRhinSg2XhMRipOQ12_hPzI', 'Thursday', 0, 0, 0, 0, 0, 0, 0, 0, 9, 14, 17, 21, 20, 13, 6, 3, 4, 10, 20, 33, 42, 43, 35, 22),
('ChIJkRhinSg2XhMRipOQ12_hPzI', 'Friday', 0, 0, 0, 0, 0, 0, 0, 0, 9, 13, 17, 18, 16, 10, 5, 2, 3, 9, 20, 37, 52, 56, 46, 30),
('ChIJkRhinSg2XhMRipOQ12_hPzI', 'Saturday', 0, 0, 0, 0, 0, 0, 0, 0, 3, 7, 12, 17, 18, 16, 13, 11, 15, 27, 46, 68, 85, 89, 79, 58),
('ChIJkRhinSg2XhMRipOQ12_hPzI', 'Sunday', 0, 0, 0, 0, 0, 0, 0, 0, 1, 6, 25, 52, 62, 41, 16, 5, 10, 34, 73, 100, 89, 58, 32, 18),
('ChIJ4bvbRlU3XhMRizrDqc9I6fU', 'Monday', 0, 0, 0, 0, 0, 0, 0, 0, 19, 43, 56, 47, 31, 23, 21, 18, 16, 17, 24, 30, 31, 23, 13, 5),
('ChIJ4bvbRlU3XhMRizrDqc9I6fU', 'Tuesday', 0, 0, 0, 0, 0, 0, 0, 0, 19, 44, 59, 49, 25, 14, 19, 29, 28, 16, 13, 29, 44, 25, 5, 0),
('ChIJ4bvbRlU3XhMRizrDqc9I6fU', 'Wednesday', 0, 0, 0, 0, 0, 0, 0, 0, 12, 21, 32, 36, 33, 24, 16, 12, 15, 22, 30, 33, 29, 20, 11, 5),
('ChIJ4bvbRlU3XhMRizrDqc9I6fU', 'Thursday', 0, 0, 0, 0, 0, 0, 0, 0, 17, 31, 21, 27, 28, 24, 18, 16, 20, 30, 37, 39, 33, 21, 11, 4),
('ChIJ4bvbRlU3XhMRizrDqc9I6fU', 'Friday', 0, 0, 0, 0, 0, 0, 0, 0, 16, 28, 39, 47, 46, 37, 25, 15, 7, 7, 16, 30, 41, 38, 23, 9),
('ChIJ4bvbRlU3XhMRizrDqc9I6fU', 'Saturday', 0, 0, 0, 0, 0, 0, 0, 0, 7, 16, 22, 33, 66, 100, 90, 46, 14, 9, 29, 61, 70, 45, 16, 2),
('ChIJ4bvbRlU3XhMRizrDqc9I6fU', 'Sunday', 0, 0, 0, 0, 0, 0, 0, 0, 0, 0, 29, 49, 56, 45, 27, 17, 25, 47, 67, 73, 59, 36, 0, 0),
('ChIJ7SdGoCg2XhMRGcnVpa4dU0g', 'Monday', 0, 0, 0, 0, 0, 0, 0, 0, 0, 0, 4, 4, 8, 9, 0, 0, 0, 4, 11, 20, 25, 22, 13, 0),
('ChIJ7SdGoCg2XhMRGcnVpa4dU0g', 'Tuesday', 0, 0, 0, 0, 0, 0, 0, 0, 0, 0, 1, 2, 2, 2, 0, 0, 0, 4, 12, 21, 23, 16, 7, 0),
('ChIJ7SdGoCg2XhMRGcnVpa4dU0g', 'Wednesday', 0, 0, 0, 0, 0, 0, 0, 0, 0, 0, 12, 12, 11, 8, 0, 0, 0, 13, 22, 25, 20, 11, 4, 0),
('ChIJ7SdGoCg2XhMRGcnVpa4dU0g', 'Thursday', 0, 0, 0, 0, 0, 0, 0, 0, 0, 0, 8, 11, 12, 10, 0, 0, 0, 17, 25, 33, 32, 20, 7, 0),
('ChIJ7SdGoCg2XhMRGcnVpa4dU0g', 'Friday', 0, 0, 0, 0, 0, 0, 0, 0, 0, 0, 6, 8, 7, 4, 0, 0, 0, 12, 23, 35, 40, 32, 16, 0),
('ChIJ7SdGoCg2XhMRGcnVpa4dU0g', 'Saturday', 0, 0, 0, 0, 0, 0, 0, 0, 0, 0, 4, 7, 11, 14, 18, 22, 28, 39, 56, 69, 67, 49, 27, 0),
('ChIJ7SdGoCg2XhMRGcnVpa4dU0g', 'Sunday', 0, 0, 0, 0, 0, 0, 0, 0, 0, 0, 13, 24, 34, 39, 37, 29, 25, 41, 77, 100, 78, 36, 9, 0),
('ChIJkRhinSg2XhMRipOQ12_hPzI', 'Monday', 0, 0, 0, 0, 0, 0, 0, 0, 15, 17, 13, 15, 15, 11, 6, 3, 2, 6, 14, 24, 31, 28, 19, 9),
('ChIJkRhinSg2XhMRipOQ12_hPzI', 'Tuesday', 0, 0, 0, 0, 0, 0, 0, 0, 6, 12, 17, 19, 16, 11, 6, 2, 1, 4, 11, 24, 35, 36, 26, 13),
('ChIJkRhinSg2XhMRipOQ12_hPzI', 'Wednesday', 0, 0, 0, 0, 0, 0, 0, 0, 8, 14, 18, 19, 16, 11, 6, 3, 4, 10, 23, 40, 51, 50, 38, 21),
('ChIJkRhinSg2XhMRipOQ12_hPzI', 'Thursday', 0, 0, 0, 0, 0, 0, 0, 0, 9, 14, 17, 21, 20, 13, 6, 3, 4, 10, 20, 33, 42, 43, 35, 22),
('ChIJkRhinSg2XhMRipOQ12_hPzI', 'Friday', 0, 0, 0, 0, 0, 0, 0, 0, 9, 13, 17, 18, 16, 10, 5, 2, 3, 9, 20, 37, 52, 56, 46, 30),
('ChIJkRhinSg2XhMRipOQ12_hPzI', 'Saturday', 0, 0, 0, 0, 0, 0, 0, 0, 3, 7, 12, 17, 18, 16, 13, 11, 15, 27, 46, 68, 85, 89, 79, 58),
('ChIJkRhinSg2XhMRipOQ12_hPzI', 'Sunday', 0, 0, 0, 0, 0, 0, 0, 0, 1, 6, 25, 52, 62, 41, 16, 5, 10, 34, 73, 100, 89, 58, 32, 18),
('ChIJOfXygiQ2XhMRZmdy1DIIEg4', 'Monday', 0, 0, 0, 0, 0, 0, 0, 10, 27, 55, 87, 100, 85, 61, 46, 40, 40, 40, 38, 36, 31, 25, 0, 0),
('ChIJOfXygiQ2XhMRZmdy1DIIEg4', 'Tuesday', 0, 0, 0, 0, 0, 0, 0, 25, 38, 53, 59, 61, 55, 48, 51, 57, 51, 34, 29, 38, 36, 17, 0, 0),
('ChIJOfXygiQ2XhMRZmdy1DIIEg4', 'Wednesday', 0, 0, 0, 0, 0, 0, 0, 8, 80, 51, 29, 38, 38, 29, 25, 25, 34, 44, 51, 51, 44, 31, 0, 0),
('ChIJOfXygiQ2XhMRZmdy1DIIEg4', 'Thursday', 0, 0, 0, 0, 0, 0, 0, 14, 36, 63, 80, 76, 57, 38, 29, 27, 27, 29, 27, 25, 23, 19, 0, 0),
('ChIJOfXygiQ2XhMRZmdy1DIIEg4', 'Friday', 0, 0, 0, 0, 0, 0, 0, 14, 21, 25, 27, 27, 25, 23, 21, 23, 27, 36, 40, 38, 29, 19, 0, 0),
('ChIJOfXygiQ2XhMRZmdy1DIIEg4', 'Saturday', 0, 0, 0, 0, 0, 0, 0, 8, 14, 23, 34, 42, 48, 48, 44, 36, 31, 29, 29, 29, 27, 19, 0, 0),
('ChIJOfXygiQ2XhMRZmdy1DIIEg4', 'Sunday', 0, 0, 0, 0, 0, 0, 0, 0, 0, 0, 0, 0, 0, 0, 0, 0, 0, 0, 0, 0, 0, 0, 0, 0),
('ChIJu-vWGU03XhMRQPtHWoqT688', 'Monday', 0, 0, 0, 0, 0, 0, 14, 42, 46, 25, 27, 44, 53, 51, 35, 18, 9, 14, 42, 77, 77, 0, 0, 0),
('ChIJu-vWGU03XhMRQPtHWoqT688', 'Tuesday', 0, 0, 0, 0, 0, 0, 12, 24, 33, 44, 59, 68, 62, 42, 22, 9, 5, 14, 40, 62, 53, 0, 0, 0),
('ChIJu-vWGU03XhMRQPtHWoqT688', 'Wednesday', 0, 0, 0, 0, 0, 0, 12, 25, 38, 46, 46, 42, 38, 31, 20, 14, 16, 22, 31, 38, 40, 0, 0, 0),
('ChIJu-vWGU03XhMRQPtHWoqT688', 'Thursday', 0, 0, 0, 0, 0, 0, 14, 27, 46, 61, 70, 68, 55, 38, 22, 12, 11, 16, 27, 37, 35, 0, 0, 0),
('ChIJu-vWGU03XhMRQPtHWoqT688', 'Friday', 0, 0, 0, 0, 0, 0, 7, 24, 42, 50, 44, 48, 42, 20, 5, 5, 12, 27, 44, 57, 59, 0, 0, 0),
('ChIJu-vWGU03XhMRQPtHWoqT688', 'Saturday', 0, 0, 0, 0, 0, 0, 5, 12, 25, 42, 55, 61, 55, 42, 27, 16, 12, 18, 31, 44, 53, 0, 0, 0),
('ChIJu-vWGU03XhMRQPtHWoqT688', 'Sunday', 0, 0, 0, 0, 0, 0, 11, 22, 40, 66, 92, 100, 85, 59, 37, 22, 16, 18, 35, 59, 61, 0, 0, 0),
('ChIJU9lb5SQ2XhMRC-mT4k-qJ5I', 'Monday', 16, 0, 0, 0, 0, 0, 15, 22, 28, 33, 37, 37, 33, 30, 27, 27, 30, 35, 40, 42, 42, 37, 28, 20),
('ChIJU9lb5SQ2XhMRC-mT4k-qJ5I', 'Tuesday', 13, 0, 0, 0, 0, 0, 8, 16, 30, 45, 54, 54, 45, 33, 28, 28, 33, 40, 45, 47, 44, 35, 27, 18),
('ChIJU9lb5SQ2XhMRC-mT4k-qJ5I', 'Wednesday', 11, 0, 0, 0, 0, 0, 15, 23, 33, 44, 49, 50, 45, 38, 30, 25, 27, 35, 45, 54, 55, 49, 37, 23),
('ChIJU9lb5SQ2XhMRC-mT4k-qJ5I', 'Thursday', 13, 0, 0, 0, 0, 0, 16, 27, 37, 47, 50, 47, 40, 32, 27, 28, 35, 45, 55, 59, 55, 45, 30, 18),
('ChIJU9lb5SQ2XhMRC-mT4k-qJ5I', 'Friday', 10, 0, 0, 0, 0, 0, 11, 23, 37, 47, 49, 44, 37, 32, 33, 37, 40, 40, 44, 49, 52, 50, 40, 27),
('ChIJU9lb5SQ2XhMRC-mT4k-qJ5I', 'Saturday', 13, 0, 0, 0, 0, 0, 6, 15, 28, 47, 69, 88, 100, 100, 88, 72, 57, 47, 40, 38, 37, 33, 28, 22),
('ChIJU9lb5SQ2XhMRC-mT4k-qJ5I', 'Sunday', 16, 0, 0, 0, 0, 0, 3, 6, 10, 13, 23, 49, 54, 27, 11, 11, 20, 28, 37, 44, 44, 40, 33, 25),
('ChIJVzAMZC82XhMRbhndkrdgnck', 'Monday', 0, 0, 0, 0, 0, 0, 0, 0, 0, 69, 84, 83, 70, 58, 54, 53, 51, 46, 40, 31, 23, 0, 0, 0),
('ChIJVzAMZC82XhMRbhndkrdgnck', 'Tuesday', 0, 0, 0, 0, 0, 0, 0, 0, 0, 47, 59, 73, 80, 77, 66, 50, 36, 33, 43, 52, 40, 0, 0, 0),
('ChIJVzAMZC82XhMRbhndkrdgnck', 'Wednesday', 0, 0, 0, 0, 0, 0, 0, 0, 0, 62, 79, 88, 85, 74, 61, 55, 53, 53, 49, 38, 25, 0, 0, 0),
('ChIJVzAMZC82XhMRbhndkrdgnck', 'Thursday', 0, 0, 0, 0, 0, 0, 0, 0, 0, 56, 67, 72, 68, 61, 53, 49, 47, 44, 38, 28, 18, 0, 0, 0),
('ChIJVzAMZC82XhMRbhndkrdgnck', 'Friday', 0, 0, 0, 0, 0, 0, 0, 0, 0, 66, 59, 66, 76, 81, 74, 59, 46, 41, 42, 41, 29, 0, 0, 0),
('ChIJVzAMZC82XhMRbhndkrdgnck', 'Saturday', 0, 0, 0, 0, 0, 0, 0, 0, 0, 100, 93, 79, 68, 63, 54, 42, 37, 45, 49, 33, 12, 0, 0, 0),
('ChIJVzAMZC82XhMRbhndkrdgnck', 'Sunday', 0, 0, 0, 0, 0, 0, 0, 0, 0, 0, 0, 0, 0, 0, 0, 0, 0, 0, 0, 0, 0, 0, 0, 0),
('ChIJUb5ZXC82XhMRXaOkeHvXc_Y', 'Monday', 0, 0, 0, 0, 0, 0, 0, 0, 20, 61, 100, 95, 67, 53, 50, 46, 36, 26, 0, 0, 0, 0, 0, 0),
('ChIJUb5ZXC82XhMRXaOkeHvXc_Y', 'Tuesday', 0, 0, 0, 0, 0, 0, 0, 0, 23, 53, 81, 84, 61, 41, 40, 52, 60, 55, 0, 0, 0, 0, 0, 0),
('ChIJUb5ZXC82XhMRXaOkeHvXc_Y', 'Wednesday', 0, 0, 0, 0, 0, 0, 0, 0, 24, 41, 55, 66, 72, 70, 64, 52, 38, 27, 0, 0, 0, 0, 0, 0),
('ChIJUb5ZXC82XhMRXaOkeHvXc_Y', 'Thursday', 0, 0, 0, 0, 0, 0, 0, 0, 23, 52, 76, 75, 52, 36, 44, 55, 50, 30, 0, 0, 0, 0, 0, 0),
('ChIJUb5ZXC82XhMRXaOkeHvXc_Y', 'Friday', 0, 0, 0, 0, 0, 0, 0, 0, 23, 40, 56, 67, 69, 63, 55, 47, 40, 32, 0, 0, 0, 0, 0, 0),
('ChIJUb5ZXC82XhMRXaOkeHvXc_Y', 'Saturday', 0, 0, 0, 0, 0, 0, 0, 0, 38, 66, 89, 96, 86, 61, 35, 0, 0, 0, 0, 0, 0, 0, 0, 0),
('ChIJUb5ZXC82XhMRXaOkeHvXc_Y', 'Sunday', 0, 0, 0, 0, 0, 0, 0, 0, 0, 0, 0, 0, 0, 0, 0, 0, 0, 0, 0, 0, 0, 0, 0, 0),
('ChIJ71wmUS82XhMRKso4jVV3SaI', 'Monday', 0, 0, 0, 0, 0, 0, 0, 11, 36, 58, 59, 60, 61, 47, 25, 11, 8, 10, 13, 15, 15, 12, 0, 0),
('ChIJ71wmUS82XhMRKso4jVV3SaI', 'Tuesday', 0, 0, 0, 0, 0, 0, 0, 17, 32, 47, 56, 55, 45, 29, 16, 7, 6, 10, 18, 22, 19, 11, 0, 0),
('ChIJ71wmUS82XhMRKso4jVV3SaI', 'Wednesday', 0, 0, 0, 0, 0, 0, 0, 11, 64, 92, 52, 43, 40, 31, 19, 8, 4, 8, 24, 38, 34, 17, 0, 0),
('ChIJ71wmUS82XhMRKso4jVV3SaI', 'Thursday', 0, 0, 0, 0, 0, 0, 0, 13, 44, 70, 63, 46, 48, 39, 19, 10, 11, 16, 18, 18, 17, 12, 0, 0),
('ChIJ71wmUS82XhMRKso4jVV3SaI', 'Friday', 0, 0, 0, 0, 0, 0, 0, 23, 70, 100, 65, 34, 30, 31, 31, 29, 24, 20, 15, 10, 7, 4, 0, 0),
('ChIJ71wmUS82XhMRKso4jVV3SaI', 'Saturday', 0, 0, 0, 0, 0, 0, 0, 2, 5, 13, 24, 33, 33, 26, 16, 8, 6, 7, 9, 11, 10, 8, 0, 0),
('ChIJ71wmUS82XhMRKso4jVV3SaI', 'Sunday', 0, 0, 0, 0, 0, 0, 0, 0, 5, 18, 23, 12, 8, 7, 6, 7, 11, 16, 18, 16, 11, 7, 0, 0),
('ChIJD_GT-iQ2XhMRbFWExhIn4sI', 'Monday', 0, 0, 0, 0, 0, 0, 0, 7, 15, 24, 33, 38, 38, 32, 24, 0, 0, 0, 0, 0, 0, 0, 0, 0),
('ChIJD_GT-iQ2XhMRbFWExhIn4sI', 'Tuesday', 0, 0, 0, 0, 0, 0, 0, 4, 10, 22, 36, 46, 43, 31, 16, 0, 0, 16, 30, 31, 20, 0, 0, 0),
('ChIJD_GT-iQ2XhMRbFWExhIn4sI', 'Wednesday', 0, 0, 0, 0, 0, 0, 0, 11, 17, 24, 31, 36, 40, 37, 27, 0, 0, 0, 0, 0, 0, 0, 0, 0),
('ChIJD_GT-iQ2XhMRbFWExhIn4sI', 'Thursday', 0, 0, 0, 0, 0, 0, 0, 16, 35, 51, 51, 36, 26, 31, 30, 0, 0, 22, 26, 24, 15, 0, 0, 0),
('ChIJD_GT-iQ2XhMRbFWExhIn4sI', 'Friday', 0, 0, 0, 0, 0, 0, 0, 6, 13, 21, 31, 55, 32, 22, 16, 0, 0, 15, 15, 13, 10, 0, 0, 0),
('ChIJD_GT-iQ2XhMRbFWExhIn4sI', 'Saturday', 0, 0, 0, 0, 0, 0, 0, 4, 15, 40, 57, 52, 100, 95, 22, 12, 11, 0, 0, 0, 0, 0, 0, 0),
('ChIJD_GT-iQ2XhMRbFWExhIn4sI', 'Sunday', 0, 0, 0, 0, 0, 0, 0, 0, 0, 0, 0, 0, 0, 0, 0, 0, 0, 0, 0, 0, 0, 0, 0, 0),
('ChIJ0YP89yw3XhMRu0_gcptybS4', 'Monday', 0, 0, 0, 0, 0, 0, 0, 0, 0, 7, 37, 34, 24, 0, 0, 0, 0, 16, 52, 96, 100, 59, 19, 0),
('ChIJ0YP89yw3XhMRu0_gcptybS4', 'Tuesday', 0, 0, 0, 0, 0, 0, 0, 0, 0, 16, 30, 30, 16, 0, 0, 0, 0, 14, 41, 74, 83, 56, 24, 0),
('ChIJ0YP89yw3XhMRu0_gcptybS4', 'Wednesday', 0, 0, 0, 0, 0, 0, 0, 0, 0, 10, 18, 24, 22, 0, 0, 0, 0, 32, 68, 94, 81, 44, 16, 0),
('ChIJ0YP89yw3XhMRu0_gcptybS4', 'Thursday', 0, 0, 0, 0, 0, 0, 0, 0, 0, 16, 26, 29, 19, 0, 0, 0, 0, 14, 34, 57, 61, 43, 19, 0),
('ChIJ0YP89yw3XhMRu0_gcptybS4', 'Friday', 0, 0, 0, 0, 0, 0, 0, 0, 0, 8, 18, 23, 16, 0, 0, 0, 0, 7, 39, 83, 71, 25, 3, 0),
('ChIJ0YP89yw3XhMRu0_gcptybS4', 'Saturday', 0, 0, 0, 0, 0, 0, 0, 0, 0, 7, 16, 25, 27, 0, 0, 0, 0, 0, 0, 0, 0, 0, 0, 0),
('ChIJ0YP89yw3XhMRu0_gcptybS4', 'Sunday', 0, 0, 0, 0, 0, 0, 0, 0, 0, 0, 0, 0, 0, 0, 0, 0, 0, 0, 0, 0, 0, 0, 0, 0),
('ChIJTyCVWvA3XhMRnNgdFRaTWE8', 'Monday', 0, 0, 0, 0, 0, 0, 0, 0, 37, 61, 74, 71, 69, 72, 69, 50, 0, 0, 0, 0, 0, 0, 0, 0),
('ChIJTyCVWvA3XhMRnNgdFRaTWE8', 'Tuesday', 0, 0, 0, 0, 0, 0, 0, 0, 48, 98, 100, 79, 79, 80, 67, 45, 0, 0, 0, 0, 0, 0, 0, 0),
('ChIJTyCVWvA3XhMRnNgdFRaTWE8', 'Wednesday', 0, 0, 0, 0, 0, 0, 0, 0, 20, 41, 64, 75, 77, 80, 77, 56, 0, 0, 0, 0, 0, 0, 0, 0),
('ChIJTyCVWvA3XhMRnNgdFRaTWE8', 'Thursday', 0, 0, 0, 0, 0, 0, 0, 0, 16, 40, 71, 88, 77, 58, 66, 72, 0, 0, 0, 0, 0, 0, 0, 0),
('ChIJTyCVWvA3XhMRnNgdFRaTWE8', 'Friday', 0, 0, 0, 0, 0, 0, 0, 0, 29, 46, 65, 79, 86, 82, 71, 54, 0, 0, 0, 0, 0, 0, 0, 0),
('ChIJTyCVWvA3XhMRnNgdFRaTWE8', 'Saturday', 0, 0, 0, 0, 0, 0, 0, 0, 22, 59, 72, 75, 93, 0, 0, 0, 0, 0, 0, 0, 0, 0, 0, 0),
('ChIJTyCVWvA3XhMRnNgdFRaTWE8', 'Sunday', 0, 0, 0, 0, 0, 0, 0, 0, 0, 0, 0, 0, 0, 0, 0, 0, 0, 0, 0, 0, 0, 0, 0, 0),
('ChIJHz0GwiY2XhMRl8CM130I0qw', 'Monday', 13, 8, 2, 2, 2, 2, 2, 10, 27, 45, 59, 64, 62, 48, 37, 29, 27, 29, 32, 32, 29, 24, 18, 10),
('ChIJHz0GwiY2XhMRl8CM130I0qw', 'Tuesday', 5, 2, 2, 2, 2, 2, 2, 2, 13, 37, 64, 81, 78, 59, 35, 16, 8, 10, 16, 16, 10, 2, 2, 2),
('ChIJHz0GwiY2XhMRl8CM130I0qw', 'Wednesday', 2, 2, 2, 2, 2, 2, 2, 2, 2, 40, 78, 100, 91, 62, 27, 5, 2, 16, 32, 45, 45, 35, 16, 2),
('ChIJHz0GwiY2XhMRl8CM130I0qw', 'Thursday', 2, 2, 21, 10, 2, 2, 2, 2, 2, 29, 37, 37, 51, 70, 75, 67, 48, 35, 27, 27, 29, 32, 32, 29),
('ChIJHz0GwiY2XhMRl8CM130I0qw', 'Friday', 21, 13, 2, 2, 2, 2, 2, 2, 35, 94, 97, 56, 40, 45, 51, 45, 35, 21, 13, 10, 8, 5, 2, 2),
('ChIJHz0GwiY2XhMRl8CM130I0qw', 'Saturday', 2, 2, 2, 2, 2, 2, 2, 2, 2, 2, 29, 45, 51, 59, 54, 32, 10, 5, 8, 10, 13, 13, 10, 5),
('ChIJHz0GwiY2XhMRl8CM130I0qw', 'Sunday', 2, 2, 2, 2, 2, 2, 2, 2, 2, 2, 2, 10, 18, 27, 32, 35, 35, 35, 35, 32, 29, 27, 24, 18),
('ChIJB9uOmYM3XhMRcG8fh_Xmz7o', 'Monday', 0, 0, 0, 0, 0, 0, 0, 0, 10, 15, 25, 30, 35, 40, 40, 35, 30, 0, 20, 15, 10, 0, 0, 0),
('ChIJB9uOmYM3XhMRcG8fh_Xmz7o', 'Tuesday', 0, 0, 0, 0, 0, 0, 0, 0, 15, 35, 45, 40, 30, 70, 25, 0, 10, 15, 15, 10, 10, 0, 0, 0),
('ChIJB9uOmYM3XhMRcG8fh_Xmz7o', 'Wednesday', 0, 0, 0, 0, 0, 0, 0, 0, 20, 30, 35, 30, 25, 60, 100, 35, 30, 40, 40, 35, 30, 0, 0, 0),
('ChIJB9uOmYM3XhMRcG8fh_Xmz7o', 'Thursday', 0, 0, 0, 0, 0, 0, 0, 0, 0, 0, 0, 0, 0, 0, 0, 0, 0, 0, 0, 0, 0, 0, 0, 0),
('ChIJB9uOmYM3XhMRcG8fh_Xmz7o', 'Friday', 0, 0, 0, 0, 0, 0, 0, 0, 10, 20, 35, 50, 50, 35, 20, 0, 10, 25, 50, 40, 25, 0, 0, 0),
('ChIJB9uOmYM3XhMRcG8fh_Xmz7o', 'Saturday', 0, 0, 0, 0, 0, 0, 0, 0, 5, 10, 0, 10, 15, 40, 50, 20, 15, 10, 10, 10, 20, 0, 0, 0),
('ChIJB9uOmYM3XhMRcG8fh_Xmz7o', 'Sunday', 0, 0, 0, 0, 0, 0, 0, 0, 0, 0, 0, 0, 0, 0, 0, 0, 0, 0, 0, 0, 0, 0, 0, 0),
('ChIJW42MUT03XhMRGUH6OjHcTac', 'Monday', 0, 0, 0, 0, 0, 0, 0, 15, 40, 75, 100, 100, 84, 75, 75, 78, 73, 61, 0, 0, 0, 0, 0, 0),
('ChIJW42MUT03XhMRGUH6OjHcTac', 'Tuesday', 0, 0, 0, 0, 0, 0, 0, 0, 0, 0, 0, 0, 0, 0, 0, 0, 0, 0, 0, 0, 0, 0, 0, 0),
('ChIJW42MUT03XhMRGUH6OjHcTac', 'Wednesday', 0, 0, 0, 0, 0, 0, 0, 15, 44, 81, 100, 87, 76, 81, 92, 92, 76, 56, 0, 0, 0, 0, 0, 0),
('ChIJW42MUT03XhMRGUH6OjHcTac', 'Thursday', 0, 0, 0, 0, 0, 0, 0, 16, 46, 78, 78, 64, 66, 75, 83, 84, 80, 69, 0, 0, 0, 0, 0, 0),
('ChIJW42MUT03XhMRGUH6OjHcTac', 'Friday', 0, 0, 0, 0, 0, 0, 0, 15, 36, 67, 76, 66, 61, 66, 69, 67, 63, 53, 0, 0, 0, 0, 0, 0),
('ChIJW42MUT03XhMRGUH6OjHcTac', 'Saturday', 0, 0, 0, 0, 0, 0, 0, 13, 23, 32, 43, 52, 56, 56, 52, 43, 0, 0, 0, 0, 0, 0, 0, 0),
('ChIJW42MUT03XhMRGUH6OjHcTac', 'Sunday', 0, 0, 0, 0, 0, 0, 0, 0, 0, 0, 0, 0, 0, 0, 0, 0, 0, 0, 0, 0, 0, 0, 0, 0),
('ChIJJU-orzo2XhMRWpzclnuGfzw', 'Monday', 0, 0, 0, 0, 0, 0, 0, 0, 0, 51, 80, 61, 44, 61, 76, 72, 51, 0, 0, 0, 0, 0, 0, 0),
('ChIJJU-orzo2XhMRWpzclnuGfzw', 'Tuesday', 0, 0, 0, 0, 0, 0, 0, 0, 0, 74, 72, 46, 57, 80, 89, 74, 46, 0, 0, 0, 0, 0, 0, 0),
('ChIJJU-orzo2XhMRWpzclnuGfzw', 'Wednesday', 0, 0, 0, 0, 0, 0, 0, 0, 0, 65, 80, 59, 72, 82, 82, 72, 55, 0, 0, 0, 0, 0, 0, 0),
('ChIJJU-orzo2XhMRWpzclnuGfzw', 'Thursday', 0, 0, 0, 0, 0, 0, 0, 0, 0, 63, 72, 34, 53, 80, 89, 68, 36, 0, 0, 0, 0, 0, 0, 0),
('ChIJJU-orzo2XhMRWpzclnuGfzw', 'Friday', 0, 0, 0, 0, 0, 0, 0, 0, 0, 72, 100, 51, 57, 78, 74, 48, 74, 0, 0, 0, 0, 0, 0, 0),
('ChIJJU-orzo2XhMRWpzclnuGfzw', 'Saturday', 0, 0, 0, 0, 0, 0, 0, 0, 0, 55, 76, 59, 48, 55, 72, 91, 85, 0, 0, 0, 0, 0, 0, 0),
('ChIJJU-orzo2XhMRWpzclnuGfzw', 'Sunday', 0, 0, 0, 0, 0, 0, 0, 0, 0, 0, 0, 0, 0, 0, 0, 0, 0, 0, 0, 0, 0, 0, 0, 0),
('ChIJfdC04No3XhMR8JrkZLvazh4', 'Monday', 0, 0, 0, 0, 0, 0, 0, 0, 0, 18, 36, 59, 68, 63, 50, 45, 63, 63, 40, 27, 22, 0, 0, 0),
('ChIJfdC04No3XhMR8JrkZLvazh4', 'Tuesday', 0, 0, 0, 0, 0, 0, 0, 0, 0, 18, 50, 81, 95, 77, 59, 50, 54, 63, 68, 59, 40, 0, 0, 0),
('ChIJfdC04No3XhMR8JrkZLvazh4', 'Wednesday', 0, 0, 0, 0, 0, 0, 0, 0, 0, 27, 68, 100, 95, 63, 36, 36, 54, 63, 50, 31, 13, 0, 0, 0),
('ChIJfdC04No3XhMR8JrkZLvazh4', 'Thursday', 0, 0, 0, 0, 0, 0, 0, 0, 0, 18, 40, 72, 86, 72, 45, 36, 54, 81, 95, 77, 45, 0, 0, 0),
('ChIJfdC04No3XhMR8JrkZLvazh4', 'Friday', 0, 0, 0, 0, 0, 0, 0, 0, 0, 22, 45, 72, 81, 63, 40, 22, 22, 36, 54, 54, 40, 0, 0, 0),
('ChIJfdC04No3XhMR8JrkZLvazh4', 'Saturday', 0, 0, 0, 0, 0, 0, 0, 0, 0, 18, 45, 59, 50, 40, 40, 0, 0, 0, 0, 0, 0, 0, 0, 0),
('ChIJfdC04No3XhMR8JrkZLvazh4', 'Sunday', 0, 0, 0, 0, 0, 0, 0, 0, 0, 0, 0, 0, 0, 0, 0, 0, 0, 0, 0, 0, 0, 0, 0, 0),
('ChIJMQP6EbU3XhMRBtsPNWT_DiQ', 'Monday', 0, 0, 0, 0, 0, 6, 17, 36, 60, 73, 78, 89, 100, 82, 45, 21, 19, 26, 36, 45, 47, 45, 36, 0),
('ChIJMQP6EbU3XhMRBtsPNWT_DiQ', 'Tuesday', 0, 0, 0, 0, 0, 15, 23, 32, 39, 47, 58, 69, 76, 71, 54, 32, 21, 23, 43, 60, 60, 41, 19, 0),
('ChIJMQP6EbU3XhMRBtsPNWT_DiQ', 'Wednesday', 0, 0, 0, 0, 0, 10, 21, 39, 58, 78, 91, 91, 78, 58, 39, 26, 23, 30, 45, 54, 54, 41, 23, 0),
('ChIJMQP6EbU3XhMRBtsPNWT_DiQ', 'Thursday', 0, 0, 0, 0, 0, 13, 21, 30, 41, 50, 56, 56, 54, 45, 36, 28, 23, 23, 28, 34, 36, 30, 19, 0),
('ChIJMQP6EbU3XhMRBtsPNWT_DiQ', 'Friday', 0, 0, 0, 0, 0, 10, 13, 19, 34, 54, 76, 86, 82, 63, 41, 28, 26, 36, 56, 67, 56, 36, 19, 0),
('ChIJMQP6EbU3XhMRBtsPNWT_DiQ', 'Saturday', 0, 0, 0, 0, 0, 10, 15, 19, 28, 39, 54, 67, 71, 65, 50, 39, 34, 36, 43, 50, 52, 47, 39, 0),
('ChIJMQP6EbU3XhMRBtsPNWT_DiQ', 'Sunday', 0, 0, 0, 0, 0, 8, 10, 17, 32, 56, 80, 86, 71, 45, 26, 17, 21, 39, 58, 60, 43, 23, 13, 0),
('ChIJRb9uAz43XhMRexZ2BgsH0cs', 'Monday', 61, 50, 50, 55, 77, 77, 83, 83, 77, 66, 50, 33, 27, 27, 38, 55, 77, 83, 83, 72, 61, 55, 61, 66),
('ChIJRb9uAz43XhMRexZ2BgsH0cs', 'Tuesday', 72, 72, 77, 72, 72, 88, 100, 100, 94, 83, 72, 66, 61, 61, 61, 61, 55, 55, 50, 38, 33, 27, 22, 22),
('ChIJRb9uAz43XhMRexZ2BgsH0cs', 'Wednesday', 22, 27, 38, 55, 55, 44, 38, 33, 33, 61, 94, 77, 38, 22, 27, 33, 38, 44, 50, 55, 61, 66, 72, 72),
('ChIJRb9uAz43XhMRexZ2BgsH0cs', 'Thursday', 72, 66, 66, 61, 77, 77, 77, 72, 72, 72, 66, 66, 61, 55, 44, 38, 38, 44, 50, 61, 61, 55, 44, 44),
('ChIJRb9uAz43XhMRexZ2BgsH0cs', 'Friday', 44, 55, 61, 72, 61, 61, 61, 55, 55, 50, 50, 44, 44, 38, 38, 38, 38, 38, 38, 44, 44, 50, 50, 55),
('ChIJRb9uAz43XhMRexZ2BgsH0cs', 'Saturday', 55, 61, 61, 61, 66, 77, 83, 88, 77, 66, 50, 44, 50, 55, 55, 55, 50, 50, 50, 55, 61, 72, 77, 77),
('ChIJRb9uAz43XhMRexZ2BgsH0cs', 'Sunday', 72, 66, 61, 61, 66, 72, 83, 83, 83, 83, 72, 61, 55, 55, 66, 66, 50, 44, 50, 66, 83, 88, 83, 72),
('ChIJ5-bc-wc3XhMRtRMtoIpDJDw', 'Monday', 46, 46, 46, 38, 38, 30, 23, 15, 15, 7, 15, 23, 30, 23, 15, 7, 15, 30, 53, 69, 61, 53, 46, 46),
('ChIJ5-bc-wc3XhMRtRMtoIpDJDw', 'Tuesday', 53, 53, 53, 46, 53, 46, 38, 30, 23, 15, 7, 7, 7, 7, 7, 15, 15, 23, 23, 30, 30, 30, 30, 38),
('ChIJ5-bc-wc3XhMRtRMtoIpDJDw', 'Wednesday', 38, 46, 46, 53, 30, 38, 38, 38, 23, 15, 7, 0, 7, 76, 7, 7, 7, 15, 15, 15, 0, 15, 15, 15),
('ChIJ5-bc-wc3XhMRtRMtoIpDJDw', 'Thursday', 15, 15, 23, 23, 46, 30, 15, 7, 0, 7, 7, 15, 23, 30, 23, 15, 15, 30, 61, 76, 69, 69, 76, 84),
('ChIJ5-bc-wc3XhMRtRMtoIpDJDw', 'Friday', 92, 92, 76, 61, 53, 76, 92, 100, 92, 69, 46, 23, 15, 0, 0, 0, 15, 46, 61, 30, 7, 7, 0, 7),
('ChIJ5-bc-wc3XhMRtRMtoIpDJDw', 'Saturday', 7, 15, 23, 30, 23, 30, 38, 46, 53, 53, 46, 38, 23, 15, 15, 15, 15, 23, 23, 30, 30, 38, 30, 30),
('ChIJ5-bc-wc3XhMRtRMtoIpDJDw', 'Sunday', 23, 23, 15, 15, 30, 30, 30, 30, 46, 53, 53, 38, 23, 0, 7, 7, 0, 0, 15, 23, 30, 38, 38, 46),
('ChIJYdZBLCY2XhMRZRAQwVO1aEg', 'Monday', 0, 0, 0, 0, 0, 0, 0, 0, 0, 0, 34, 46, 52, 49, 40, 33, 39, 56, 71, 66, 44, 0, 0, 0),
('ChIJYdZBLCY2XhMRZRAQwVO1aEg', 'Tuesday', 0, 0, 0, 0, 0, 0, 0, 0, 0, 0, 0, 0, 0, 0, 0, 0, 0, 0, 0, 0, 0, 0, 0, 0),
('ChIJYdZBLCY2XhMRZRAQwVO1aEg', 'Wednesday', 0, 0, 0, 0, 0, 0, 0, 0, 0, 0, 33, 43, 44, 41, 41, 40, 38, 45, 73, 88, 54, 0, 0, 0),
('ChIJYdZBLCY2XhMRZRAQwVO1aEg', 'Thursday', 0, 0, 0, 0, 0, 0, 0, 0, 0, 0, 28, 38, 42, 39, 30, 24, 29, 49, 68, 65, 41, 0, 0, 0),
('ChIJYdZBLCY2XhMRZRAQwVO1aEg', 'Friday', 0, 0, 0, 0, 0, 0, 0, 0, 0, 0, 33, 46, 46, 42, 39, 34, 31, 48, 78, 82, 49, 0, 0, 0),
('ChIJYdZBLCY2XhMRZRAQwVO1aEg', 'Saturday', 0, 0, 0, 0, 0, 0, 0, 0, 0, 17, 36, 58, 75, 75, 62, 52, 66, 96, 100, 64, 0, 0, 0, 0),
('ChIJYdZBLCY2XhMRZRAQwVO1aEg', 'Sunday', 0, 0, 0, 0, 0, 0, 0, 0, 0, 0, 0, 0, 0, 0, 0, 0, 0, 0, 0, 0, 0, 0, 0, 0),
('ChIJRbfvEiY2XhMRy1BekwIyAC4', 'Monday', 0, 0, 0, 0, 0, 0, 0, 11, 60, 100, 73, 63, 70, 61, 40, 21, 21, 28, 0, 0, 0, 0, 0, 0),
('ChIJRbfvEiY2XhMRy1BekwIyAC4', 'Tuesday', 0, 0, 0, 0, 0, 0, 0, 10, 31, 60, 61, 48, 46, 50, 50, 46, 38, 28, 0, 0, 0, 0, 0, 0),
('ChIJRbfvEiY2XhMRy1BekwIyAC4', 'Wednesday', 0, 0, 0, 0, 0, 0, 0, 8, 25, 50, 58, 51, 45, 46, 46, 41, 33, 25, 0, 0, 0, 0, 0, 0),
('ChIJRbfvEiY2XhMRy1BekwIyAC4', 'Thursday', 0, 0, 0, 0, 0, 0, 0, 5, 56, 96, 40, 48, 66, 73, 66, 51, 38, 30, 0, 0, 0, 0, 0, 0),
('ChIJRbfvEiY2XhMRy1BekwIyAC4', 'Friday', 0, 0, 0, 0, 0, 0, 0, 15, 31, 53, 65, 61, 46, 36, 31, 30, 28, 25, 0, 0, 0, 0, 0, 0),
('ChIJRbfvEiY2XhMRy1BekwIyAC4', 'Saturday', 0, 0, 0, 0, 0, 0, 0, 0, 0, 0, 0, 0, 0, 0, 0, 0, 0, 0, 0, 0, 0, 0, 0, 0),
('ChIJRbfvEiY2XhMRy1BekwIyAC4', 'Sunday', 0, 0, 0, 0, 0, 0, 0, 0, 0, 0, 0, 0, 0, 0, 0, 0, 0, 0, 0, 0, 0, 0, 0, 0),
('ChIJEzGdRic2XhMRYTCEu8QXinw', 'Monday', 0, 0, 0, 0, 0, 0, 30, 46, 54, 52, 45, 36, 33, 32, 33, 32, 30, 28, 25, 21, 16, 0, 0, 0),
('ChIJEzGdRic2XhMRYTCEu8QXinw', 'Tuesday', 0, 0, 0, 0, 0, 0, 54, 100, 83, 47, 42, 46, 45, 40, 36, 35, 32, 30, 26, 23, 19, 0, 0, 0),
('ChIJEzGdRic2XhMRYTCEu8QXinw', 'Wednesday', 0, 0, 0, 0, 0, 0, 38, 59, 66, 59, 57, 70, 70, 50, 35, 30, 29, 28, 25, 23, 19, 0, 0, 0),
('ChIJEzGdRic2XhMRYTCEu8QXinw', 'Thursday', 0, 0, 0, 0, 0, 0, 25, 47, 67, 74, 70, 71, 66, 46, 32, 30, 32, 30, 29, 25, 21, 0, 0, 0),
('ChIJEzGdRic2XhMRYTCEu8QXinw', 'Friday', 0, 0, 0, 0, 0, 0, 35, 46, 53, 57, 56, 52, 45, 38, 32, 29, 29, 28, 26, 23, 19, 0, 0, 0),
('ChIJEzGdRic2XhMRYTCEu8QXinw', 'Saturday', 0, 0, 0, 0, 0, 0, 36, 64, 56, 40, 56, 88, 88, 59, 38, 29, 25, 21, 15, 11, 8, 0, 0, 0),
('ChIJEzGdRic2XhMRYTCEu8QXinw', 'Sunday', 0, 0, 0, 0, 0, 0, 0, 0, 0, 0, 0, 15, 19, 18, 0, 0, 0, 0, 0, 0, 0, 0, 0, 0),
('ChIJlQzUWic2XhMRRj2o3g9QiWw', 'Monday', 0, 0, 0, 0, 0, 0, 0, 0, 0, 57, 80, 90, 82, 63, 42, 0, 0, 0, 0, 0, 0, 0, 0, 0),
('ChIJlQzUWic2XhMRRj2o3g9QiWw', 'Tuesday', 0, 0, 0, 0, 0, 0, 0, 0, 0, 46, 78, 100, 98, 75, 44, 0, 0, 0, 26, 25, 15, 0, 0, 0),
('ChIJlQzUWic2XhMRRj2o3g9QiWw', 'Wednesday', 0, 0, 0, 0, 0, 0, 0, 0, 0, 94, 65, 73, 92, 78, 44, 0, 0, 0, 0, 0, 0, 0, 0, 0),
('ChIJlQzUWic2XhMRRj2o3g9QiWw', 'Thursday', 0, 0, 0, 0, 0, 0, 0, 0, 0, 76, 84, 71, 75, 71, 44, 0, 0, 0, 34, 34, 21, 0, 0, 0),
('ChIJlQzUWic2XhMRRj2o3g9QiWw', 'Friday', 0, 0, 0, 0, 0, 0, 0, 0, 0, 67, 63, 55, 71, 67, 38, 0, 0, 0, 23, 23, 21, 0, 0, 0),
('ChIJlQzUWic2XhMRRj2o3g9QiWw', 'Saturday', 0, 0, 0, 0, 0, 0, 0, 0, 0, 23, 40, 48, 40, 15, 0, 0, 0, 0, 0, 0, 0, 0, 0, 0),
('ChIJlQzUWic2XhMRRj2o3g9QiWw', 'Sunday', 0, 0, 0, 0, 0, 0, 0, 0, 0, 0, 0, 0, 0, 0, 0, 0, 0, 0, 0, 0, 0, 0, 0, 0),
('ChIJWzSxwiY2XhMR0MLasqi7eJs', 'Monday', 0, 0, 0, 0, 0, 0, 0, 0, 0, 50, 95, 77, 59, 50, 0, 0, 0, 0, 0, 0, 0, 0, 0, 0),
('ChIJWzSxwiY2XhMR0MLasqi7eJs', 'Tuesday', 0, 0, 0, 0, 0, 0, 0, 0, 0, 40, 68, 77, 77, 81, 0, 0, 0, 18, 22, 22, 22, 0, 0, 0),
('ChIJWzSxwiY2XhMR0MLasqi7eJs', 'Wednesday', 0, 0, 0, 0, 0, 0, 0, 0, 0, 27, 59, 95, 100, 68, 0, 0, 0, 0, 0, 0, 0, 0, 0, 0),
('ChIJWzSxwiY2XhMR0MLasqi7eJs', 'Thursday', 0, 0, 0, 0, 0, 0, 0, 0, 0, 54, 72, 59, 59, 54, 0, 0, 0, 22, 40, 31, 9, 0, 0, 0),
('ChIJWzSxwiY2XhMR0MLasqi7eJs', 'Friday', 0, 0, 0, 0, 0, 0, 0, 0, 0, 40, 59, 50, 50, 40, 0, 0, 0, 4, 18, 27, 31, 0, 0, 0),
('ChIJWzSxwiY2XhMR0MLasqi7eJs', 'Saturday', 0, 0, 0, 0, 0, 0, 0, 0, 0, 0, 0, 0, 0, 0, 0, 0, 0, 0, 0, 0, 0, 0, 0, 0),
('ChIJWzSxwiY2XhMR0MLasqi7eJs', 'Sunday', 0, 0, 0, 0, 0, 0, 0, 0, 0, 0, 0, 0, 0, 0, 0, 0, 0, 0, 0, 0, 0, 0, 0, 0),
('ChIJaVrgkCU2XhMRvIk-RC18hoM', 'Monday', 0, 0, 0, 0, 0, 0, 9, 19, 36, 57, 78, 88, 82, 69, 53, 48, 51, 59, 61, 53, 40, 28, 0, 0),
('ChIJaVrgkCU2XhMRvIk-RC18hoM', 'Tuesday', 0, 0, 0, 0, 0, 0, 17, 25, 38, 53, 69, 76, 71, 57, 42, 32, 30, 36, 42, 44, 36, 25, 0, 0),
('ChIJaVrgkCU2XhMRvIk-RC18hoM', 'Wednesday', 0, 0, 0, 0, 0, 0, 7, 13, 23, 40, 59, 75, 76, 69, 57, 50, 53, 65, 75, 71, 55, 36, 0, 0),
('ChIJaVrgkCU2XhMRvIk-RC18hoM', 'Thursday', 0, 0, 0, 0, 0, 0, 11, 19, 28, 40, 50, 59, 61, 59, 51, 48, 55, 76, 100, 98, 67, 32, 0, 0),
('ChIJaVrgkCU2XhMRvIk-RC18hoM', 'Friday', 0, 0, 0, 0, 0, 0, 9, 13, 25, 36, 51, 59, 59, 53, 44, 40, 46, 55, 59, 51, 36, 21, 0, 0),
('ChIJaVrgkCU2XhMRvIk-RC18hoM', 'Saturday', 0, 0, 0, 0, 0, 0, 3, 11, 25, 48, 76, 96, 96, 82, 65, 53, 50, 46, 42, 36, 30, 25, 0, 0),
('ChIJaVrgkCU2XhMRvIk-RC18hoM', 'Sunday', 0, 0, 0, 0, 0, 0, 0, 0, 0, 0, 0, 0, 0, 0, 0, 0, 0, 0, 0, 0, 0, 0, 0, 0),
('ChIJf1c-xyU2XhMRQaIzEdB_B7k', 'Monday', 75, 75, 75, 66, 75, 66, 58, 50, 41, 33, 25, 33, 0, 41, 50, 66, 75, 83, 91, 91, 91, 83, 83, 75),
('ChIJf1c-xyU2XhMRQaIzEdB_B7k', 'Tuesday', 75, 75, 75, 75, 75, 75, 58, 50, 33, 25, 25, 25, 41, 50, 66, 66, 66, 66, 66, 66, 75, 75, 83, 75),
('ChIJf1c-xyU2XhMRQaIzEdB_B7k', 'Wednesday', 75, 66, 75, 75, 75, 75, 75, 75, 66, 66, 58, 50, 50, 50, 58, 66, 75, 83, 91, 91, 100, 91, 91, 91),
('ChIJf1c-xyU2XhMRQaIzEdB_B7k', 'Thursday', 83, 83, 75, 75, 75, 75, 75, 75, 75, 83, 83, 83, 83, 83, 83, 83, 83, 83, 83, 83, 83, 83, 83, 83),
('ChIJf1c-xyU2XhMRQaIzEdB_B7k', 'Friday', 75, 75, 75, 75, 66, 66, 66, 66, 66, 58, 50, 50, 41, 41, 41, 50, 58, 66, 66, 75, 75, 75, 75, 66),
('ChIJf1c-xyU2XhMRQaIzEdB_B7k', 'Saturday', 66, 66, 66, 66, 66, 66, 66, 66, 75, 75, 75, 75, 66, 66, 58, 58, 58, 50, 41, 41, 41, 50, 66, 75),
('ChIJf1c-xyU2XhMRQaIzEdB_B7k', 'Sunday', 75, 75, 75, 66, 66, 75, 75, 75, 75, 83, 83, 75, 75, 66, 58, 58, 50, 50, 50, 58, 58, 66, 66, 75),
('ChIJF-Rg6dI3XhMRMNxaFTBLchg', 'Monday', 0, 0, 0, 0, 0, 0, 22, 39, 55, 62, 57, 43, 28, 20, 19, 24, 30, 34, 37, 33, 27, 20, 0, 0),
('ChIJF-Rg6dI3XhMRMNxaFTBLchg', 'Tuesday', 0, 0, 0, 0, 0, 0, 8, 37, 66, 45, 21, 34, 50, 36, 18, 19, 32, 49, 60, 59, 46, 30, 0, 0),
('ChIJF-Rg6dI3XhMRMNxaFTBLchg', 'Wednesday', 0, 0, 0, 0, 0, 0, 20, 38, 63, 86, 100, 95, 77, 53, 31, 20, 20, 30, 43, 49, 45, 32, 0, 0),
('ChIJF-Rg6dI3XhMRMNxaFTBLchg', 'Thursday', 0, 0, 0, 0, 0, 0, 4, 26, 63, 60, 28, 26, 37, 33, 25, 25, 31, 37, 42, 42, 39, 34, 0, 0),
('ChIJF-Rg6dI3XhMRMNxaFTBLchg', 'Friday', 0, 0, 0, 0, 0, 0, 13, 31, 59, 72, 56, 34, 26, 25, 27, 30, 37, 46, 54, 55, 45, 32, 0, 0),
('ChIJF-Rg6dI3XhMRMNxaFTBLchg', 'Saturday', 0, 0, 0, 0, 0, 0, 14, 19, 27, 36, 45, 50, 50, 43, 32, 24, 19, 21, 28, 34, 34, 26, 0, 0),
('ChIJF-Rg6dI3XhMRMNxaFTBLchg', 'Sunday', 0, 0, 0, 0, 0, 0, 4, 7, 13, 22, 30, 31, 25, 18, 15, 18, 20, 22, 22, 20, 15, 10, 0, 0),
('ChIJ0We6ISc2XhMR0JstwP2xC6s', 'Monday', 0, 0, 0, 0, 0, 0, 0, 0, 29, 61, 91, 93, 70, 53, 48, 46, 0, 0, 0, 0, 0, 0, 0, 0),
('ChIJ0We6ISc2XhMR0JstwP2xC6s', 'Tuesday', 0, 0, 0, 0, 0, 0, 0, 0, 23, 63, 100, 91, 70, 61, 53, 42, 0, 0, 0, 0, 0, 0, 0, 0),
('ChIJ0We6ISc2XhMR0JstwP2xC6s', 'Wednesday', 0, 0, 0, 0, 0, 0, 0, 0, 21, 55, 91, 97, 74, 48, 42, 44, 0, 0, 0, 0, 0, 0, 0, 0),
('ChIJ0We6ISc2XhMR0JstwP2xC6s', 'Thursday', 0, 0, 0, 0, 0, 0, 0, 0, 31, 63, 87, 80, 65, 55, 51, 44, 0, 0, 0, 0, 0, 0, 0, 0),
('ChIJ0We6ISc2XhMR0JstwP2xC6s', 'Friday', 0, 0, 0, 0, 0, 0, 0, 0, 25, 61, 82, 74, 63, 61, 53, 40, 0, 0, 0, 0, 0, 0, 0, 0),
('ChIJ0We6ISc2XhMR0JstwP2xC6s', 'Saturday', 0, 0, 0, 0, 0, 0, 0, 0, 0, 0, 0, 0, 0, 0, 0, 0, 0, 0, 0, 0, 0, 0, 0, 0),
('ChIJ0We6ISc2XhMR0JstwP2xC6s', 'Sunday', 0, 0, 0, 0, 0, 0, 0, 0, 0, 0, 0, 0, 0, 0, 0, 0, 0, 0, 0, 0, 0, 0, 0, 0),
('ChIJhVyNxiU2XhMR-047iPt8FPY', 'Monday', 0, 0, 0, 0, 0, 0, 0, 0, 3, 38, 96, 80, 69, 65, 30, 0, 0, 0, 0, 0, 0, 0, 0, 0),
('ChIJhVyNxiU2XhMR-047iPt8FPY', 'Tuesday', 0, 0, 0, 0, 0, 0, 0, 0, 11, 26, 46, 61, 61, 50, 34, 0, 0, 34, 38, 38, 34, 0, 0, 0),
('ChIJhVyNxiU2XhMR-047iPt8FPY', 'Wednesday', 0, 0, 0, 0, 0, 0, 0, 0, 15, 42, 57, 61, 76, 80, 57, 0, 0, 0, 0, 0, 0, 0, 0, 0),
('ChIJhVyNxiU2XhMR-047iPt8FPY', 'Thursday', 0, 0, 0, 0, 0, 0, 0, 0, 3, 11, 38, 69, 84, 61, 30, 0, 0, 38, 50, 53, 50, 0, 0, 0),
('ChIJhVyNxiU2XhMR-047iPt8FPY', 'Friday', 0, 0, 0, 0, 0, 0, 0, 0, 15, 34, 65, 96, 100, 73, 38, 0, 0, 7, 23, 30, 19, 0, 0, 0),
('ChIJhVyNxiU2XhMR-047iPt8FPY', 'Saturday', 0, 0, 0, 0, 0, 0, 0, 0, 3, 7, 19, 34, 53, 61, 53, 0, 0, 0, 0, 0, 0, 0, 0, 0),
('ChIJhVyNxiU2XhMR-047iPt8FPY', 'Sunday', 0, 0, 0, 0, 0, 0, 0, 0, 0, 0, 0, 0, 0, 0, 0, 0, 0, 0, 0, 0, 0, 0, 0, 0),
('ChIJMSeG8hk2XhMRRhwsF8fhP3Y', 'Monday', 0, 0, 0, 0, 0, 0, 0, 0, 0, 0, 7, 14, 11, 3, 0, 0, 0, 14, 18, 14, 7, 0, 0, 0),
('ChIJMSeG8hk2XhMRRhwsF8fhP3Y', 'Tuesday', 0, 0, 0, 0, 0, 0, 0, 0, 0, 0, 18, 29, 33, 29, 0, 0, 0, 7, 14, 14, 7, 0, 0, 0),
('ChIJMSeG8hk2XhMRRhwsF8fhP3Y', 'Wednesday', 0, 0, 0, 0, 0, 0, 0, 0, 0, 0, 51, 62, 48, 25, 0, 0, 0, 14, 14, 11, 3, 0, 0, 0),
('ChIJMSeG8hk2XhMRRhwsF8fhP3Y', 'Thursday', 0, 0, 0, 0, 0, 0, 0, 0, 0, 0, 33, 40, 33, 18, 0, 0, 0, 44, 55, 51, 40, 0, 0, 0),
('ChIJMSeG8hk2XhMRRhwsF8fhP3Y', 'Friday', 0, 0, 0, 0, 0, 0, 0, 0, 0, 0, 70, 100, 81, 37, 0, 0, 0, 18, 22, 22, 14, 0, 0, 0),
('ChIJMSeG8hk2XhMRRhwsF8fhP3Y', 'Saturday', 0, 0, 0, 0, 0, 0, 0, 0, 0, 25, 40, 55, 55, 44, 0, 0, 0, 0, 0, 0, 0, 0, 0, 0),
('ChIJMSeG8hk2XhMRRhwsF8fhP3Y', 'Sunday', 0, 0, 0, 0, 0, 0, 0, 0, 0, 0, 0, 0, 0, 0, 0, 0, 0, 0, 0, 0, 0, 0, 0, 0),
('ChIJqXT_xCU2XhMRc5ulGeOpCoc', 'Monday', 0, 0, 0, 0, 0, 0, 16, 33, 54, 71, 77, 73, 66, 63, 62, 61, 59, 56, 53, 50, 47, 0, 0, 0),
('ChIJqXT_xCU2XhMRc5ulGeOpCoc', 'Tuesday', 0, 0, 0, 0, 0, 0, 21, 84, 53, 47, 62, 71, 72, 69, 66, 65, 67, 69, 68, 64, 56, 0, 0, 0),
('ChIJqXT_xCU2XhMRc5ulGeOpCoc', 'Wednesday', 0, 0, 0, 0, 0, 0, 13, 53, 95, 85, 75, 86, 93, 89, 77, 64, 55, 51, 50, 49, 46, 0, 0, 0),
('ChIJqXT_xCU2XhMRc5ulGeOpCoc', 'Thursday', 0, 0, 0, 0, 0, 0, 15, 33, 53, 66, 68, 68, 72, 77, 80, 79, 76, 71, 64, 57, 49, 0, 0, 0),
('ChIJqXT_xCU2XhMRc5ulGeOpCoc', 'Friday', 0, 0, 0, 0, 0, 0, 17, 54, 95, 93, 69, 61, 65, 69, 70, 70, 72, 73, 74, 71, 64, 0, 0, 0),
('ChIJqXT_xCU2XhMRc5ulGeOpCoc', 'Saturday', 0, 0, 0, 0, 0, 0, 11, 29, 49, 58, 61, 72, 90, 100, 95, 80, 67, 61, 60, 60, 57, 0, 0, 0),
('ChIJqXT_xCU2XhMRc5ulGeOpCoc', 'Sunday', 0, 0, 0, 0, 0, 0, 9, 16, 24, 34, 42, 48, 50, 0, 0, 0, 0, 0, 0, 0, 0, 0, 0, 0),
('ChIJWz0kmCU2XhMR4zd8MYHwoOQ', 'Monday', 0, 0, 0, 0, 0, 0, 0, 0, 40, 77, 37, 51, 85, 100, 77, 40, 14, 0, 0, 0, 0, 0, 0, 0),
('ChIJWz0kmCU2XhMR4zd8MYHwoOQ', 'Tuesday', 0, 0, 0, 0, 0, 0, 0, 0, 37, 51, 66, 92, 100, 88, 59, 33, 14, 0, 0, 0, 0, 0, 0, 0),
('ChIJWz0kmCU2XhMR4zd8MYHwoOQ', 'Wednesday', 0, 0, 0, 0, 0, 0, 0, 0, 29, 48, 62, 74, 74, 66, 51, 33, 18, 0, 0, 0, 0, 0, 0, 0),
('ChIJWz0kmCU2XhMR4zd8MYHwoOQ', 'Thursday', 0, 0, 0, 0, 0, 0, 0, 0, 33, 51, 62, 66, 55, 37, 48, 55, 14, 0, 0, 0, 0, 0, 0, 0),
('ChIJWz0kmCU2XhMR4zd8MYHwoOQ', 'Friday', 0, 0, 0, 0, 0, 0, 0, 0, 33, 66, 55, 48, 48, 44, 48, 44, 14, 0, 0, 0, 0, 0, 0, 0),
('ChIJWz0kmCU2XhMR4zd8MYHwoOQ', 'Saturday', 0, 0, 0, 0, 0, 0, 0, 0, 33, 55, 59, 81, 62, 25, 7, 0, 0, 0, 0, 0, 0, 0, 0, 0),
('ChIJWz0kmCU2XhMR4zd8MYHwoOQ', 'Sunday', 0, 0, 0, 0, 0, 0, 0, 0, 0, 0, 0, 0, 0, 0, 0, 0, 0, 0, 0, 0, 0, 0, 0, 0),
('ChIJA8XmnCc2XhMRoA2h45hqTg4', 'Monday', 0, 0, 0, 0, 0, 0, 0, 0, 0, 17, 52, 82, 76, 47, 17, 0, 0, 0, 0, 0, 0, 0, 0, 0),
('ChIJA8XmnCc2XhMRoA2h45hqTg4', 'Tuesday', 0, 0, 0, 0, 0, 0, 0, 0, 0, 35, 58, 70, 58, 35, 17, 0, 0, 23, 76, 70, 100, 0, 0, 0),
('ChIJA8XmnCc2XhMRoA2h45hqTg4', 'Wednesday', 0, 0, 0, 0, 0, 0, 0, 0, 0, 23, 52, 76, 76, 58, 29, 0, 0, 0, 0, 0, 0, 0, 0, 0),
('ChIJA8XmnCc2XhMRoA2h45hqTg4', 'Thursday', 0, 0, 0, 0, 0, 0, 0, 0, 0, 29, 47, 58, 58, 47, 35, 0, 0, 35, 35, 35, 35, 0, 0, 0),
('ChIJA8XmnCc2XhMRoA2h45hqTg4', 'Friday', 0, 0, 0, 0, 0, 0, 0, 0, 0, 41, 76, 88, 58, 29, 11, 0, 0, 29, 35, 29, 17, 0, 0, 0),
('ChIJA8XmnCc2XhMRoA2h45hqTg4', 'Saturday', 0, 0, 0, 0, 0, 0, 0, 0, 0, 0, 0, 0, 0, 0, 0, 0, 0, 0, 0, 0, 0, 0, 0, 0),
('ChIJA8XmnCc2XhMRoA2h45hqTg4', 'Sunday', 0, 0, 0, 0, 0, 0, 0, 0, 0, 0, 0, 0, 0, 0, 0, 0, 0, 0, 0, 0, 0, 0, 0, 0),
('ChIJw3Fe5Cc2XhMRHcQgQkfA6ok', 'Monday', 0, 0, 0, 0, 0, 0, 0, 0, 0, 71, 100, 75, 57, 72, 80, 69, 71, 0, 0, 0, 0, 0, 0, 0),
('ChIJw3Fe5Cc2XhMRHcQgQkfA6ok', 'Tuesday', 0, 0, 0, 0, 0, 0, 0, 0, 0, 68, 87, 86, 70, 57, 60, 71, 73, 0, 0, 0, 0, 0, 0, 0),
('ChIJw3Fe5Cc2XhMRHcQgQkfA6ok', 'Wednesday', 0, 0, 0, 0, 0, 0, 0, 0, 0, 58, 71, 60, 56, 74, 89, 84, 82, 0, 0, 0, 0, 0, 0, 0),
('ChIJw3Fe5Cc2XhMRHcQgQkfA6ok', 'Thursday', 0, 0, 0, 0, 0, 0, 0, 0, 0, 59, 79, 82, 70, 59, 61, 69, 68, 0, 0, 0, 0, 0, 0, 0),
('ChIJw3Fe5Cc2XhMRHcQgQkfA6ok', 'Friday', 0, 0, 0, 0, 0, 0, 0, 0, 0, 62, 81, 68, 71, 93, 93, 70, 57, 0, 0, 0, 0, 0, 0, 0),
('ChIJw3Fe5Cc2XhMRHcQgQkfA6ok', 'Saturday', 0, 0, 0, 0, 0, 0, 0, 0, 0, 20, 26, 24, 24, 27, 0, 0, 0, 0, 0, 0, 0, 0, 0, 0),
('ChIJw3Fe5Cc2XhMRHcQgQkfA6ok', 'Sunday', 0, 0, 0, 0, 0, 0, 0, 0, 0, 0, 0, 0, 0, 0, 0, 0, 0, 0, 0, 0, 0, 0, 0, 0),
('ChIJGYPtKyY2XhMRDq5n0hrb108', 'Monday', 0, 0, 0, 0, 0, 0, 0, 0, 0, 0, 32, 43, 48, 46, 39, 34, 36, 46, 60, 68, 64, 0, 0, 0),
('ChIJGYPtKyY2XhMRDq5n0hrb108', 'Tuesday', 0, 0, 0, 0, 0, 0, 0, 0, 0, 0, 0, 0, 0, 0, 0, 0, 0, 0, 0, 0, 0, 0, 0, 0),
('ChIJGYPtKyY2XhMRDq5n0hrb108', 'Wednesday', 0, 0, 0, 0, 0, 0, 0, 0, 0, 0, 32, 41, 46, 43, 35, 28, 28, 42, 62, 75, 69, 0, 0, 0),
('ChIJGYPtKyY2XhMRDq5n0hrb108', 'Thursday', 0, 0, 0, 0, 0, 0, 0, 0, 0, 0, 25, 36, 42, 42, 36, 30, 31, 41, 58, 71, 72, 0, 0, 0),
('ChIJGYPtKyY2XhMRDq5n0hrb108', 'Friday', 0, 0, 0, 0, 0, 0, 0, 0, 0, 0, 27, 34, 39, 44, 41, 32, 28, 39, 60, 76, 76, 0, 0, 0),
('ChIJGYPtKyY2XhMRDq5n0hrb108', 'Saturday', 0, 0, 0, 0, 0, 0, 0, 0, 0, 11, 25, 43, 58, 63, 57, 48, 49, 65, 88, 100, 0, 0, 0, 0),
('ChIJGYPtKyY2XhMRDq5n0hrb108', 'Sunday', 0, 0, 0, 0, 0, 0, 0, 0, 0, 0, 0, 0, 0, 0, 0, 0, 0, 0, 0, 0, 0, 0, 0, 0),
('ChIJSxcz2FI2XhMRkB05AbcRmlI', 'Monday', 0, 0, 0, 0, 0, 0, 0, 0, 0, 0, 0, 3, 0, 0, 7, 0, 10, 17, 42, 64, 50, 0, 0, 0),
('ChIJSxcz2FI2XhMRkB05AbcRmlI', 'Tuesday', 0, 0, 0, 0, 0, 0, 0, 0, 0, 10, 17, 21, 17, 10, 7, 0, 32, 64, 67, 60, 42, 0, 0, 0),
('ChIJSxcz2FI2XhMRkB05AbcRmlI', 'Wednesday', 0, 0, 0, 0, 0, 0, 0, 0, 0, 0, 0, 0, 0, 0, 7, 14, 25, 35, 67, 100, 78, 0, 0, 0),
('ChIJSxcz2FI2XhMRkB05AbcRmlI', 'Thursday', 0, 0, 0, 0, 0, 0, 0, 0, 0, 0, 0, 0, 0, 3, 3, 17, 42, 67, 75, 57, 28, 0, 0, 0),
('ChIJSxcz2FI2XhMRkB05AbcRmlI', 'Friday', 0, 0, 0, 0, 0, 0, 0, 0, 0, 0, 0, 0, 0, 3, 10, 25, 46, 57, 50, 35, 17, 0, 0, 0),
('ChIJSxcz2FI2XhMRkB05AbcRmlI', 'Saturday', 0, 0, 0, 0, 0, 0, 0, 0, 0, 0, 0, 0, 0, 0, 0, 0, 0, 0, 0, 0, 0, 0, 0, 0),
('ChIJSxcz2FI2XhMRkB05AbcRmlI', 'Sunday', 0, 0, 0, 0, 0, 0, 0, 0, 0, 0, 0, 0, 0, 0, 0, 0, 0, 0, 0, 0, 0, 0, 0, 0),
('ChIJK2mtFN9JXhMRQgGlzRIXc6k', 'Monday', 0, 0, 0, 0, 0, 0, 0, 0, 0, 0, 0, 0, 0, 0, 0, 0, 0, 35, 71, 94, 83, 50, 0, 0),
('ChIJK2mtFN9JXhMRQgGlzRIXc6k', 'Tuesday', 0, 0, 0, 0, 0, 0, 0, 0, 0, 0, 0, 0, 0, 0, 0, 0, 0, 45, 51, 22, 35, 40, 0, 0),
('ChIJK2mtFN9JXhMRQgGlzRIXc6k', 'Wednesday', 0, 0, 0, 0, 0, 0, 0, 0, 0, 0, 0, 0, 0, 0, 0, 0, 0, 46, 81, 100, 85, 51, 0, 0),
('ChIJK2mtFN9JXhMRQgGlzRIXc6k', 'Thursday', 0, 0, 0, 0, 0, 0, 0, 0, 0, 0, 0, 0, 0, 0, 0, 0, 0, 32, 47, 48, 39, 41, 0, 0),
('ChIJK2mtFN9JXhMRQgGlzRIXc6k', 'Friday', 0, 0, 0, 0, 0, 0, 0, 0, 0, 0, 0, 0, 0, 0, 0, 0, 0, 48, 61, 56, 37, 18, 0, 0),
('ChIJK2mtFN9JXhMRQgGlzRIXc6k', 'Saturday', 0, 0, 0, 0, 0, 0, 0, 0, 0, 0, 0, 0, 0, 0, 0, 0, 0, 0, 0, 0, 0, 0, 0, 0),
('ChIJK2mtFN9JXhMRQgGlzRIXc6k', 'Sunday', 0, 0, 0, 0, 0, 0, 0, 0, 0, 0, 0, 0, 0, 0, 0, 0, 0, 0, 0, 0, 0, 0, 0, 0),
('ChIJYQIxGyE2XhMRupS59ERDUNc', 'Monday', 0, 0, 0, 0, 0, 0, 0, 0, 19, 44, 71, 89, 88, 73, 57, 52, 58, 67, 70, 62, 46, 0, 0, 0),
('ChIJYQIxGyE2XhMRupS59ERDUNc', 'Tuesday', 0, 0, 0, 0, 0, 0, 0, 0, 25, 42, 61, 77, 86, 85, 74, 60, 52, 56, 65, 62, 43, 0, 0, 0),
('ChIJYQIxGyE2XhMRupS59ERDUNc', 'Wednesday', 0, 0, 0, 0, 0, 0, 0, 0, 26, 46, 68, 86, 92, 82, 65, 52, 50, 59, 68, 66, 50, 0, 0, 0),
('ChIJYQIxGyE2XhMRupS59ERDUNc', 'Thursday', 0, 0, 0, 0, 0, 0, 0, 0, 21, 41, 65, 82, 82, 69, 51, 41, 40, 45, 48, 43, 32, 0, 0, 0),
('ChIJYQIxGyE2XhMRupS59ERDUNc', 'Friday', 0, 0, 0, 0, 0, 0, 0, 0, 17, 37, 61, 80, 83, 72, 54, 45, 50, 63, 72, 66, 49, 0, 0, 0),
('ChIJYQIxGyE2XhMRupS59ERDUNc', 'Saturday', 0, 0, 0, 0, 0, 0, 0, 0, 23, 47, 74, 94, 100, 89, 66, 45, 38, 51, 64, 54, 0, 0, 0, 0),
('ChIJYQIxGyE2XhMRupS59ERDUNc', 'Sunday', 0, 0, 0, 0, 0, 0, 0, 0, 0, 0, 0, 0, 0, 0, 0, 0, 0, 0, 0, 0, 0, 0, 0, 0),
('ChIJoZu2ICE2XhMRaYhwPdvHLkY', 'Monday', 0, 0, 0, 0, 0, 0, 0, 0, 48, 92, 100, 82, 78, 80, 65, 0, 0, 0, 0, 0, 0, 0, 0, 0),
('ChIJoZu2ICE2XhMRaYhwPdvHLkY', 'Tuesday', 0, 0, 0, 0, 0, 0, 0, 0, 0, 0, 0, 0, 0, 0, 0, 0, 0, 0, 0, 0, 0, 0, 0, 0),
('ChIJoZu2ICE2XhMRaYhwPdvHLkY', 'Wednesday', 0, 0, 0, 0, 0, 0, 0, 0, 41, 75, 70, 75, 87, 82, 63, 0, 0, 0, 0, 0, 0, 0, 0, 0),
('ChIJoZu2ICE2XhMRaYhwPdvHLkY', 'Thursday', 0, 0, 0, 0, 0, 0, 0, 0, 17, 48, 75, 70, 56, 73, 58, 0, 0, 14, 36, 46, 31, 0, 0, 0),
('ChIJoZu2ICE2XhMRaYhwPdvHLkY', 'Friday', 0, 0, 0, 0, 0, 0, 0, 0, 9, 34, 56, 51, 53, 73, 46, 0, 0, 26, 34, 36, 34, 0, 0, 0),
('ChIJoZu2ICE2XhMRaYhwPdvHLkY', 'Saturday', 0, 0, 0, 0, 0, 0, 0, 0, 21, 90, 100, 60, 63, 60, 48, 0, 0, 0, 0, 0, 0, 0, 0, 0),
('ChIJoZu2ICE2XhMRaYhwPdvHLkY', 'Sunday', 0, 0, 0, 0, 0, 0, 0, 0, 0, 0, 0, 0, 0, 0, 0, 0, 0, 0, 0, 0, 0, 0, 0, 0),
('ChIJpxBoqb43XhMRPoXjQGIk2C0', 'Monday', 0, 0, 0, 0, 0, 0, 0, 0, 0, 0, 0, 0, 0, 0, 0, 0, 0, 20, 40, 53, 43, 0, 0, 0),
('ChIJpxBoqb43XhMRPoXjQGIk2C0', 'Tuesday', 0, 0, 0, 0, 0, 0, 0, 0, 0, 23, 40, 56, 56, 40, 0, 0, 0, 46, 73, 83, 70, 0, 0, 0),
('ChIJpxBoqb43XhMRPoXjQGIk2C0', 'Wednesday', 0, 0, 0, 0, 0, 0, 0, 0, 0, 30, 56, 70, 63, 43, 0, 0, 0, 0, 0, 0, 0, 0, 0, 0),
('ChIJpxBoqb43XhMRPoXjQGIk2C0', 'Thursday', 0, 0, 0, 0, 0, 0, 0, 0, 0, 0, 0, 33, 26, 33, 43, 50, 53, 53, 56, 60, 46, 0, 0, 0),
('ChIJpxBoqb43XhMRPoXjQGIk2C0', 'Friday', 0, 0, 0, 0, 0, 0, 0, 0, 0, 23, 60, 80, 53, 20, 0, 0, 0, 36, 56, 56, 36, 0, 0, 0),
('ChIJpxBoqb43XhMRPoXjQGIk2C0', 'Saturday', 0, 0, 0, 0, 0, 0, 0, 0, 0, 50, 100, 76, 43, 43, 46, 36, 0, 0, 0, 0, 0, 0, 0, 0),
('ChIJpxBoqb43XhMRPoXjQGIk2C0', 'Sunday', 0, 0, 0, 0, 0, 0, 0, 0, 0, 0, 0, 0, 0, 0, 0, 0, 0, 0, 0, 0, 0, 0, 0, 0),
('ChIJCdQRw0Y3XhMRHeQx2bwPEAw', 'Monday', 0, 0, 0, 0, 0, 0, 0, 10, 10, 19, 53, 95, 91, 48, 25, 21, 25, 29, 34, 36, 40, 42, 42, 42),
('ChIJCdQRw0Y3XhMRHeQx2bwPEAw', 'Tuesday', 0, 0, 0, 0, 0, 0, 0, 14, 19, 42, 76, 82, 53, 25, 19, 21, 25, 29, 34, 38, 40, 42, 44, 42),
('ChIJCdQRw0Y3XhMRHeQx2bwPEAw', 'Wednesday', 0, 0, 0, 0, 0, 0, 0, 10, 21, 51, 80, 85, 57, 25, 8, 4, 8, 8, 12, 21, 29, 40, 48, 55),
('ChIJCdQRw0Y3XhMRHeQx2bwPEAw', 'Thursday', 0, 0, 0, 0, 0, 0, 0, 29, 40, 51, 55, 53, 44, 34, 23, 23, 25, 23, 19, 19, 27, 36, 44, 48),
('ChIJCdQRw0Y3XhMRHeQx2bwPEAw', 'Friday', 0, 0, 0, 0, 0, 0, 0, 6, 12, 48, 93, 80, 31, 10, 12, 23, 31, 40, 46, 46, 46, 46, 48, 55),
('ChIJCdQRw0Y3XhMRHeQx2bwPEAw', 'Saturday', 0, 0, 0, 0, 0, 0, 0, 25, 27, 34, 55, 85, 93, 72, 44, 29, 27, 25, 25, 29, 40, 68, 85, 68),
('ChIJCdQRw0Y3XhMRHeQx2bwPEAw', 'Sunday', 0, 0, 0, 0, 0, 0, 0, 29, 34, 55, 89, 100, 76, 44, 29, 27, 27, 27, 27, 27, 29, 29, 29, 29),
('ChIJ6-g47SM2XhMRoBC9mS6dkKE', 'Monday', 10, 0, 0, 0, 0, 0, 0, 15, 20, 24, 29, 32, 33, 32, 31, 28, 31, 40, 54, 64, 63, 49, 29, 14),
('ChIJ6-g47SM2XhMRoBC9mS6dkKE', 'Tuesday', 6, 3, 0, 0, 0, 0, 0, 18, 22, 27, 32, 35, 37, 38, 37, 35, 31, 27, 25, 35, 53, 67, 59, 35),
('ChIJ6-g47SM2XhMRoBC9mS6dkKE', 'Wednesday', 15, 5, 0, 0, 0, 0, 0, 18, 24, 31, 36, 40, 42, 42, 40, 36, 35, 42, 59, 79, 84, 67, 40, 18),
('ChIJ6-g47SM2XhMRoBC9mS6dkKE', 'Thursday', 6, 2, 0, 0, 0, 0, 0, 19, 25, 33, 42, 51, 59, 61, 51, 37, 29, 36, 59, 87, 98, 83, 51, 24),
('ChIJ6-g47SM2XhMRoBC9mS6dkKE', 'Friday', 9, 2, 0, 0, 0, 0, 0, 15, 20, 25, 31, 33, 35, 33, 29, 25, 20, 19, 28, 49, 72, 72, 49, 22),
('ChIJ6-g47SM2XhMRoBC9mS6dkKE', 'Saturday', 6, 2, 0, 0, 0, 0, 0, 0, 0, 0, 0, 0, 0, 0, 0, 0, 0, 0, 0, 88, 100, 93, 71, 44),
('ChIJ6-g47SM2XhMRoBC9mS6dkKE', 'Sunday', 22, 9, 0, 0, 0, 0, 0, 0, 0, 0, 0, 0, 0, 0, 0, 0, 0, 0, 0, 75, 83, 71, 48, 24),
('ChIJpYe_5iM2XhMRxwCviSFImLA', 'Monday', 0, 0, 0, 0, 0, 0, 0, 16, 29, 43, 52, 54, 49, 36, 25, 20, 18, 18, 16, 14, 0, 0, 0, 0),
('ChIJpYe_5iM2XhMRxwCviSFImLA', 'Tuesday', 0, 0, 0, 0, 0, 0, 0, 9, 18, 32, 47, 54, 49, 34, 20, 10, 16, 36, 49, 29, 0, 0, 0, 0),
('ChIJpYe_5iM2XhMRxwCviSFImLA', 'Wednesday', 0, 0, 0, 0, 0, 0, 0, 18, 32, 58, 83, 87, 63, 36, 21, 21, 25, 27, 27, 25, 0, 0, 0, 0),
('ChIJpYe_5iM2XhMRxwCviSFImLA', 'Thursday', 0, 0, 0, 0, 0, 0, 0, 16, 23, 21, 29, 38, 40, 32, 20, 9, 7, 12, 21, 23, 0, 0, 0, 0),
('ChIJpYe_5iM2XhMRxwCviSFImLA', 'Friday', 0, 0, 0, 0, 0, 0, 0, 25, 25, 20, 27, 49, 43, 21, 14, 16, 18, 18, 18, 16, 0, 0, 0, 0),
('ChIJpYe_5iM2XhMRxwCviSFImLA', 'Saturday', 0, 0, 0, 0, 0, 0, 0, 10, 21, 50, 92, 100, 65, 38, 29, 25, 23, 0, 0, 0, 0, 0, 0, 0),
('ChIJpYe_5iM2XhMRxwCviSFImLA', 'Sunday', 0, 0, 0, 0, 0, 0, 0, 0, 0, 0, 0, 0, 0, 0, 0, 0, 0, 0, 0, 0, 0, 0, 0, 0),
('ChIJhTC7IiA2XhMRDXXA5keTbkU', 'Monday', 0, 0, 0, 0, 0, 0, 24, 37, 55, 75, 91, 98, 94, 82, 68, 56, 50, 50, 51, 55, 56, 56, 0, 0),
('ChIJhTC7IiA2XhMRDXXA5keTbkU', 'Tuesday', 0, 0, 0, 0, 0, 0, 25, 37, 55, 74, 89, 98, 98, 89, 75, 63, 58, 68, 84, 94, 84, 63, 0, 0),
('ChIJhTC7IiA2XhMRDXXA5keTbkU', 'Wednesday', 0, 0, 0, 0, 0, 0, 6, 15, 34, 56, 72, 81, 84, 72, 48, 34, 36, 48, 62, 72, 79, 81, 0, 0),
('ChIJhTC7IiA2XhMRDXXA5keTbkU', 'Thursday', 0, 0, 0, 0, 0, 0, 15, 24, 37, 53, 68, 81, 86, 84, 75, 65, 56, 63, 84, 100, 93, 67, 0, 0),
('ChIJhTC7IiA2XhMRDXXA5keTbkU', 'Friday', 0, 0, 0, 0, 0, 0, 17, 29, 43, 56, 74, 91, 100, 89, 68, 51, 46, 50, 58, 63, 67, 65, 0, 0),
('ChIJhTC7IiA2XhMRDXXA5keTbkU', 'Saturday', 0, 0, 0, 0, 0, 0, 8, 15, 25, 39, 53, 63, 67, 63, 55, 44, 39, 43, 55, 68, 74, 65, 0, 0),
('ChIJhTC7IiA2XhMRDXXA5keTbkU', 'Sunday', 0, 0, 0, 0, 0, 0, 29, 41, 53, 62, 67, 67, 60, 50, 41, 36, 32, 34, 39, 44, 48, 50, 0, 0),
('ChIJZSZOWxk2XhMRx_ZGHpVteCc', 'Monday', 0, 0, 0, 0, 0, 0, 0, 26, 54, 73, 71, 69, 91, 89, 43, 0, 0, 0, 0, 0, 0, 0, 0, 0),
('ChIJZSZOWxk2XhMRx_ZGHpVteCc', 'Tuesday', 0, 0, 0, 0, 0, 0, 0, 24, 46, 72, 93, 99, 85, 61, 36, 0, 0, 28, 50, 66, 61, 0, 0, 0),
('ChIJZSZOWxk2XhMRx_ZGHpVteCc', 'Wednesday', 0, 0, 0, 0, 0, 0, 0, 26, 45, 67, 85, 92, 85, 67, 45, 0, 0, 0, 0, 0, 0, 0, 0, 0),
('ChIJZSZOWxk2XhMRx_ZGHpVteCc', 'Thursday', 0, 0, 0, 0, 0, 0, 0, 21, 35, 51, 65, 72, 69, 58, 43, 0, 0, 46, 67, 80, 73, 0, 0, 0),
('ChIJZSZOWxk2XhMRx_ZGHpVteCc', 'Friday', 0, 0, 0, 0, 0, 0, 0, 24, 46, 66, 73, 75, 90, 91, 54, 0, 0, 42, 66, 79, 73, 0, 0, 0),
('ChIJZSZOWxk2XhMRx_ZGHpVteCc', 'Saturday', 0, 0, 0, 0, 0, 0, 0, 32, 46, 51, 58, 81, 100, 88, 52, 0, 0, 0, 0, 0, 0, 0, 0, 0),
('ChIJZSZOWxk2XhMRx_ZGHpVteCc', 'Sunday', 0, 0, 0, 0, 0, 0, 0, 0, 0, 0, 0, 0, 0, 0, 0, 0, 0, 0, 0, 0, 0, 0, 0, 0),
('ChIJOztsXBk2XhMRIu0EEdF27js', 'Monday', 0, 0, 0, 0, 0, 0, 0, 0, 42, 50, 42, 49, 78, 89, 0, 0, 0, 0, 0, 0, 0, 0, 0, 0),
('ChIJOztsXBk2XhMRIu0EEdF27js', 'Tuesday', 0, 0, 0, 0, 0, 0, 0, 0, 36, 50, 59, 75, 84, 71, 47, 29, 28, 47, 75, 92, 82, 0, 0, 0),
('ChIJOztsXBk2XhMRIu0EEdF27js', 'Wednesday', 0, 0, 0, 0, 0, 0, 0, 0, 38, 50, 47, 56, 100, 100, 0, 0, 0, 0, 0, 0, 0, 0, 0, 0),
('ChIJOztsXBk2XhMRIu0EEdF27js', 'Thursday', 0, 0, 0, 0, 0, 0, 0, 0, 17, 35, 57, 77, 84, 73, 54, 40, 40, 52, 68, 77, 68, 0, 0, 0),
('ChIJOztsXBk2XhMRIu0EEdF27js', 'Friday', 0, 0, 0, 0, 0, 0, 0, 0, 28, 47, 63, 73, 80, 75, 59, 45, 45, 59, 75, 75, 57, 0, 0, 0),
('ChIJOztsXBk2XhMRIu0EEdF27js', 'Saturday', 0, 0, 0, 0, 0, 0, 0, 0, 0, 0, 0, 0, 0, 0, 0, 0, 0, 0, 0, 0, 0, 0, 0, 0),
('ChIJOztsXBk2XhMRIu0EEdF27js', 'Sunday', 0, 0, 0, 0, 0, 0, 0, 0, 0, 0, 0, 0, 0, 0, 0, 0, 0, 0, 0, 0, 0, 0, 0, 0),
('ChIJESBMBBk2XhMRi2SbsZ_zvMU', 'Monday', 0, 0, 0, 0, 0, 0, 0, 0, 0, 0, 11, 16, 20, 24, 25, 27, 28, 37, 56, 77, 77, 55, 0, 0),
('ChIJESBMBBk2XhMRi2SbsZ_zvMU', 'Tuesday', 0, 0, 0, 0, 0, 0, 0, 0, 0, 0, 19, 25, 27, 28, 25, 18, 16, 29, 53, 70, 65, 43, 0, 0),
('ChIJESBMBBk2XhMRi2SbsZ_zvMU', 'Wednesday', 0, 0, 0, 0, 0, 0, 0, 0, 0, 0, 22, 30, 33, 29, 22, 17, 23, 48, 81, 100, 86, 53, 0, 0),
('ChIJESBMBBk2XhMRi2SbsZ_zvMU', 'Thursday', 0, 0, 0, 0, 0, 0, 0, 0, 0, 0, 11, 22, 32, 33, 27, 20, 23, 39, 59, 67, 59, 38, 0, 0),
('ChIJESBMBBk2XhMRi2SbsZ_zvMU', 'Friday', 0, 0, 0, 0, 0, 0, 0, 0, 0, 0, 24, 30, 35, 37, 34, 32, 32, 37, 45, 49, 43, 29, 0, 0),
('ChIJESBMBBk2XhMRi2SbsZ_zvMU', 'Saturday', 0, 0, 0, 0, 0, 0, 0, 0, 0, 0, 18, 30, 37, 29, 0, 0, 0, 0, 0, 0, 0, 0, 0, 0),
('ChIJESBMBBk2XhMRi2SbsZ_zvMU', 'Sunday', 0, 0, 0, 0, 0, 0, 0, 0, 0, 0, 0, 0, 0, 0, 0, 0, 0, 0, 0, 0, 0, 0, 0, 0),
('ChIJW666Vxk2XhMRo_D2yOU6YsY', 'Monday', 0, 0, 0, 0, 0, 0, 0, 0, 2, 30, 72, 100, 94, 88, 90, 32, 2, 0, 0, 0, 0, 0, 0, 0),
('ChIJW666Vxk2XhMRo_D2yOU6YsY', 'Tuesday', 0, 0, 0, 0, 0, 0, 0, 0, 2, 8, 28, 48, 58, 52, 34, 18, 12, 0, 0, 0, 0, 0, 0, 0),
('ChIJW666Vxk2XhMRo_D2yOU6YsY', 'Wednesday', 0, 0, 0, 0, 0, 0, 0, 0, 8, 30, 46, 48, 40, 48, 74, 64, 30, 0, 0, 0, 0, 0, 0, 0),
('ChIJW666Vxk2XhMRo_D2yOU6YsY', 'Thursday', 0, 0, 0, 0, 0, 0, 0, 0, 16, 28, 38, 50, 56, 60, 60, 56, 48, 0, 0, 0, 0, 0, 0, 0),
('ChIJW666Vxk2XhMRo_D2yOU6YsY', 'Friday', 0, 0, 0, 0, 0, 0, 0, 0, 6, 24, 46, 68, 84, 88, 80, 64, 50, 0, 0, 0, 0, 0, 0, 0),
('ChIJW666Vxk2XhMRo_D2yOU6YsY', 'Saturday', 0, 0, 0, 0, 0, 0, 0, 0, 2, 10, 34, 58, 70, 68, 50, 0, 0, 0, 0, 0, 0, 0, 0, 0),
('ChIJW666Vxk2XhMRo_D2yOU6YsY', 'Sunday', 0, 0, 0, 0, 0, 0, 0, 0, 0, 0, 0, 0, 0, 0, 0, 0, 0, 0, 0, 0, 0, 0, 0, 0),
('ChIJSWbYERM3XhMRX5qduCDaczY', 'Monday', 0, 0, 0, 0, 0, 0, 0, 17, 27, 37, 42, 42, 35, 25, 20, 0, 0, 0, 0, 0, 0, 0, 0, 0),
('ChIJSWbYERM3XhMRX5qduCDaczY', 'Tuesday', 0, 0, 0, 0, 0, 0, 0, 15, 42, 67, 55, 47, 62, 50, 0, 0, 0, 45, 67, 57, 27, 0, 0, 0),
('ChIJSWbYERM3XhMRX5qduCDaczY', 'Wednesday', 0, 0, 0, 0, 0, 0, 0, 2, 12, 35, 62, 72, 55, 27, 17, 0, 0, 0, 0, 0, 0, 0, 0, 0),
('ChIJSWbYERM3XhMRX5qduCDaczY', 'Thursday', 0, 0, 0, 0, 0, 0, 0, 17, 35, 52, 62, 57, 45, 25, 0, 0, 0, 32, 75, 72, 30, 0, 0, 0),
('ChIJSWbYERM3XhMRX5qduCDaczY', 'Friday', 0, 0, 0, 0, 0, 0, 0, 12, 35, 50, 37, 40, 62, 42, 0, 0, 0, 45, 52, 52, 42, 0, 0, 0),
('ChIJSWbYERM3XhMRX5qduCDaczY', 'Saturday', 0, 0, 0, 0, 0, 0, 0, 7, 22, 47, 82, 100, 85, 52, 22, 0, 0, 0, 0, 0, 0, 0, 0, 0),
('ChIJSWbYERM3XhMRX5qduCDaczY', 'Sunday', 0, 0, 0, 0, 0, 0, 0, 0, 0, 0, 0, 0, 0, 0, 0, 0, 0, 0, 0, 0, 0, 0, 0, 0),
('ChIJVeODuCE2XhMRcDFqFETdzdw', 'Monday', 0, 0, 0, 0, 0, 0, 0, 0, 22, 50, 66, 66, 61, 61, 61, 50, 38, 27, 0, 0, 0, 0, 0, 0),
('ChIJVeODuCE2XhMRcDFqFETdzdw', 'Tuesday', 0, 0, 0, 0, 0, 0, 0, 0, 27, 44, 61, 66, 66, 61, 44, 38, 33, 27, 0, 0, 0, 0, 0, 0),
('ChIJVeODuCE2XhMRcDFqFETdzdw', 'Wednesday', 0, 0, 0, 0, 0, 0, 0, 0, 27, 33, 33, 38, 61, 61, 16, 5, 0, 0, 0, 0, 0, 0, 0, 0),
('ChIJVeODuCE2XhMRcDFqFETdzdw', 'Thursday', 0, 0, 0, 0, 0, 0, 0, 0, 5, 50, 44, 33, 50, 61, 66, 61, 44, 27, 0, 0, 0, 0, 0, 0),
('ChIJVeODuCE2XhMRcDFqFETdzdw', 'Friday', 0, 0, 0, 0, 0, 0, 0, 0, 22, 44, 72, 94, 100, 88, 66, 38, 22, 11, 0, 0, 0, 0, 0, 0),
('ChIJVeODuCE2XhMRcDFqFETdzdw', 'Saturday', 0, 0, 0, 0, 0, 0, 0, 0, 33, 66, 88, 94, 72, 38, 16, 0, 0, 0, 0, 0, 0, 0, 0, 0);
INSERT INTO `data_pop` (`id`, `day`, `data_0`, `data_1`, `data_2`, `data_3`, `data_4`, `data_5`, `data_6`, `data_7`, `data_8`, `data_9`, `data_10`, `data_11`, `data_12`, `data_13`, `data_14`, `data_15`, `data_16`, `data_17`, `data_18`, `data_19`, `data_20`, `data_21`, `data_22`, `data_23`) VALUES
('ChIJVeODuCE2XhMRcDFqFETdzdw', 'Sunday', 0, 0, 0, 0, 0, 0, 0, 0, 0, 0, 0, 0, 0, 0, 0, 0, 0, 0, 0, 0, 0, 0, 0, 0),
('ChIJP1bzTS82XhMRKDyRa4_p-j4', 'Monday', 0, 0, 0, 0, 0, 0, 0, 0, 0, 0, 4, 5, 7, 9, 13, 23, 43, 69, 84, 83, 0, 0, 0, 0),
('ChIJP1bzTS82XhMRKDyRa4_p-j4', 'Tuesday', 0, 0, 0, 0, 0, 0, 0, 0, 0, 0, 10, 13, 13, 12, 11, 19, 42, 72, 85, 64, 0, 0, 0, 0),
('ChIJP1bzTS82XhMRKDyRa4_p-j4', 'Wednesday', 0, 0, 0, 0, 0, 0, 0, 0, 0, 0, 13, 16, 14, 11, 14, 28, 54, 83, 100, 95, 0, 0, 0, 0),
('ChIJP1bzTS82XhMRKDyRa4_p-j4', 'Thursday', 0, 0, 0, 0, 0, 0, 0, 0, 0, 0, 4, 7, 11, 13, 18, 28, 46, 62, 64, 50, 0, 0, 0, 0),
('ChIJP1bzTS82XhMRKDyRa4_p-j4', 'Friday', 0, 0, 0, 0, 0, 0, 0, 0, 0, 0, 7, 12, 15, 14, 11, 17, 38, 62, 70, 55, 0, 0, 0, 0),
('ChIJP1bzTS82XhMRKDyRa4_p-j4', 'Saturday', 0, 0, 0, 0, 0, 0, 0, 0, 0, 25, 38, 48, 49, 0, 0, 0, 0, 0, 0, 0, 0, 0, 0, 0),
('ChIJP1bzTS82XhMRKDyRa4_p-j4', 'Sunday', 0, 0, 0, 0, 0, 0, 0, 0, 0, 0, 0, 0, 0, 0, 0, 0, 0, 0, 0, 0, 0, 0, 0, 0),
('ChIJu8vyBuJJXhMRfm0zkEgJDWU', 'Monday', 0, 0, 0, 0, 0, 0, 0, 0, 44, 73, 77, 51, 26, 15, 15, 22, 36, 53, 63, 58, 41, 25, 14, 0),
('ChIJu8vyBuJJXhMRfm0zkEgJDWU', 'Tuesday', 0, 0, 0, 0, 0, 0, 0, 0, 15, 20, 22, 22, 19, 15, 14, 21, 42, 70, 88, 79, 52, 25, 8, 0),
('ChIJu8vyBuJJXhMRfm0zkEgJDWU', 'Wednesday', 0, 0, 0, 0, 0, 0, 0, 0, 47, 85, 80, 39, 9, 2, 3, 9, 17, 29, 41, 46, 44, 33, 21, 0),
('ChIJu8vyBuJJXhMRfm0zkEgJDWU', 'Thursday', 0, 0, 0, 0, 0, 0, 0, 0, 14, 32, 47, 42, 25, 9, 4, 14, 34, 39, 26, 23, 27, 21, 9, 0),
('ChIJu8vyBuJJXhMRfm0zkEgJDWU', 'Friday', 0, 0, 0, 0, 0, 0, 0, 0, 73, 95, 100, 86, 60, 35, 16, 8, 14, 38, 67, 69, 40, 14, 2, 0),
('ChIJu8vyBuJJXhMRfm0zkEgJDWU', 'Saturday', 0, 0, 0, 0, 0, 0, 0, 0, 5, 8, 11, 14, 15, 15, 14, 13, 13, 13, 11, 9, 0, 0, 0, 0),
('ChIJu8vyBuJJXhMRfm0zkEgJDWU', 'Sunday', 0, 0, 0, 0, 0, 0, 0, 0, 0, 0, 0, 0, 0, 0, 0, 0, 0, 0, 0, 0, 0, 0, 0, 0),
('ChIJVfLnrMVJXhMRkzUAT7CxG4U', 'Monday', 0, 0, 0, 0, 0, 0, 0, 0, 1, 2, 3, 3, 3, 3, 3, 2, 2, 2, 2, 2, 1, 1, 1, 0),
('ChIJVfLnrMVJXhMRkzUAT7CxG4U', 'Tuesday', 0, 0, 0, 0, 0, 0, 0, 0, 1, 1, 1, 1, 1, 1, 1, 1, 1, 1, 1, 2, 2, 2, 1, 0),
('ChIJVfLnrMVJXhMRkzUAT7CxG4U', 'Wednesday', 0, 0, 0, 0, 0, 0, 0, 0, 1, 1, 1, 1, 2, 3, 2, 1, 0, 0, 1, 2, 2, 1, 0, 0),
('ChIJVfLnrMVJXhMRkzUAT7CxG4U', 'Thursday', 0, 0, 0, 0, 0, 0, 0, 0, 1, 3, 1, 1, 2, 2, 1, 1, 1, 1, 1, 2, 2, 1, 1, 0),
('ChIJVfLnrMVJXhMRkzUAT7CxG4U', 'Friday', 0, 0, 0, 0, 0, 0, 0, 0, 37, 56, 78, 100, 93, 54, 19, 5, 3, 3, 3, 2, 2, 1, 1, 0),
('ChIJVfLnrMVJXhMRkzUAT7CxG4U', 'Saturday', 0, 0, 0, 0, 0, 0, 0, 0, 0, 0, 1, 0, 2, 4, 6, 5, 3, 1, 0, 0, 1, 1, 1, 0),
('ChIJVfLnrMVJXhMRkzUAT7CxG4U', 'Sunday', 0, 0, 0, 0, 0, 0, 0, 0, 1, 1, 1, 1, 1, 1, 1, 1, 1, 1, 1, 1, 1, 1, 1, 0),
('ChIJ8Uhwphk2XhMR0eyLMUIgSEk', 'Monday', 0, 0, 0, 0, 0, 0, 0, 0, 61, 91, 99, 97, 100, 92, 0, 0, 0, 0, 0, 0, 0, 0, 0, 0),
('ChIJ8Uhwphk2XhMR0eyLMUIgSEk', 'Tuesday', 0, 0, 0, 0, 0, 0, 0, 0, 53, 90, 96, 94, 96, 86, 0, 0, 0, 0, 0, 0, 0, 0, 0, 0),
('ChIJ8Uhwphk2XhMR0eyLMUIgSEk', 'Wednesday', 0, 0, 0, 0, 0, 0, 0, 0, 74, 100, 74, 80, 96, 86, 0, 0, 0, 0, 0, 0, 0, 0, 0, 0),
('ChIJ8Uhwphk2XhMR0eyLMUIgSEk', 'Thursday', 0, 0, 0, 0, 0, 0, 0, 0, 40, 71, 87, 92, 92, 83, 0, 0, 0, 0, 0, 0, 0, 0, 0, 0),
('ChIJ8Uhwphk2XhMR0eyLMUIgSEk', 'Friday', 0, 0, 0, 0, 0, 0, 0, 0, 53, 80, 75, 81, 94, 82, 0, 0, 0, 0, 0, 0, 0, 0, 0, 0),
('ChIJ8Uhwphk2XhMR0eyLMUIgSEk', 'Saturday', 0, 0, 0, 0, 0, 0, 0, 0, 0, 0, 0, 0, 0, 0, 0, 0, 0, 0, 0, 0, 0, 0, 0, 0),
('ChIJ8Uhwphk2XhMR0eyLMUIgSEk', 'Sunday', 0, 0, 0, 0, 0, 0, 0, 0, 0, 0, 0, 0, 0, 0, 0, 0, 0, 0, 0, 0, 0, 0, 0, 0),
('ChIJ_cM58sE3XhMRCHVgkJkjUeQ', 'Monday', 0, 0, 0, 0, 0, 0, 0, 0, 0, 0, 0, 0, 0, 0, 0, 0, 0, 0, 0, 0, 0, 0, 0, 0),
('ChIJ_cM58sE3XhMRCHVgkJkjUeQ', 'Tuesday', 0, 0, 0, 0, 0, 0, 0, 0, 0, 22, 50, 22, 22, 44, 0, 0, 0, 33, 66, 100, 100, 0, 0, 0),
('ChIJ_cM58sE3XhMRCHVgkJkjUeQ', 'Wednesday', 0, 0, 0, 0, 0, 0, 0, 0, 0, 0, 0, 0, 0, 0, 0, 0, 0, 0, 0, 0, 0, 0, 0, 0),
('ChIJ_cM58sE3XhMRCHVgkJkjUeQ', 'Thursday', 0, 0, 0, 0, 0, 0, 0, 0, 0, 16, 22, 22, 16, 5, 0, 0, 0, 22, 50, 72, 66, 0, 0, 0),
('ChIJ_cM58sE3XhMRCHVgkJkjUeQ', 'Friday', 0, 0, 0, 0, 0, 0, 0, 0, 0, 11, 27, 33, 22, 5, 0, 0, 0, 38, 61, 61, 38, 0, 0, 0),
('ChIJ_cM58sE3XhMRCHVgkJkjUeQ', 'Saturday', 0, 0, 0, 0, 0, 0, 0, 0, 0, 0, 0, 0, 0, 0, 0, 0, 0, 0, 0, 0, 0, 0, 0, 0),
('ChIJ_cM58sE3XhMRCHVgkJkjUeQ', 'Sunday', 0, 0, 0, 0, 0, 0, 0, 0, 0, 0, 0, 0, 0, 0, 0, 0, 0, 0, 0, 0, 0, 0, 0, 0),
('ChIJk0zmsB82XhMRaUVxT1MhpGY', 'Monday', 0, 0, 0, 0, 0, 0, 0, 0, 36, 54, 66, 66, 55, 38, 24, 16, 15, 20, 27, 33, 36, 35, 30, 23),
('ChIJk0zmsB82XhMRaUVxT1MhpGY', 'Tuesday', 0, 0, 0, 0, 0, 0, 0, 0, 21, 43, 57, 53, 44, 41, 33, 27, 33, 48, 62, 67, 63, 50, 34, 20),
('ChIJk0zmsB82XhMRaUVxT1MhpGY', 'Wednesday', 0, 0, 0, 0, 0, 0, 0, 0, 28, 36, 45, 50, 48, 35, 23, 15, 16, 21, 27, 31, 32, 30, 26, 20),
('ChIJk0zmsB82XhMRaUVxT1MhpGY', 'Thursday', 0, 0, 0, 0, 0, 0, 0, 0, 27, 47, 63, 66, 55, 36, 21, 15, 22, 37, 55, 68, 67, 53, 34, 18),
('ChIJk0zmsB82XhMRaUVxT1MhpGY', 'Friday', 0, 0, 0, 0, 0, 0, 0, 0, 16, 36, 58, 71, 66, 47, 25, 10, 8, 25, 51, 55, 40, 34, 36, 32),
('ChIJk0zmsB82XhMRaUVxT1MhpGY', 'Saturday', 0, 0, 0, 0, 0, 0, 0, 0, 26, 37, 48, 55, 56, 51, 42, 31, 22, 22, 45, 76, 72, 36, 25, 53),
('ChIJk0zmsB82XhMRaUVxT1MhpGY', 'Sunday', 0, 0, 0, 0, 0, 0, 0, 0, 11, 17, 24, 28, 28, 25, 22, 25, 44, 74, 100, 95, 66, 38, 27, 24),
('ChIJxZ_BF0lJXhMRgcQowKpjoQ8', 'Monday', 0, 0, 0, 0, 0, 0, 22, 26, 29, 30, 31, 30, 31, 41, 55, 50, 41, 46, 59, 64, 58, 43, 27, 15),
('ChIJxZ_BF0lJXhMRgcQowKpjoQ8', 'Tuesday', 0, 0, 0, 0, 0, 0, 17, 26, 36, 48, 56, 62, 64, 62, 56, 53, 53, 58, 65, 70, 67, 54, 37, 21),
('ChIJxZ_BF0lJXhMRgcQowKpjoQ8', 'Wednesday', 0, 0, 0, 0, 0, 0, 15, 22, 32, 41, 51, 58, 63, 63, 60, 59, 59, 62, 68, 72, 70, 60, 46, 30),
('ChIJxZ_BF0lJXhMRgcQowKpjoQ8', 'Thursday', 0, 0, 0, 0, 0, 0, 15, 24, 34, 44, 54, 60, 64, 63, 60, 59, 62, 69, 81, 91, 91, 81, 62, 41),
('ChIJxZ_BF0lJXhMRgcQowKpjoQ8', 'Friday', 0, 0, 0, 0, 0, 0, 24, 31, 36, 37, 37, 37, 39, 43, 46, 46, 43, 40, 45, 59, 75, 81, 69, 45),
('ChIJxZ_BF0lJXhMRgcQowKpjoQ8', 'Saturday', 0, 0, 0, 0, 0, 0, 17, 27, 35, 39, 40, 40, 46, 55, 60, 54, 44, 40, 45, 54, 58, 54, 43, 29),
('ChIJxZ_BF0lJXhMRgcQowKpjoQ8', 'Sunday', 0, 0, 0, 0, 0, 0, 0, 0, 20, 31, 44, 55, 60, 58, 49, 43, 45, 59, 82, 98, 100, 83, 56, 32),
('ChIJ0a4YHeBJXhMRgESyORq9JSo', 'Monday', 65, 64, 62, 62, 64, 67, 70, 74, 77, 80, 81, 82, 83, 82, 82, 80, 79, 76, 72, 70, 66, 64, 61, 59),
('ChIJ0a4YHeBJXhMRgESyORq9JSo', 'Tuesday', 59, 59, 59, 61, 62, 61, 64, 69, 77, 86, 91, 90, 83, 74, 64, 61, 66, 80, 93, 100, 95, 82, 71, 65),
('ChIJ0a4YHeBJXhMRgESyORq9JSo', 'Wednesday', 65, 66, 67, 65, 69, 69, 70, 71, 74, 75, 77, 79, 81, 82, 83, 85, 85, 85, 83, 82, 81, 79, 77, 75),
('ChIJ0a4YHeBJXhMRgESyORq9JSo', 'Thursday', 72, 71, 70, 69, 64, 67, 70, 74, 79, 82, 86, 88, 91, 92, 92, 91, 90, 87, 83, 80, 75, 71, 67, 65),
('ChIJ0a4YHeBJXhMRgESyORq9JSo', 'Friday', 62, 61, 61, 62, 67, 65, 65, 69, 77, 87, 95, 96, 91, 81, 70, 64, 62, 66, 72, 77, 77, 74, 69, 65),
('ChIJ0a4YHeBJXhMRgESyORq9JSo', 'Saturday', 65, 67, 70, 70, 64, 65, 66, 67, 70, 72, 74, 76, 76, 76, 76, 75, 72, 70, 69, 66, 65, 64, 64, 62),
('ChIJ0a4YHeBJXhMRgESyORq9JSo', 'Sunday', 62, 62, 62, 62, 62, 62, 64, 65, 67, 69, 69, 70, 70, 69, 69, 69, 69, 67, 69, 69, 69, 67, 67, 66),
('ChIJaeHBPuBJXhMRuNbzVocLWWA', 'Monday', 0, 0, 0, 0, 0, 0, 0, 17, 38, 50, 58, 81, 91, 54, 15, 0, 0, 0, 0, 0, 0, 0, 0, 0),
('ChIJaeHBPuBJXhMRuNbzVocLWWA', 'Tuesday', 0, 0, 0, 0, 0, 0, 0, 6, 18, 39, 61, 71, 61, 38, 18, 0, 0, 38, 79, 76, 35, 0, 0, 0),
('ChIJaeHBPuBJXhMRuNbzVocLWWA', 'Wednesday', 0, 0, 0, 0, 0, 0, 0, 21, 36, 51, 62, 65, 58, 45, 29, 0, 0, 0, 0, 0, 0, 0, 0, 0),
('ChIJaeHBPuBJXhMRuNbzVocLWWA', 'Thursday', 0, 0, 0, 0, 0, 0, 0, 19, 36, 53, 63, 60, 46, 27, 13, 0, 0, 15, 43, 54, 29, 0, 0, 0),
('ChIJaeHBPuBJXhMRuNbzVocLWWA', 'Friday', 0, 0, 0, 0, 0, 0, 0, 6, 20, 40, 61, 69, 59, 37, 18, 0, 0, 13, 63, 78, 27, 0, 0, 0),
('ChIJaeHBPuBJXhMRuNbzVocLWWA', 'Saturday', 0, 0, 0, 0, 0, 0, 0, 5, 11, 25, 56, 90, 100, 72, 35, 0, 0, 0, 0, 0, 0, 0, 0, 0),
('ChIJaeHBPuBJXhMRuNbzVocLWWA', 'Sunday', 0, 0, 0, 0, 0, 0, 0, 0, 0, 0, 0, 0, 0, 0, 0, 0, 0, 0, 0, 0, 0, 0, 0, 0),
('ChIJ8e14Y_k3XhMRwkBFeA4sA44', 'Monday', 1, 1, 1, 1, 1, 1, 0, 3, 6, 9, 10, 9, 7, 4, 1, 1, 1, 3, 8, 11, 11, 6, 1, 1),
('ChIJ8e14Y_k3XhMRwkBFeA4sA44', 'Tuesday', 1, 1, 1, 1, 1, 1, 1, 3, 9, 13, 15, 13, 10, 6, 3, 3, 4, 7, 10, 12, 11, 9, 5, 0),
('ChIJ8e14Y_k3XhMRwkBFeA4sA44', 'Wednesday', 1, 1, 1, 1, 1, 1, 1, 1, 5, 9, 12, 12, 11, 8, 6, 4, 4, 6, 9, 11, 12, 10, 5, 1),
('ChIJ8e14Y_k3XhMRwkBFeA4sA44', 'Thursday', 1, 1, 1, 1, 1, 1, 1, 0, 5, 9, 13, 14, 12, 8, 4, 3, 5, 9, 14, 17, 17, 13, 7, 0),
('ChIJ8e14Y_k3XhMRwkBFeA4sA44', 'Friday', 1, 1, 1, 1, 1, 1, 1, 13, 40, 72, 96, 100, 80, 50, 23, 7, 1, 2, 7, 13, 16, 16, 11, 5),
('ChIJ8e14Y_k3XhMRwkBFeA4sA44', 'Saturday', 1, 1, 1, 1, 1, 1, 1, 1, 2, 7, 11, 14, 14, 12, 10, 9, 10, 12, 15, 17, 18, 17, 14, 9),
('ChIJ8e14Y_k3XhMRwkBFeA4sA44', 'Sunday', 3, 1, 1, 1, 1, 1, 1, 1, 1, 1, 7, 12, 13, 12, 7, 2, 1, 1, 1, 6, 9, 9, 7, 3),
('ChIJeRBLIEo3XhMRJQF6V6sC6MI', 'Monday', 0, 0, 0, 0, 0, 0, 0, 0, 8, 17, 26, 34, 39, 39, 34, 30, 26, 17, 13, 8, 17, 34, 17, 0),
('ChIJeRBLIEo3XhMRJQF6V6sC6MI', 'Tuesday', 0, 0, 0, 0, 0, 0, 0, 0, 4, 8, 13, 17, 21, 21, 21, 17, 17, 17, 4, 13, 26, 8, 0, 0),
('ChIJeRBLIEo3XhMRJQF6V6sC6MI', 'Wednesday', 0, 0, 0, 0, 0, 0, 0, 0, 4, 8, 13, 17, 21, 26, 26, 21, 17, 13, 0, 13, 17, 17, 17, 0),
('ChIJeRBLIEo3XhMRJQF6V6sC6MI', 'Thursday', 0, 0, 0, 0, 0, 0, 0, 0, 4, 78, 8, 17, 30, 52, 73, 82, 82, 69, 52, 34, 47, 56, 17, 0),
('ChIJeRBLIEo3XhMRJQF6V6sC6MI', 'Friday', 0, 0, 0, 0, 0, 0, 0, 0, 0, 0, 0, 0, 0, 0, 0, 0, 0, 0, 0, 0, 0, 0, 0, 0),
('ChIJeRBLIEo3XhMRJQF6V6sC6MI', 'Saturday', 0, 0, 0, 0, 0, 0, 0, 0, 39, 39, 39, 52, 56, 52, 39, 26, 17, 21, 47, 56, 30, 8, 0, 0),
('ChIJeRBLIEo3XhMRJQF6V6sC6MI', 'Sunday', 0, 0, 0, 0, 0, 0, 0, 0, 8, 21, 43, 69, 73, 56, 30, 13, 0, 65, 100, 13, 13, 26, 13, 0),
('ChIJl4E8Nd1JXhMRIItSjXdfOXo', 'Monday', 0, 0, 0, 0, 0, 0, 0, 0, 0, 0, 6, 6, 5, 3, 0, 0, 20, 34, 43, 51, 74, 45, 0, 0),
('ChIJl4E8Nd1JXhMRIItSjXdfOXo', 'Tuesday', 0, 0, 0, 0, 0, 0, 0, 0, 0, 0, 2, 3, 4, 5, 0, 0, 30, 61, 90, 95, 71, 38, 0, 0),
('ChIJl4E8Nd1JXhMRIItSjXdfOXo', 'Wednesday', 0, 0, 0, 0, 0, 0, 0, 0, 0, 0, 14, 11, 7, 4, 0, 0, 31, 42, 50, 62, 55, 26, 0, 0),
('ChIJl4E8Nd1JXhMRIItSjXdfOXo', 'Thursday', 0, 0, 0, 0, 0, 0, 0, 0, 0, 0, 0, 0, 0, 8, 0, 0, 94, 100, 73, 38, 30, 59, 0, 0),
('ChIJl4E8Nd1JXhMRIItSjXdfOXo', 'Friday', 0, 0, 0, 0, 0, 0, 0, 0, 0, 0, 7, 6, 3, 2, 0, 0, 14, 31, 48, 53, 42, 24, 0, 0),
('ChIJl4E8Nd1JXhMRIItSjXdfOXo', 'Saturday', 0, 0, 0, 0, 0, 0, 0, 0, 0, 0, 74, 75, 56, 35, 0, 0, 1, 2, 3, 3, 3, 3, 0, 0),
('ChIJl4E8Nd1JXhMRIItSjXdfOXo', 'Sunday', 0, 0, 0, 0, 0, 0, 0, 0, 0, 0, 0, 0, 0, 0, 0, 0, 0, 0, 0, 0, 0, 0, 0, 0),
('ChIJs13fMVdJXhMRdfoTBribjjc', 'Monday', 0, 0, 0, 0, 0, 0, 0, 22, 28, 40, 48, 53, 53, 46, 37, 28, 20, 20, 44, 88, 91, 0, 0, 0),
('ChIJs13fMVdJXhMRdfoTBribjjc', 'Tuesday', 0, 0, 0, 0, 0, 0, 0, 24, 31, 40, 48, 55, 60, 60, 55, 48, 40, 35, 51, 86, 91, 0, 0, 0),
('ChIJs13fMVdJXhMRdfoTBribjjc', 'Wednesday', 0, 0, 0, 0, 0, 0, 0, 26, 33, 46, 68, 88, 95, 82, 57, 33, 24, 35, 57, 73, 68, 0, 0, 0),
('ChIJs13fMVdJXhMRdfoTBribjjc', 'Thursday', 0, 0, 0, 0, 0, 0, 0, 28, 33, 40, 44, 46, 46, 46, 44, 40, 35, 37, 60, 97, 100, 0, 0, 0),
('ChIJs13fMVdJXhMRdfoTBribjjc', 'Friday', 0, 0, 0, 0, 0, 0, 0, 24, 28, 35, 42, 51, 55, 55, 53, 44, 33, 31, 51, 86, 73, 0, 0, 0),
('ChIJs13fMVdJXhMRdfoTBribjjc', 'Saturday', 0, 0, 0, 0, 0, 0, 0, 17, 26, 35, 44, 51, 53, 48, 40, 31, 24, 33, 62, 95, 91, 0, 0, 0),
('ChIJs13fMVdJXhMRdfoTBribjjc', 'Sunday', 0, 0, 0, 0, 0, 0, 0, 17, 20, 22, 24, 28, 37, 44, 48, 44, 35, 31, 35, 44, 46, 0, 0, 0),
('ChIJH1FcPxw2XhMRzjMDiIppoZg', 'Monday', 0, 0, 0, 0, 0, 0, 0, 2, 81, 56, 50, 72, 80, 69, 46, 21, 7, 16, 54, 95, 92, 48, 6, 2),
('ChIJH1FcPxw2XhMRzjMDiIppoZg', 'Tuesday', 0, 0, 0, 0, 0, 0, 0, 2, 26, 61, 73, 67, 56, 41, 26, 16, 19, 34, 53, 67, 68, 54, 34, 13),
('ChIJH1FcPxw2XhMRzjMDiIppoZg', 'Wednesday', 0, 0, 0, 0, 0, 0, 0, 14, 35, 46, 45, 51, 75, 74, 37, 14, 17, 34, 51, 63, 64, 56, 39, 20),
('ChIJH1FcPxw2XhMRzjMDiIppoZg', 'Thursday', 0, 0, 0, 0, 0, 0, 0, 13, 37, 56, 60, 50, 48, 62, 72, 59, 39, 46, 76, 100, 87, 49, 13, 2),
('ChIJH1FcPxw2XhMRzjMDiIppoZg', 'Friday', 0, 0, 0, 0, 0, 0, 0, 8, 38, 65, 76, 80, 86, 84, 62, 40, 35, 45, 57, 62, 57, 43, 25, 8),
('ChIJH1FcPxw2XhMRzjMDiIppoZg', 'Saturday', 0, 0, 0, 0, 0, 0, 0, 8, 25, 45, 61, 70, 67, 54, 36, 20, 15, 23, 42, 61, 67, 53, 28, 6),
('ChIJH1FcPxw2XhMRzjMDiIppoZg', 'Sunday', 0, 0, 0, 0, 0, 0, 0, 0, 1, 12, 32, 62, 83, 78, 52, 30, 29, 48, 71, 79, 65, 38, 12, 2),
('ChIJNQv7Pxw2XhMReRJTJFtt4xc', 'Monday', 0, 0, 0, 0, 0, 4, 11, 22, 37, 42, 38, 30, 30, 44, 37, 27, 27, 28, 28, 27, 24, 21, 17, 12),
('ChIJNQv7Pxw2XhMReRJTJFtt4xc', 'Tuesday', 0, 0, 0, 0, 0, 1, 4, 17, 38, 61, 70, 62, 51, 41, 31, 24, 22, 25, 31, 35, 35, 32, 25, 18),
('ChIJNQv7Pxw2XhMReRJTJFtt4xc', 'Wednesday', 0, 0, 0, 0, 0, 11, 22, 40, 55, 64, 58, 45, 35, 32, 28, 17, 14, 18, 25, 30, 31, 27, 21, 14),
('ChIJNQv7Pxw2XhMReRJTJFtt4xc', 'Thursday', 0, 0, 0, 0, 0, 4, 8, 25, 65, 100, 94, 74, 64, 54, 40, 31, 25, 24, 22, 21, 18, 17, 14, 11),
('ChIJNQv7Pxw2XhMReRJTJFtt4xc', 'Friday', 0, 0, 0, 0, 0, 8, 12, 20, 31, 45, 51, 44, 31, 21, 17, 15, 14, 14, 22, 38, 35, 17, 7, 4),
('ChIJNQv7Pxw2XhMReRJTJFtt4xc', 'Saturday', 0, 0, 0, 0, 0, 8, 15, 24, 34, 42, 47, 44, 35, 25, 17, 12, 12, 15, 18, 20, 20, 17, 12, 10),
('ChIJNQv7Pxw2XhMReRJTJFtt4xc', 'Sunday', 0, 0, 0, 0, 0, 7, 8, 12, 21, 38, 57, 64, 54, 34, 17, 8, 10, 18, 28, 32, 28, 18, 8, 2),
('ChIJt-jvWxk2XhMRmqTBLN1y4Fg', 'Monday', 0, 0, 0, 0, 0, 0, 0, 30, 37, 41, 45, 46, 45, 43, 41, 41, 46, 56, 66, 72, 70, 61, 45, 0),
('ChIJt-jvWxk2XhMRmqTBLN1y4Fg', 'Tuesday', 0, 0, 0, 0, 0, 0, 0, 33, 40, 46, 50, 50, 48, 46, 45, 45, 48, 53, 59, 64, 62, 56, 45, 0),
('ChIJt-jvWxk2XhMRmqTBLN1y4Fg', 'Wednesday', 0, 0, 0, 0, 0, 0, 0, 33, 46, 51, 48, 38, 32, 29, 33, 37, 40, 46, 61, 83, 96, 88, 59, 0),
('ChIJt-jvWxk2XhMRmqTBLN1y4Fg', 'Thursday', 0, 0, 0, 0, 0, 0, 0, 14, 20, 27, 32, 32, 29, 22, 17, 22, 54, 48, 37, 64, 95, 100, 74, 0),
('ChIJt-jvWxk2XhMRmqTBLN1y4Fg', 'Friday', 0, 0, 0, 0, 0, 0, 0, 19, 25, 30, 35, 37, 38, 37, 32, 29, 27, 30, 46, 67, 83, 77, 53, 0),
('ChIJt-jvWxk2XhMRmqTBLN1y4Fg', 'Saturday', 0, 0, 0, 0, 0, 0, 0, 6, 14, 35, 66, 87, 79, 56, 37, 30, 32, 35, 40, 53, 77, 75, 48, 0),
('ChIJt-jvWxk2XhMRmqTBLN1y4Fg', 'Sunday', 0, 0, 0, 0, 0, 0, 0, 22, 35, 53, 72, 87, 90, 82, 67, 53, 45, 50, 64, 77, 82, 74, 58, 0),
('ChIJU2cC_5A3XhMRTltBi0TpJVo', 'Monday', 18, 22, 0, 0, 0, 0, 0, 0, 0, 0, 59, 27, 45, 86, 81, 36, 9, 0, 0, 0, 13, 36, 54, 40),
('ChIJU2cC_5A3XhMRTltBi0TpJVo', 'Tuesday', 13, 4, 0, 0, 0, 0, 0, 0, 0, 0, 81, 45, 63, 90, 63, 22, 0, 0, 4, 13, 27, 40, 45, 36),
('ChIJU2cC_5A3XhMRTltBi0TpJVo', 'Wednesday', 18, 9, 0, 0, 0, 0, 0, 0, 0, 0, 100, 72, 45, 45, 45, 27, 13, 4, 9, 13, 18, 22, 18, 9),
('ChIJU2cC_5A3XhMRTltBi0TpJVo', 'Thursday', 4, 0, 0, 0, 0, 0, 0, 0, 0, 0, 77, 72, 77, 68, 40, 18, 9, 13, 18, 27, 36, 40, 36, 27),
('ChIJU2cC_5A3XhMRTltBi0TpJVo', 'Friday', 18, 9, 0, 0, 0, 0, 0, 0, 0, 0, 63, 68, 72, 59, 36, 13, 4, 0, 4, 9, 27, 50, 68, 68),
('ChIJU2cC_5A3XhMRTltBi0TpJVo', 'Saturday', 50, 27, 9, 4, 0, 0, 0, 0, 0, 0, 22, 36, 50, 54, 54, 45, 27, 18, 9, 4, 4, 9, 18, 22),
('ChIJU2cC_5A3XhMRTltBi0TpJVo', 'Sunday', 22, 18, 9, 4, 0, 0, 0, 0, 0, 0, 13, 22, 27, 31, 31, 27, 22, 18, 18, 22, 31, 36, 27, 13),
('ChIJV-Z3PRw2XhMRP_npsTE0kOI', 'Monday', 0, 0, 0, 0, 0, 0, 0, 0, 0, 18, 27, 6, 9, 45, 30, 3, 6, 0, 0, 0, 0, 0, 0, 0),
('ChIJV-Z3PRw2XhMRP_npsTE0kOI', 'Tuesday', 0, 0, 0, 0, 0, 0, 0, 0, 15, 42, 69, 72, 51, 27, 15, 15, 21, 27, 30, 30, 24, 0, 0, 0),
('ChIJV-Z3PRw2XhMRP_npsTE0kOI', 'Wednesday', 0, 0, 0, 0, 0, 0, 0, 0, 3, 12, 36, 69, 87, 75, 48, 30, 27, 0, 0, 0, 0, 0, 0, 0),
('ChIJV-Z3PRw2XhMRP_npsTE0kOI', 'Thursday', 0, 0, 0, 0, 0, 0, 0, 0, 18, 33, 48, 54, 48, 36, 21, 15, 12, 12, 12, 24, 30, 0, 0, 0),
('ChIJV-Z3PRw2XhMRP_npsTE0kOI', 'Friday', 0, 0, 0, 0, 0, 0, 0, 0, 0, 12, 33, 84, 75, 27, 12, 9, 12, 24, 42, 39, 21, 0, 0, 0),
('ChIJV-Z3PRw2XhMRP_npsTE0kOI', 'Saturday', 0, 0, 0, 0, 0, 0, 0, 0, 15, 30, 51, 81, 100, 100, 78, 51, 30, 18, 9, 0, 0, 0, 0, 0),
('ChIJV-Z3PRw2XhMRP_npsTE0kOI', 'Sunday', 0, 0, 0, 0, 0, 0, 0, 0, 0, 0, 0, 0, 0, 0, 0, 0, 0, 0, 0, 0, 0, 0, 0, 0),
('ChIJ-TKYmx02XhMRhtJ7X9WTjPI', 'Monday', 0, 0, 0, 0, 0, 0, 0, 0, 80, 100, 90, 90, 81, 56, 0, 0, 0, 0, 0, 0, 0, 0, 0, 0),
('ChIJ-TKYmx02XhMRhtJ7X9WTjPI', 'Tuesday', 0, 0, 0, 0, 0, 0, 0, 0, 45, 65, 72, 76, 82, 67, 0, 0, 0, 0, 0, 0, 0, 0, 0, 0),
('ChIJ-TKYmx02XhMRhtJ7X9WTjPI', 'Wednesday', 0, 0, 0, 0, 0, 0, 0, 0, 52, 79, 87, 77, 91, 80, 0, 0, 0, 0, 0, 0, 0, 0, 0, 0),
('ChIJ-TKYmx02XhMRhtJ7X9WTjPI', 'Thursday', 0, 0, 0, 0, 0, 0, 0, 0, 29, 49, 66, 72, 67, 53, 0, 0, 0, 0, 0, 0, 0, 0, 0, 0),
('ChIJ-TKYmx02XhMRhtJ7X9WTjPI', 'Friday', 0, 0, 0, 0, 0, 0, 0, 0, 47, 67, 77, 79, 72, 51, 0, 0, 0, 0, 0, 0, 0, 0, 0, 0),
('ChIJ-TKYmx02XhMRhtJ7X9WTjPI', 'Saturday', 0, 0, 0, 0, 0, 0, 0, 0, 0, 0, 0, 0, 0, 0, 0, 0, 0, 0, 0, 0, 0, 0, 0, 0),
('ChIJ-TKYmx02XhMRhtJ7X9WTjPI', 'Sunday', 0, 0, 0, 0, 0, 0, 0, 0, 0, 0, 0, 0, 0, 0, 0, 0, 0, 0, 0, 0, 0, 0, 0, 0),
('ChIJA8EOiMk3XhMRfLK_6kRsJS4', 'Monday', 0, 0, 0, 0, 0, 0, 0, 0, 0, 0, 2, 0, 0, 0, 12, 24, 24, 26, 43, 48, 31, 0, 0, 0),
('ChIJA8EOiMk3XhMRfLK_6kRsJS4', 'Tuesday', 0, 0, 0, 0, 0, 0, 0, 0, 0, 0, 2, 4, 9, 0, 31, 46, 56, 68, 75, 68, 48, 0, 0, 0),
('ChIJA8EOiMk3XhMRfLK_6kRsJS4', 'Wednesday', 0, 0, 0, 0, 0, 0, 0, 0, 0, 0, 9, 19, 9, 2, 7, 17, 34, 53, 65, 60, 43, 24, 0, 0),
('ChIJA8EOiMk3XhMRfLK_6kRsJS4', 'Thursday', 0, 0, 0, 0, 0, 0, 0, 0, 0, 4, 4, 4, 2, 9, 39, 85, 100, 78, 78, 80, 43, 0, 0, 0),
('ChIJA8EOiMk3XhMRfLK_6kRsJS4', 'Friday', 0, 0, 0, 0, 0, 0, 0, 0, 0, 2, 4, 7, 12, 14, 17, 17, 17, 19, 21, 21, 14, 0, 0, 0),
('ChIJA8EOiMk3XhMRfLK_6kRsJS4', 'Saturday', 0, 0, 0, 0, 0, 0, 0, 0, 0, 0, 0, 0, 0, 0, 0, 0, 0, 0, 0, 0, 0, 0, 0, 0),
('ChIJA8EOiMk3XhMRfLK_6kRsJS4', 'Sunday', 0, 0, 0, 0, 0, 0, 0, 0, 0, 0, 0, 0, 0, 0, 0, 0, 0, 0, 0, 0, 0, 0, 0, 0),
('ChIJXw7utONJXhMRtc156JXTs80', 'Monday', 0, 0, 0, 0, 0, 7, 15, 28, 44, 58, 64, 61, 48, 33, 20, 12, 11, 15, 21, 25, 26, 21, 0, 0),
('ChIJXw7utONJXhMRtc156JXTs80', 'Tuesday', 0, 0, 0, 0, 0, 1, 9, 44, 75, 72, 84, 100, 95, 72, 47, 31, 25, 26, 27, 27, 25, 22, 0, 0),
('ChIJXw7utONJXhMRtc156JXTs80', 'Wednesday', 0, 0, 0, 0, 0, 5, 16, 34, 51, 57, 50, 41, 35, 32, 30, 28, 28, 31, 33, 32, 26, 18, 0, 0),
('ChIJXw7utONJXhMRtc156JXTs80', 'Thursday', 0, 0, 0, 0, 0, 1, 9, 35, 66, 65, 45, 37, 35, 30, 22, 17, 17, 20, 22, 22, 21, 17, 0, 0),
('ChIJXw7utONJXhMRtc156JXTs80', 'Friday', 0, 0, 0, 0, 0, 12, 27, 42, 47, 42, 40, 44, 44, 34, 22, 19, 22, 28, 30, 28, 22, 15, 0, 0),
('ChIJXw7utONJXhMRtc156JXTs80', 'Saturday', 0, 0, 0, 0, 0, 2, 11, 24, 30, 30, 38, 52, 52, 37, 20, 11, 11, 13, 15, 17, 16, 14, 0, 0),
('ChIJXw7utONJXhMRtc156JXTs80', 'Sunday', 0, 0, 0, 0, 0, 2, 7, 14, 25, 37, 43, 42, 34, 23, 15, 12, 13, 15, 18, 18, 18, 15, 0, 0),
('ChIJ1f_1SOJJXhMRgrZ3x59ZKNw', 'Monday', 0, 0, 0, 0, 0, 0, 23, 39, 52, 58, 58, 57, 53, 47, 34, 22, 14, 20, 38, 57, 60, 44, 0, 0),
('ChIJ1f_1SOJJXhMRgrZ3x59ZKNw', 'Tuesday', 0, 0, 0, 0, 0, 0, 7, 19, 34, 57, 79, 95, 100, 90, 71, 49, 34, 38, 55, 71, 66, 44, 0, 0),
('ChIJ1f_1SOJJXhMRgrZ3x59ZKNw', 'Wednesday', 0, 0, 0, 0, 0, 0, 11, 28, 53, 74, 77, 65, 60, 58, 39, 17, 14, 31, 58, 76, 69, 44, 0, 0),
('ChIJ1f_1SOJJXhMRgrZ3x59ZKNw', 'Thursday', 0, 0, 0, 0, 0, 0, 17, 30, 42, 53, 61, 69, 74, 73, 63, 50, 42, 46, 55, 60, 52, 34, 0, 0),
('ChIJ1f_1SOJJXhMRgrZ3x59ZKNw', 'Friday', 0, 0, 0, 0, 0, 0, 20, 50, 63, 50, 46, 63, 74, 63, 41, 26, 26, 31, 36, 38, 33, 25, 0, 0),
('ChIJ1f_1SOJJXhMRgrZ3x59ZKNw', 'Saturday', 0, 0, 0, 0, 0, 0, 19, 26, 33, 41, 47, 52, 53, 52, 46, 38, 31, 31, 39, 46, 46, 36, 0, 0),
('ChIJ1f_1SOJJXhMRgrZ3x59ZKNw', 'Sunday', 0, 0, 0, 0, 0, 0, 14, 20, 30, 39, 47, 52, 49, 42, 33, 23, 20, 30, 61, 80, 58, 25, 0, 0),
('ChIJw7aMQeJJXhMR4F6A4HR7Kio', 'Monday', 2, 2, 2, 2, 2, 2, 2, 2, 26, 54, 75, 80, 66, 41, 15, 2, 2, 13, 40, 64, 70, 54, 26, 2),
('ChIJw7aMQeJJXhMR4F6A4HR7Kio', 'Tuesday', 2, 2, 2, 2, 2, 2, 2, 8, 31, 60, 84, 94, 82, 52, 18, 2, 2, 2, 30, 57, 65, 47, 15, 2),
('ChIJw7aMQeJJXhMR4F6A4HR7Kio', 'Wednesday', 2, 2, 2, 2, 2, 2, 2, 2, 19, 48, 71, 79, 66, 39, 12, 2, 6, 35, 71, 92, 83, 49, 11, 2),
('ChIJw7aMQeJJXhMR4F6A4HR7Kio', 'Thursday', 2, 2, 2, 2, 2, 2, 2, 2, 10, 34, 57, 68, 60, 40, 15, 2, 2, 6, 33, 66, 83, 73, 42, 11),
('ChIJw7aMQeJJXhMR4F6A4HR7Kio', 'Friday', 2, 2, 2, 2, 2, 2, 2, 2, 19, 47, 70, 77, 65, 38, 9, 2, 2, 4, 33, 59, 64, 44, 14, 2),
('ChIJw7aMQeJJXhMR4F6A4HR7Kio', 'Saturday', 2, 2, 2, 2, 2, 2, 2, 2, 2, 12, 48, 88, 100, 74, 36, 14, 12, 21, 30, 35, 33, 25, 13, 2),
('ChIJw7aMQeJJXhMR4F6A4HR7Kio', 'Sunday', 2, 2, 2, 2, 2, 2, 2, 8, 33, 60, 81, 90, 82, 60, 33, 13, 12, 32, 60, 76, 65, 33, 2, 2),
('ChIJbaPLFeJJXhMRYPqDu15HzSs', 'Monday', 0, 0, 0, 0, 0, 0, 0, 0, 0, 0, 0, 0, 18, 21, 23, 26, 27, 27, 27, 34, 55, 69, 65, 77),
('ChIJbaPLFeJJXhMRYPqDu15HzSs', 'Tuesday', 60, 0, 0, 0, 0, 0, 0, 0, 0, 0, 0, 0, 15, 17, 26, 46, 53, 36, 27, 38, 55, 69, 72, 60),
('ChIJbaPLFeJJXhMRYPqDu15HzSs', 'Wednesday', 42, 0, 0, 0, 0, 0, 0, 0, 0, 0, 0, 0, 34, 39, 44, 47, 47, 44, 42, 46, 59, 76, 82, 67),
('ChIJbaPLFeJJXhMRYPqDu15HzSs', 'Thursday', 39, 0, 0, 0, 0, 0, 0, 0, 0, 0, 0, 0, 27, 34, 39, 40, 38, 32, 30, 38, 57, 80, 85, 68),
('ChIJbaPLFeJJXhMRYPqDu15HzSs', 'Friday', 39, 0, 0, 0, 0, 0, 0, 0, 0, 0, 0, 0, 31, 36, 39, 39, 38, 34, 28, 27, 50, 93, 100, 85),
('ChIJbaPLFeJJXhMRYPqDu15HzSs', 'Saturday', 68, 0, 0, 0, 0, 0, 0, 0, 0, 0, 0, 0, 35, 43, 47, 47, 42, 34, 27, 28, 44, 73, 98, 92),
('ChIJbaPLFeJJXhMRYPqDu15HzSs', 'Sunday', 60, 0, 0, 0, 0, 0, 0, 0, 0, 0, 0, 0, 6, 7, 10, 11, 13, 15, 22, 32, 47, 59, 60, 50),
('ChIJAVs4m443XhMRBbxmCCI6f5Y', 'Monday', 0, 0, 0, 0, 0, 0, 0, 0, 0, 21, 40, 18, 1, 0, 0, 0, 6, 25, 55, 71, 56, 30, 15, 0),
('ChIJAVs4m443XhMRBbxmCCI6f5Y', 'Tuesday', 0, 0, 0, 0, 0, 0, 0, 0, 0, 46, 40, 25, 10, 3, 1, 3, 16, 41, 61, 56, 46, 56, 40, 0),
('ChIJAVs4m443XhMRBbxmCCI6f5Y', 'Wednesday', 0, 0, 0, 0, 0, 0, 0, 0, 0, 20, 36, 20, 3, 0, 0, 0, 0, 30, 73, 100, 76, 35, 13, 0),
('ChIJAVs4m443XhMRBbxmCCI6f5Y', 'Thursday', 0, 0, 0, 0, 0, 0, 0, 0, 0, 50, 46, 31, 16, 6, 3, 5, 15, 26, 33, 30, 30, 35, 11, 0),
('ChIJAVs4m443XhMRBbxmCCI6f5Y', 'Friday', 0, 0, 0, 0, 0, 0, 0, 0, 0, 18, 53, 33, 5, 8, 11, 0, 8, 23, 40, 46, 38, 0, 0, 0),
('ChIJAVs4m443XhMRBbxmCCI6f5Y', 'Saturday', 0, 0, 0, 0, 0, 0, 0, 0, 0, 0, 0, 0, 0, 0, 0, 0, 0, 0, 0, 0, 0, 0, 0, 0),
('ChIJAVs4m443XhMRBbxmCCI6f5Y', 'Sunday', 0, 0, 0, 0, 0, 0, 0, 0, 0, 0, 0, 0, 0, 0, 0, 0, 0, 0, 0, 0, 0, 0, 0, 0),
('ChIJsTB4eiQ2XhMRYHsB0svbUhI', 'Monday', 0, 0, 0, 0, 0, 0, 0, 0, 23, 64, 63, 63, 70, 59, 34, 0, 0, 0, 0, 0, 0, 0, 0, 0),
('ChIJsTB4eiQ2XhMRYHsB0svbUhI', 'Tuesday', 0, 0, 0, 0, 0, 0, 0, 0, 36, 48, 59, 63, 61, 52, 41, 0, 0, 37, 56, 65, 51, 0, 0, 0),
('ChIJsTB4eiQ2XhMRYHsB0svbUhI', 'Wednesday', 0, 0, 0, 0, 0, 0, 0, 0, 31, 68, 63, 47, 75, 83, 45, 0, 0, 0, 0, 0, 0, 0, 0, 0),
('ChIJsTB4eiQ2XhMRYHsB0svbUhI', 'Thursday', 0, 0, 0, 0, 0, 0, 0, 0, 29, 47, 62, 69, 64, 49, 32, 0, 0, 34, 54, 61, 44, 0, 0, 0),
('ChIJsTB4eiQ2XhMRYHsB0svbUhI', 'Friday', 0, 0, 0, 0, 0, 0, 0, 0, 30, 51, 73, 84, 81, 64, 43, 0, 0, 49, 65, 66, 48, 0, 0, 0),
('ChIJsTB4eiQ2XhMRYHsB0svbUhI', 'Saturday', 0, 0, 0, 0, 0, 0, 0, 0, 27, 52, 64, 72, 94, 100, 62, 0, 0, 0, 0, 0, 0, 0, 0, 0),
('ChIJsTB4eiQ2XhMRYHsB0svbUhI', 'Sunday', 0, 0, 0, 0, 0, 0, 0, 0, 0, 0, 0, 0, 0, 0, 0, 0, 0, 0, 0, 0, 0, 0, 0, 0),
('ChIJNce1WSQ2XhMRCxdWbKOr_8M', 'Monday', 27, 0, 0, 0, 0, 0, 0, 2, 2, 10, 34, 63, 78, 59, 29, 10, 6, 12, 25, 36, 42, 42, 42, 40),
('ChIJNce1WSQ2XhMRCxdWbKOr_8M', 'Tuesday', 38, 0, 0, 0, 0, 0, 0, 10, 10, 10, 14, 44, 100, 82, 29, 17, 21, 31, 44, 61, 72, 74, 63, 48),
('ChIJNce1WSQ2XhMRCxdWbKOr_8M', 'Wednesday', 34, 0, 0, 0, 0, 0, 0, 6, 19, 44, 70, 74, 57, 29, 12, 8, 12, 21, 34, 46, 59, 63, 63, 55),
('ChIJNce1WSQ2XhMRCxdWbKOr_8M', 'Thursday', 42, 0, 0, 0, 0, 0, 0, 4, 12, 29, 53, 72, 72, 55, 34, 17, 10, 14, 31, 57, 82, 95, 87, 61),
('ChIJNce1WSQ2XhMRCxdWbKOr_8M', 'Friday', 36, 0, 0, 0, 0, 0, 0, 2, 6, 19, 42, 63, 63, 42, 19, 6, 2, 8, 27, 53, 59, 48, 44, 46),
('ChIJNce1WSQ2XhMRCxdWbKOr_8M', 'Saturday', 40, 0, 0, 0, 0, 0, 0, 0, 2, 10, 38, 76, 85, 53, 17, 4, 2, 10, 34, 57, 57, 44, 42, 48),
('ChIJNce1WSQ2XhMRCxdWbKOr_8M', 'Sunday', 44, 0, 0, 0, 0, 0, 0, 6, 6, 14, 44, 78, 76, 40, 17, 14, 21, 31, 46, 59, 65, 63, 55, 40),
('ChIJD12aA_c3XhMR3g61s7cKpQc', 'Monday', 0, 0, 0, 0, 0, 0, 0, 0, 0, 0, 17, 35, 58, 64, 47, 23, 17, 29, 47, 52, 52, 35, 0, 0),
('ChIJD12aA_c3XhMR3g61s7cKpQc', 'Tuesday', 0, 0, 0, 0, 0, 0, 0, 17, 23, 29, 35, 41, 47, 52, 52, 52, 52, 47, 41, 47, 64, 58, 0, 0),
('ChIJD12aA_c3XhMR3g61s7cKpQc', 'Wednesday', 0, 0, 0, 0, 0, 0, 0, 11, 11, 23, 29, 35, 41, 47, 52, 52, 52, 52, 58, 58, 47, 35, 0, 0),
('ChIJD12aA_c3XhMR3g61s7cKpQc', 'Thursday', 0, 0, 0, 0, 0, 0, 0, 11, 23, 35, 47, 52, 58, 52, 47, 47, 52, 52, 52, 47, 35, 23, 0, 0),
('ChIJD12aA_c3XhMR3g61s7cKpQc', 'Friday', 0, 0, 0, 0, 0, 0, 0, 0, 17, 23, 11, 11, 100, 88, 35, 41, 52, 58, 64, 64, 58, 52, 0, 0),
('ChIJD12aA_c3XhMR3g61s7cKpQc', 'Saturday', 0, 0, 0, 0, 0, 0, 0, 17, 23, 29, 35, 35, 41, 41, 35, 35, 35, 35, 35, 29, 29, 23, 0, 0),
('ChIJD12aA_c3XhMR3g61s7cKpQc', 'Sunday', 0, 0, 0, 0, 0, 0, 0, 0, 11, 29, 47, 52, 41, 23, 17, 17, 23, 35, 41, 35, 29, 17, 0, 0),
('ChIJgwBl6SU2XhMRMjbygjBSboQ', 'Monday', 0, 0, 0, 0, 0, 0, 0, 0, 13, 31, 55, 68, 65, 51, 58, 51, 0, 0, 0, 0, 0, 0, 0, 0),
('ChIJgwBl6SU2XhMRMjbygjBSboQ', 'Tuesday', 0, 0, 0, 0, 0, 0, 0, 0, 20, 51, 65, 44, 20, 51, 100, 48, 0, 0, 0, 0, 0, 0, 0, 0),
('ChIJgwBl6SU2XhMRMjbygjBSboQ', 'Wednesday', 0, 0, 0, 0, 0, 0, 0, 0, 24, 41, 65, 82, 86, 79, 62, 44, 0, 0, 0, 0, 0, 0, 0, 0),
('ChIJgwBl6SU2XhMRMjbygjBSboQ', 'Thursday', 0, 0, 0, 0, 0, 0, 0, 0, 13, 24, 41, 51, 51, 41, 24, 10, 0, 0, 0, 0, 0, 0, 0, 0),
('ChIJgwBl6SU2XhMRMjbygjBSboQ', 'Friday', 0, 0, 0, 0, 0, 0, 0, 0, 6, 17, 34, 51, 65, 68, 58, 37, 0, 0, 0, 0, 0, 0, 0, 0),
('ChIJgwBl6SU2XhMRMjbygjBSboQ', 'Saturday', 0, 0, 0, 0, 0, 0, 0, 0, 34, 58, 72, 72, 58, 34, 0, 0, 0, 0, 0, 0, 0, 0, 0, 0),
('ChIJgwBl6SU2XhMRMjbygjBSboQ', 'Sunday', 0, 0, 0, 0, 0, 0, 0, 0, 0, 0, 0, 0, 0, 0, 0, 0, 0, 0, 0, 0, 0, 0, 0, 0),
('ChIJeT2kxTo2XhMRCntpyoHXt2A', 'Monday', 0, 0, 0, 0, 0, 0, 0, 36, 61, 73, 66, 59, 71, 91, 91, 0, 0, 0, 0, 0, 0, 0, 0, 0),
('ChIJeT2kxTo2XhMRCntpyoHXt2A', 'Tuesday', 0, 0, 0, 0, 0, 0, 0, 29, 56, 75, 85, 87, 91, 89, 78, 0, 0, 0, 0, 0, 0, 0, 0, 0),
('ChIJeT2kxTo2XhMRCntpyoHXt2A', 'Wednesday', 0, 0, 0, 0, 0, 0, 0, 22, 68, 98, 87, 82, 92, 100, 87, 0, 0, 0, 0, 0, 0, 0, 0, 0),
('ChIJeT2kxTo2XhMRCntpyoHXt2A', 'Thursday', 0, 0, 0, 0, 0, 0, 0, 45, 80, 70, 61, 73, 80, 77, 63, 0, 0, 0, 0, 0, 0, 0, 0, 0),
('ChIJeT2kxTo2XhMRCntpyoHXt2A', 'Friday', 0, 0, 0, 0, 0, 0, 0, 43, 70, 64, 71, 73, 84, 91, 82, 0, 0, 0, 0, 0, 0, 0, 0, 0),
('ChIJeT2kxTo2XhMRCntpyoHXt2A', 'Saturday', 0, 0, 0, 0, 0, 0, 0, 0, 35, 49, 49, 45, 47, 33, 0, 0, 0, 0, 0, 0, 0, 0, 0, 0),
('ChIJeT2kxTo2XhMRCntpyoHXt2A', 'Sunday', 0, 0, 0, 0, 0, 0, 0, 0, 0, 0, 0, 0, 0, 0, 0, 0, 0, 0, 0, 0, 0, 0, 0, 0),
('ChIJP-URlSY2XhMRXXseyEczfzI', 'Monday', 0, 0, 0, 0, 0, 0, 0, 0, 45, 58, 67, 70, 69, 64, 55, 48, 49, 57, 71, 81, 80, 68, 0, 0),
('ChIJP-URlSY2XhMRXXseyEczfzI', 'Tuesday', 0, 0, 0, 0, 0, 0, 0, 0, 50, 65, 75, 76, 68, 57, 45, 41, 42, 50, 60, 68, 72, 70, 0, 0),
('ChIJP-URlSY2XhMRXXseyEczfzI', 'Wednesday', 0, 0, 0, 0, 0, 0, 0, 0, 63, 87, 100, 92, 70, 49, 38, 42, 52, 65, 75, 78, 71, 58, 0, 0),
('ChIJP-URlSY2XhMRXXseyEczfzI', 'Thursday', 0, 0, 0, 0, 0, 0, 0, 0, 58, 71, 77, 75, 67, 57, 51, 50, 54, 64, 76, 88, 93, 86, 0, 0),
('ChIJP-URlSY2XhMRXXseyEczfzI', 'Friday', 0, 0, 0, 0, 0, 0, 0, 0, 48, 62, 70, 70, 63, 52, 43, 40, 43, 51, 62, 69, 70, 64, 0, 0),
('ChIJP-URlSY2XhMRXXseyEczfzI', 'Saturday', 0, 0, 0, 0, 0, 0, 0, 0, 46, 48, 49, 51, 54, 51, 43, 34, 30, 35, 46, 54, 55, 47, 0, 0),
('ChIJP-URlSY2XhMRXXseyEczfzI', 'Sunday', 0, 0, 0, 0, 0, 0, 0, 0, 0, 27, 40, 50, 52, 45, 35, 29, 29, 35, 42, 44, 40, 0, 0, 0),
('ChIJR56ibOhJXhMRc3gu6QZZ8ek', 'Monday', 0, 0, 0, 0, 0, 0, 0, 0, 43, 60, 74, 79, 75, 67, 55, 44, 32, 0, 0, 0, 0, 0, 0, 0),
('ChIJR56ibOhJXhMRc3gu6QZZ8ek', 'Tuesday', 0, 0, 0, 0, 0, 0, 0, 0, 55, 75, 72, 87, 89, 74, 56, 0, 0, 56, 60, 58, 51, 41, 0, 0),
('ChIJR56ibOhJXhMRc3gu6QZZ8ek', 'Wednesday', 0, 0, 0, 0, 0, 0, 0, 0, 34, 56, 68, 84, 96, 89, 70, 51, 43, 0, 0, 0, 0, 0, 0, 0),
('ChIJR56ibOhJXhMRc3gu6QZZ8ek', 'Thursday', 0, 0, 0, 0, 0, 0, 0, 0, 25, 46, 67, 75, 72, 62, 55, 0, 0, 74, 75, 68, 55, 37, 0, 0),
('ChIJR56ibOhJXhMRc3gu6QZZ8ek', 'Friday', 0, 0, 0, 0, 0, 0, 0, 0, 53, 56, 51, 68, 87, 89, 70, 0, 0, 46, 65, 77, 68, 48, 0, 0),
('ChIJR56ibOhJXhMRc3gu6QZZ8ek', 'Saturday', 0, 0, 0, 0, 0, 0, 0, 0, 29, 48, 72, 91, 100, 96, 82, 65, 0, 0, 0, 0, 0, 0, 0, 0),
('ChIJR56ibOhJXhMRc3gu6QZZ8ek', 'Sunday', 0, 0, 0, 0, 0, 0, 0, 0, 0, 0, 0, 0, 0, 0, 0, 0, 0, 0, 0, 0, 0, 0, 0, 0),
('ChIJUf_lbyY2XhMRg9OS_Tm8jC4', 'Monday', 0, 0, 0, 0, 0, 0, 0, 0, 0, 51, 53, 61, 82, 78, 51, 36, 32, 0, 0, 0, 0, 0, 0, 0),
('ChIJUf_lbyY2XhMRg9OS_Tm8jC4', 'Tuesday', 0, 0, 0, 0, 0, 0, 0, 0, 0, 53, 67, 76, 75, 65, 48, 0, 0, 0, 78, 96, 63, 0, 0, 0),
('ChIJUf_lbyY2XhMRg9OS_Tm8jC4', 'Wednesday', 0, 0, 0, 0, 0, 0, 0, 0, 0, 88, 82, 63, 86, 100, 55, 19, 9, 0, 0, 0, 0, 0, 0, 0),
('ChIJUf_lbyY2XhMRg9OS_Tm8jC4', 'Thursday', 0, 0, 0, 0, 0, 0, 0, 0, 0, 50, 61, 61, 63, 67, 36, 0, 0, 0, 48, 65, 63, 0, 0, 0),
('ChIJUf_lbyY2XhMRg9OS_Tm8jC4', 'Friday', 0, 0, 0, 0, 0, 0, 0, 0, 0, 57, 65, 57, 57, 57, 51, 0, 0, 0, 65, 76, 53, 0, 0, 0),
('ChIJUf_lbyY2XhMRg9OS_Tm8jC4', 'Saturday', 0, 0, 0, 0, 0, 0, 0, 0, 0, 17, 26, 32, 30, 23, 0, 0, 0, 0, 0, 0, 0, 0, 0, 0),
('ChIJUf_lbyY2XhMRg9OS_Tm8jC4', 'Sunday', 0, 0, 0, 0, 0, 0, 0, 0, 0, 0, 0, 0, 0, 0, 0, 0, 0, 0, 0, 0, 0, 0, 0, 0),
('ChIJmxF_PCc2XhMRJpnrz44FtbU', 'Monday', 0, 0, 0, 0, 0, 0, 0, 0, 31, 62, 75, 80, 98, 97, 62, 32, 25, 26, 28, 27, 25, 0, 0, 0),
('ChIJmxF_PCc2XhMRJpnrz44FtbU', 'Tuesday', 0, 0, 0, 0, 0, 0, 0, 0, 42, 65, 58, 56, 99, 100, 50, 33, 37, 41, 43, 42, 38, 0, 0, 0),
('ChIJmxF_PCc2XhMRJpnrz44FtbU', 'Wednesday', 0, 0, 0, 0, 0, 0, 0, 0, 31, 49, 67, 81, 84, 76, 62, 50, 42, 40, 39, 36, 30, 0, 0, 0),
('ChIJmxF_PCc2XhMRJpnrz44FtbU', 'Thursday', 0, 0, 0, 0, 0, 0, 0, 0, 32, 45, 55, 70, 91, 99, 80, 50, 32, 28, 28, 28, 26, 0, 0, 0),
('ChIJmxF_PCc2XhMRJpnrz44FtbU', 'Friday', 0, 0, 0, 0, 0, 0, 0, 0, 32, 70, 73, 46, 65, 95, 54, 38, 41, 41, 40, 36, 30, 0, 0, 0),
('ChIJmxF_PCc2XhMRJpnrz44FtbU', 'Saturday', 0, 0, 0, 0, 0, 0, 0, 0, 27, 53, 77, 83, 67, 62, 71, 31, 26, 28, 28, 25, 0, 0, 0, 0),
('ChIJmxF_PCc2XhMRJpnrz44FtbU', 'Sunday', 0, 0, 0, 0, 0, 0, 0, 0, 0, 0, 0, 0, 0, 0, 0, 0, 0, 0, 0, 0, 0, 0, 0, 0),
('ChIJKy7R3SY2XhMReaxikN_Jbb0', 'Monday', 0, 0, 0, 0, 0, 0, 21, 28, 35, 35, 42, 42, 42, 35, 28, 21, 14, 0, 14, 50, 57, 0, 0, 0),
('ChIJKy7R3SY2XhMReaxikN_Jbb0', 'Tuesday', 0, 0, 0, 0, 0, 0, 0, 28, 42, 57, 64, 57, 42, 28, 14, 7, 35, 64, 28, 64, 92, 0, 0, 0),
('ChIJKy7R3SY2XhMReaxikN_Jbb0', 'Wednesday', 0, 0, 0, 0, 0, 0, 0, 21, 21, 21, 35, 50, 50, 50, 35, 28, 28, 28, 28, 28, 28, 0, 0, 0),
('ChIJKy7R3SY2XhMReaxikN_Jbb0', 'Thursday', 0, 0, 0, 0, 0, 0, 0, 0, 0, 28, 42, 50, 57, 50, 28, 14, 7, 0, 14, 21, 21, 0, 0, 0),
('ChIJKy7R3SY2XhMReaxikN_Jbb0', 'Friday', 0, 0, 0, 0, 0, 0, 0, 7, 21, 35, 42, 50, 50, 42, 28, 28, 42, 57, 71, 64, 42, 0, 0, 0),
('ChIJKy7R3SY2XhMReaxikN_Jbb0', 'Saturday', 0, 0, 0, 0, 0, 0, 0, 14, 21, 28, 42, 78, 100, 64, 21, 0, 0, 0, 0, 0, 0, 0, 0, 0),
('ChIJKy7R3SY2XhMReaxikN_Jbb0', 'Sunday', 0, 0, 0, 0, 0, 0, 0, 0, 0, 0, 0, 0, 0, 0, 0, 0, 0, 0, 0, 0, 0, 0, 0, 0),
('ChIJ8YFRQhs3XhMRSTMUbYu6zCw', 'Monday', 0, 0, 0, 0, 0, 0, 0, 0, 0, 13, 55, 82, 72, 65, 55, 0, 0, 48, 96, 100, 48, 0, 0, 0),
('ChIJ8YFRQhs3XhMRSTMUbYu6zCw', 'Tuesday', 0, 0, 0, 0, 0, 0, 0, 0, 0, 13, 31, 58, 75, 68, 41, 0, 0, 24, 55, 62, 37, 0, 0, 0),
('ChIJ8YFRQhs3XhMRSTMUbYu6zCw', 'Wednesday', 0, 0, 0, 0, 0, 0, 0, 0, 0, 37, 62, 75, 72, 51, 27, 0, 0, 24, 58, 79, 48, 0, 0, 0),
('ChIJ8YFRQhs3XhMRSTMUbYu6zCw', 'Thursday', 0, 0, 0, 0, 0, 0, 0, 0, 0, 41, 58, 75, 82, 79, 62, 0, 0, 48, 65, 48, 31, 0, 0, 0),
('ChIJ8YFRQhs3XhMRSTMUbYu6zCw', 'Friday', 0, 0, 0, 0, 0, 0, 0, 0, 0, 17, 44, 72, 75, 58, 34, 0, 0, 27, 34, 51, 37, 0, 0, 0),
('ChIJ8YFRQhs3XhMRSTMUbYu6zCw', 'Saturday', 0, 0, 0, 0, 0, 0, 0, 0, 0, 20, 27, 44, 75, 79, 51, 0, 0, 0, 0, 0, 0, 0, 0, 0),
('ChIJ8YFRQhs3XhMRSTMUbYu6zCw', 'Sunday', 0, 0, 0, 0, 0, 0, 0, 0, 0, 0, 0, 0, 0, 0, 0, 0, 0, 0, 0, 0, 0, 0, 0, 0),
('ChIJDU4ldCU2XhMRhYQRDJHqYB8', 'Monday', 0, 0, 0, 0, 0, 0, 0, 0, 40, 60, 72, 72, 68, 68, 68, 56, 44, 36, 28, 20, 0, 0, 0, 0),
('ChIJDU4ldCU2XhMRhYQRDJHqYB8', 'Tuesday', 0, 0, 0, 0, 0, 0, 0, 0, 32, 40, 40, 40, 52, 64, 64, 52, 36, 28, 32, 28, 0, 0, 0, 0),
('ChIJDU4ldCU2XhMRhYQRDJHqYB8', 'Wednesday', 0, 0, 0, 0, 0, 0, 0, 0, 48, 88, 84, 48, 40, 72, 100, 0, 0, 0, 0, 0, 0, 0, 0, 0),
('ChIJDU4ldCU2XhMRhYQRDJHqYB8', 'Thursday', 0, 0, 0, 0, 0, 0, 0, 0, 20, 32, 40, 36, 32, 32, 32, 28, 20, 12, 4, 4, 0, 0, 0, 0),
('ChIJDU4ldCU2XhMRhYQRDJHqYB8', 'Friday', 0, 0, 0, 0, 0, 0, 0, 0, 64, 72, 36, 44, 76, 84, 56, 28, 16, 16, 16, 12, 0, 0, 0, 0),
('ChIJDU4ldCU2XhMRhYQRDJHqYB8', 'Saturday', 0, 0, 0, 0, 0, 0, 0, 0, 44, 64, 48, 24, 28, 44, 36, 16, 8, 16, 28, 28, 0, 0, 0, 0),
('ChIJDU4ldCU2XhMRhYQRDJHqYB8', 'Sunday', 0, 0, 0, 0, 0, 0, 0, 0, 0, 0, 0, 0, 0, 0, 0, 0, 0, 0, 0, 0, 0, 0, 0, 0),
('ChIJbzH1X0E3XhMRIZIsCrlLqgY', 'Monday', 0, 0, 0, 0, 0, 0, 0, 0, 0, 0, 7, 14, 11, 3, 0, 0, 0, 14, 18, 14, 7, 0, 0, 0),
('ChIJbzH1X0E3XhMRIZIsCrlLqgY', 'Tuesday', 0, 0, 0, 0, 0, 0, 0, 0, 0, 0, 18, 29, 33, 29, 0, 0, 0, 7, 14, 14, 7, 0, 0, 0),
('ChIJbzH1X0E3XhMRIZIsCrlLqgY', 'Wednesday', 0, 0, 0, 0, 0, 0, 0, 0, 0, 0, 51, 62, 48, 25, 0, 0, 0, 14, 14, 11, 3, 0, 0, 0),
('ChIJbzH1X0E3XhMRIZIsCrlLqgY', 'Thursday', 0, 0, 0, 0, 0, 0, 0, 0, 0, 0, 33, 40, 33, 18, 0, 0, 0, 44, 55, 51, 40, 0, 0, 0),
('ChIJbzH1X0E3XhMRIZIsCrlLqgY', 'Friday', 0, 0, 0, 0, 0, 0, 0, 0, 0, 0, 70, 100, 81, 37, 0, 0, 0, 18, 22, 22, 14, 0, 0, 0),
('ChIJbzH1X0E3XhMRIZIsCrlLqgY', 'Saturday', 0, 0, 0, 0, 0, 0, 0, 0, 0, 25, 40, 55, 55, 44, 0, 0, 0, 0, 0, 0, 0, 0, 0, 0),
('ChIJbzH1X0E3XhMRIZIsCrlLqgY', 'Sunday', 0, 0, 0, 0, 0, 0, 0, 0, 0, 0, 0, 0, 0, 0, 0, 0, 0, 0, 0, 0, 0, 0, 0, 0),
('ChIJH2IPqSU2XhMRx52dM-Uwiwc', 'Monday', 0, 0, 0, 0, 0, 0, 0, 0, 21, 34, 47, 58, 64, 63, 56, 45, 39, 56, 93, 100, 56, 0, 0, 0),
('ChIJH2IPqSU2XhMRx52dM-Uwiwc', 'Tuesday', 0, 0, 0, 0, 0, 0, 0, 0, 17, 30, 44, 56, 63, 63, 55, 43, 33, 40, 64, 79, 56, 0, 0, 0),
('ChIJH2IPqSU2XhMRx52dM-Uwiwc', 'Wednesday', 0, 0, 0, 0, 0, 0, 0, 0, 19, 32, 48, 62, 70, 69, 61, 47, 36, 41, 71, 88, 57, 0, 0, 0),
('ChIJH2IPqSU2XhMRx52dM-Uwiwc', 'Thursday', 0, 0, 0, 0, 0, 0, 0, 0, 20, 33, 45, 54, 56, 52, 42, 32, 26, 36, 60, 71, 49, 0, 0, 0),
('ChIJH2IPqSU2XhMRx52dM-Uwiwc', 'Friday', 0, 0, 0, 0, 0, 0, 0, 0, 13, 24, 37, 50, 57, 56, 48, 38, 34, 44, 66, 79, 62, 0, 0, 0),
('ChIJH2IPqSU2XhMRx52dM-Uwiwc', 'Saturday', 0, 0, 0, 0, 0, 0, 0, 0, 21, 38, 60, 82, 97, 99, 90, 75, 69, 82, 89, 66, 0, 0, 0, 0),
('ChIJH2IPqSU2XhMRx52dM-Uwiwc', 'Sunday', 0, 0, 0, 0, 0, 0, 0, 0, 0, 0, 0, 0, 0, 0, 0, 0, 0, 0, 0, 0, 0, 0, 0, 0),
('ChIJa4Go5yc2XhMR-30hKzhbx_c', 'Monday', 0, 0, 0, 0, 0, 0, 0, 0, 20, 32, 44, 56, 65, 69, 68, 61, 51, 42, 55, 91, 69, 0, 0, 0),
('ChIJa4Go5yc2XhMR-30hKzhbx_c', 'Tuesday', 0, 0, 0, 0, 0, 0, 0, 0, 18, 33, 49, 64, 73, 73, 64, 51, 41, 42, 50, 53, 39, 0, 0, 0),
('ChIJa4Go5yc2XhMR-30hKzhbx_c', 'Wednesday', 0, 0, 0, 0, 0, 0, 0, 0, 24, 37, 48, 56, 62, 68, 69, 62, 49, 48, 74, 86, 51, 0, 0, 0),
('ChIJa4Go5yc2XhMR-30hKzhbx_c', 'Thursday', 0, 0, 0, 0, 0, 0, 0, 0, 16, 24, 36, 51, 65, 70, 62, 44, 29, 32, 51, 55, 30, 0, 0, 0),
('ChIJa4Go5yc2XhMR-30hKzhbx_c', 'Friday', 0, 0, 0, 0, 0, 0, 0, 0, 15, 26, 38, 50, 60, 64, 63, 56, 47, 40, 51, 66, 45, 0, 0, 0),
('ChIJa4Go5yc2XhMR-30hKzhbx_c', 'Saturday', 0, 0, 0, 0, 0, 0, 0, 0, 14, 28, 48, 70, 89, 100, 98, 85, 70, 71, 88, 76, 33, 0, 0, 0),
('ChIJa4Go5yc2XhMR-30hKzhbx_c', 'Sunday', 0, 0, 0, 0, 0, 0, 0, 0, 0, 0, 0, 0, 0, 0, 0, 0, 0, 0, 0, 0, 0, 0, 0, 0),
('ChIJxyaKVWlJXhMRKU0T1zcjjBo', 'Monday', 0, 0, 0, 0, 0, 0, 0, 0, 0, 0, 0, 0, 0, 0, 0, 0, 0, 0, 0, 0, 0, 0, 0, 0),
('ChIJxyaKVWlJXhMRKU0T1zcjjBo', 'Tuesday', 0, 0, 0, 0, 0, 0, 0, 0, 0, 40, 51, 48, 35, 0, 0, 0, 0, 42, 83, 100, 75, 0, 0, 0),
('ChIJxyaKVWlJXhMRKU0T1zcjjBo', 'Wednesday', 0, 0, 0, 0, 0, 0, 0, 0, 0, 33, 29, 33, 53, 55, 29, 0, 0, 0, 0, 0, 0, 0, 0, 0),
('ChIJxyaKVWlJXhMRKU0T1zcjjBo', 'Thursday', 0, 0, 0, 0, 0, 0, 0, 0, 0, 0, 0, 33, 40, 46, 50, 55, 57, 51, 51, 85, 0, 0, 0, 0),
('ChIJxyaKVWlJXhMRKU0T1zcjjBo', 'Friday', 0, 0, 0, 0, 0, 0, 0, 0, 0, 0, 0, 37, 38, 64, 72, 51, 44, 50, 53, 50, 0, 0, 0, 0),
('ChIJxyaKVWlJXhMRKU0T1zcjjBo', 'Saturday', 0, 0, 0, 0, 0, 0, 0, 0, 0, 51, 72, 66, 59, 61, 61, 44, 0, 0, 0, 0, 0, 0, 0, 0),
('ChIJxyaKVWlJXhMRKU0T1zcjjBo', 'Sunday', 0, 0, 0, 0, 0, 0, 0, 0, 0, 0, 0, 0, 0, 0, 0, 0, 0, 0, 0, 0, 0, 0, 0, 0),
('ChIJ88kULCM2XhMRXqQTjKQz9-s', 'Monday', 0, 0, 0, 0, 0, 0, 0, 0, 32, 50, 64, 79, 85, 82, 70, 55, 41, 38, 50, 58, 44, 0, 0, 0),
('ChIJ88kULCM2XhMRXqQTjKQz9-s', 'Tuesday', 0, 0, 0, 0, 0, 0, 0, 0, 5, 26, 52, 58, 47, 41, 38, 26, 20, 38, 67, 85, 76, 0, 0, 0),
('ChIJ88kULCM2XhMRXqQTjKQz9-s', 'Wednesday', 0, 0, 0, 0, 0, 0, 0, 0, 32, 50, 70, 82, 79, 64, 44, 26, 17, 23, 44, 52, 38, 0, 0, 0),
('ChIJ88kULCM2XhMRXqQTjKQz9-s', 'Thursday', 0, 0, 0, 0, 0, 0, 0, 0, 17, 32, 50, 67, 73, 70, 55, 38, 26, 29, 41, 50, 35, 0, 0, 0),
('ChIJ88kULCM2XhMRXqQTjKQz9-s', 'Friday', 0, 0, 0, 0, 0, 0, 0, 0, 23, 35, 47, 55, 58, 58, 50, 41, 29, 23, 41, 67, 64, 0, 0, 0),
('ChIJ88kULCM2XhMRXqQTjKQz9-s', 'Saturday', 0, 0, 0, 0, 0, 0, 0, 0, 41, 52, 58, 58, 47, 38, 32, 35, 47, 58, 58, 47, 32, 0, 0, 0),
('ChIJ88kULCM2XhMRXqQTjKQz9-s', 'Sunday', 0, 0, 0, 0, 0, 0, 0, 0, 20, 29, 38, 50, 58, 64, 67, 64, 58, 52, 100, 100, 23, 0, 0, 0),
('ChIJB0BpiiM2XhMR0j9vb-iKkoc', 'Monday', 50, 36, 0, 0, 0, 0, 0, 0, 0, 0, 41, 59, 72, 81, 79, 70, 59, 52, 51, 56, 66, 72, 72, 64),
('ChIJB0BpiiM2XhMR0j9vb-iKkoc', 'Tuesday', 51, 36, 0, 0, 0, 0, 0, 0, 0, 0, 44, 56, 66, 68, 64, 58, 54, 55, 63, 72, 77, 72, 64, 56),
('ChIJB0BpiiM2XhMR0j9vb-iKkoc', 'Wednesday', 45, 32, 0, 0, 0, 0, 0, 0, 0, 0, 45, 64, 72, 68, 59, 55, 62, 63, 54, 47, 58, 74, 81, 71),
('ChIJB0BpiiM2XhMR0j9vb-iKkoc', 'Thursday', 51, 28, 0, 0, 0, 0, 0, 0, 0, 0, 44, 60, 66, 63, 58, 56, 59, 59, 58, 52, 50, 47, 44, 39),
('ChIJB0BpiiM2XhMR0j9vb-iKkoc', 'Friday', 32, 22, 0, 0, 0, 0, 0, 0, 0, 0, 47, 71, 91, 100, 91, 72, 50, 32, 24, 31, 50, 71, 87, 87),
('ChIJB0BpiiM2XhMR0j9vb-iKkoc', 'Saturday', 71, 48, 27, 12, 0, 0, 0, 0, 0, 0, 50, 77, 89, 79, 63, 52, 51, 55, 59, 60, 62, 63, 63, 62),
('ChIJB0BpiiM2XhMR0j9vb-iKkoc', 'Sunday', 58, 51, 41, 32, 0, 0, 0, 0, 0, 0, 31, 43, 52, 55, 52, 48, 45, 50, 58, 67, 74, 77, 71, 62),
('ChIJnyLA8iM2XhMR2MQ82SsQXww', 'Monday', 0, 0, 0, 0, 0, 0, 0, 0, 0, 31, 62, 79, 68, 51, 68, 100, 86, 0, 0, 0, 0, 0, 0, 0),
('ChIJnyLA8iM2XhMR2MQ82SsQXww', 'Tuesday', 0, 0, 0, 0, 0, 0, 0, 0, 0, 55, 65, 41, 72, 86, 68, 55, 55, 0, 0, 0, 0, 0, 0, 0),
('ChIJnyLA8iM2XhMR2MQ82SsQXww', 'Wednesday', 0, 0, 0, 0, 0, 0, 0, 0, 0, 41, 79, 96, 86, 79, 96, 100, 68, 0, 0, 0, 0, 0, 0, 0),
('ChIJnyLA8iM2XhMR2MQ82SsQXww', 'Thursday', 0, 0, 0, 0, 0, 0, 0, 0, 0, 37, 48, 48, 51, 65, 82, 93, 82, 0, 0, 0, 0, 0, 0, 0),
('ChIJnyLA8iM2XhMR2MQ82SsQXww', 'Friday', 0, 0, 0, 0, 0, 0, 0, 0, 0, 31, 44, 51, 62, 75, 72, 58, 65, 0, 0, 0, 0, 0, 0, 0),
('ChIJnyLA8iM2XhMR2MQ82SsQXww', 'Saturday', 0, 0, 0, 0, 0, 0, 0, 0, 0, 0, 0, 0, 0, 0, 0, 0, 0, 0, 0, 0, 0, 0, 0, 0),
('ChIJnyLA8iM2XhMR2MQ82SsQXww', 'Sunday', 0, 0, 0, 0, 0, 0, 0, 0, 0, 0, 0, 0, 0, 0, 0, 0, 0, 0, 0, 0, 0, 0, 0, 0),
('ChIJLbeqKhk2XhMRKRTbz6Mkha4', 'Monday', 0, 0, 0, 0, 0, 0, 0, 0, 0, 0, 0, 0, 0, 0, 0, 0, 0, 0, 0, 0, 0, 0, 0, 0),
('ChIJLbeqKhk2XhMRKRTbz6Mkha4', 'Tuesday', 0, 0, 0, 0, 0, 0, 0, 0, 0, 0, 0, 0, 0, 0, 0, 0, 0, 0, 0, 0, 0, 0, 0, 0),
('ChIJLbeqKhk2XhMRKRTbz6Mkha4', 'Wednesday', 0, 0, 0, 0, 0, 0, 0, 0, 0, 7, 23, 61, 100, 92, 0, 0, 0, 0, 0, 0, 0, 0, 0, 0),
('ChIJLbeqKhk2XhMRKRTbz6Mkha4', 'Thursday', 0, 0, 0, 0, 0, 0, 0, 0, 0, 0, 15, 15, 15, 15, 30, 53, 69, 76, 53, 0, 0, 0, 0, 0),
('ChIJLbeqKhk2XhMRKRTbz6Mkha4', 'Friday', 0, 0, 0, 0, 0, 0, 0, 0, 0, 0, 46, 100, 84, 53, 53, 61, 61, 61, 53, 38, 0, 0, 0, 0),
('ChIJLbeqKhk2XhMRKRTbz6Mkha4', 'Saturday', 0, 0, 0, 0, 0, 0, 0, 0, 0, 30, 69, 53, 53, 69, 69, 61, 0, 0, 0, 0, 0, 0, 0, 0),
('ChIJLbeqKhk2XhMRKRTbz6Mkha4', 'Sunday', 0, 0, 0, 0, 0, 0, 0, 0, 0, 0, 0, 0, 0, 0, 0, 0, 0, 0, 0, 0, 0, 0, 0, 0),
('ChIJFUgUqwY3XhMR_pCBkFi8rdI', 'Monday', 0, 0, 0, 0, 0, 0, 0, 0, 0, 13, 27, 34, 29, 18, 13, 13, 0, 0, 0, 0, 0, 0, 0, 0),
('ChIJFUgUqwY3XhMR_pCBkFi8rdI', 'Tuesday', 0, 0, 0, 0, 0, 0, 0, 0, 0, 27, 50, 63, 59, 52, 56, 70, 81, 86, 81, 70, 47, 0, 0, 0),
('ChIJFUgUqwY3XhMR_pCBkFi8rdI', 'Wednesday', 0, 0, 0, 0, 0, 0, 0, 0, 0, 18, 43, 38, 36, 63, 72, 47, 0, 0, 0, 0, 0, 0, 0, 0),
('ChIJFUgUqwY3XhMR_pCBkFi8rdI', 'Thursday', 0, 0, 0, 0, 0, 0, 0, 0, 0, 25, 47, 65, 70, 56, 43, 45, 54, 56, 61, 68, 47, 0, 0, 0),
('ChIJFUgUqwY3XhMR_pCBkFi8rdI', 'Friday', 0, 0, 0, 0, 0, 0, 0, 0, 0, 31, 31, 43, 59, 59, 52, 56, 72, 88, 86, 68, 43, 0, 0, 0),
('ChIJFUgUqwY3XhMR_pCBkFi8rdI', 'Saturday', 0, 0, 0, 0, 0, 0, 0, 0, 0, 38, 77, 95, 75, 63, 97, 100, 40, 0, 0, 0, 0, 0, 0, 0),
('ChIJFUgUqwY3XhMR_pCBkFi8rdI', 'Sunday', 0, 0, 0, 0, 0, 0, 0, 0, 0, 0, 0, 0, 0, 0, 0, 0, 0, 0, 0, 0, 0, 0, 0, 0),
('ChIJU_nWAOk3XhMRiIye0cMSMTE', 'Monday', 0, 0, 0, 0, 0, 0, 0, 0, 0, 0, 0, 10, 30, 40, 10, 0, 0, 0, 0, 0, 0, 0, 0, 0),
('ChIJU_nWAOk3XhMRiIye0cMSMTE', 'Tuesday', 0, 0, 0, 0, 0, 10, 10, 10, 10, 0, 20, 70, 50, 10, 10, 20, 30, 30, 30, 20, 10, 0, 0, 0),
('ChIJU_nWAOk3XhMRiIye0cMSMTE', 'Wednesday', 0, 0, 0, 0, 0, 0, 10, 20, 20, 20, 20, 10, 0, 0, 0, 0, 0, 0, 10, 30, 10, 0, 0, 0),
('ChIJU_nWAOk3XhMRiIye0cMSMTE', 'Thursday', 0, 0, 0, 0, 0, 0, 0, 0, 0, 10, 20, 20, 20, 20, 20, 20, 20, 20, 30, 30, 20, 20, 10, 0),
('ChIJU_nWAOk3XhMRiIye0cMSMTE', 'Friday', 0, 0, 0, 0, 0, 0, 0, 10, 50, 90, 100, 90, 70, 50, 40, 50, 50, 60, 60, 60, 50, 40, 30, 10),
('ChIJU_nWAOk3XhMRiIye0cMSMTE', 'Saturday', 0, 10, 30, 10, 10, 10, 20, 30, 40, 50, 60, 60, 60, 60, 50, 50, 40, 40, 50, 50, 50, 50, 50, 40),
('ChIJU_nWAOk3XhMRiIye0cMSMTE', 'Sunday', 30, 20, 20, 10, 0, 10, 10, 10, 10, 10, 10, 10, 0, 0, 0, 0, 0, 0, 0, 0, 0, 0, 0, 0),
('ChIJv6i6xt9JXhMRVp9vNGd6MLY', 'Monday', 0, 0, 0, 0, 0, 0, 0, 0, 42, 54, 62, 69, 81, 95, 89, 65, 46, 48, 59, 62, 53, 0, 0, 0),
('ChIJv6i6xt9JXhMRVp9vNGd6MLY', 'Tuesday', 0, 0, 0, 0, 0, 0, 0, 0, 36, 49, 64, 77, 86, 88, 83, 71, 56, 47, 54, 69, 60, 0, 0, 0),
('ChIJv6i6xt9JXhMRVp9vNGd6MLY', 'Wednesday', 0, 0, 0, 0, 0, 0, 0, 0, 37, 54, 72, 85, 90, 85, 72, 55, 38, 30, 43, 71, 69, 0, 0, 0),
('ChIJv6i6xt9JXhMRVp9vNGd6MLY', 'Thursday', 0, 0, 0, 0, 0, 0, 0, 0, 27, 43, 62, 76, 84, 81, 70, 56, 47, 48, 57, 60, 51, 0, 0, 0),
('ChIJv6i6xt9JXhMRVp9vNGd6MLY', 'Friday', 0, 0, 0, 0, 0, 0, 0, 0, 27, 41, 56, 69, 78, 81, 77, 66, 53, 45, 56, 81, 73, 0, 0, 0),
('ChIJv6i6xt9JXhMRVp9vNGd6MLY', 'Saturday', 0, 0, 0, 0, 0, 0, 0, 0, 43, 54, 54, 68, 94, 100, 83, 68, 63, 60, 53, 43, 0, 0, 0, 0),
('ChIJv6i6xt9JXhMRVp9vNGd6MLY', 'Sunday', 0, 0, 0, 0, 0, 0, 0, 0, 0, 0, 0, 0, 0, 0, 0, 0, 0, 0, 0, 0, 0, 0, 0, 0),
('ChIJwdFpF-JJXhMRFRwIQP7phY8', 'Monday', 0, 0, 0, 0, 0, 0, 0, 0, 32, 47, 62, 75, 82, 83, 76, 64, 53, 52, 60, 61, 43, 0, 0, 0),
('ChIJwdFpF-JJXhMRFRwIQP7phY8', 'Tuesday', 0, 0, 0, 0, 0, 0, 0, 0, 24, 39, 54, 66, 72, 73, 69, 62, 53, 49, 61, 77, 63, 0, 0, 0),
('ChIJwdFpF-JJXhMRFRwIQP7phY8', 'Wednesday', 0, 0, 0, 0, 0, 0, 0, 0, 31, 44, 57, 69, 77, 78, 74, 64, 54, 50, 58, 66, 52, 0, 0, 0),
('ChIJwdFpF-JJXhMRFRwIQP7phY8', 'Thursday', 0, 0, 0, 0, 0, 0, 0, 0, 22, 32, 42, 52, 58, 61, 58, 52, 45, 45, 54, 62, 53, 0, 0, 0),
('ChIJwdFpF-JJXhMRFRwIQP7phY8', 'Friday', 0, 0, 0, 0, 0, 0, 0, 0, 34, 48, 62, 73, 80, 78, 70, 58, 47, 48, 65, 77, 58, 0, 0, 0),
('ChIJwdFpF-JJXhMRFRwIQP7phY8', 'Saturday', 0, 0, 0, 0, 0, 0, 0, 0, 24, 39, 58, 77, 92, 100, 97, 86, 71, 65, 78, 78, 0, 0, 0, 0),
('ChIJwdFpF-JJXhMRFRwIQP7phY8', 'Sunday', 0, 0, 0, 0, 0, 0, 0, 0, 0, 0, 0, 0, 0, 0, 0, 0, 0, 0, 0, 0, 0, 0, 0, 0),
('ChIJaSelXrpJXhMRn8muKjS7tz8', 'Monday', 0, 0, 0, 0, 0, 0, 0, 0, 0, 28, 50, 57, 47, 26, 0, 0, 0, 0, 0, 0, 0, 0, 0, 0),
('ChIJaSelXrpJXhMRn8muKjS7tz8', 'Tuesday', 0, 0, 0, 0, 0, 0, 0, 0, 0, 23, 44, 39, 31, 36, 31, 15, 5, 2, 2, 2, 0, 0, 0, 0),
('ChIJaSelXrpJXhMRn8muKjS7tz8', 'Wednesday', 0, 0, 0, 0, 0, 0, 0, 0, 0, 31, 65, 78, 63, 39, 0, 0, 0, 0, 0, 0, 0, 0, 0, 0),
('ChIJaSelXrpJXhMRn8muKjS7tz8', 'Thursday', 0, 0, 0, 0, 0, 0, 0, 0, 0, 84, 71, 36, 36, 39, 39, 28, 18, 10, 5, 2, 0, 0, 0, 0),
('ChIJaSelXrpJXhMRn8muKjS7tz8', 'Friday', 0, 0, 0, 0, 0, 0, 0, 0, 0, 26, 65, 100, 92, 52, 23, 13, 10, 7, 0, 0, 0, 0, 0, 0),
('ChIJaSelXrpJXhMRn8muKjS7tz8', 'Saturday', 0, 0, 0, 0, 0, 0, 0, 0, 0, 0, 0, 0, 0, 0, 0, 0, 0, 0, 0, 0, 0, 0, 0, 0),
('ChIJaSelXrpJXhMRn8muKjS7tz8', 'Sunday', 0, 0, 0, 0, 0, 0, 0, 0, 0, 0, 0, 0, 0, 0, 0, 0, 0, 0, 0, 0, 0, 0, 0, 0),
('ChIJ04Xm-h02XhMRovY8-bw3Cpg', 'Monday', 0, 0, 0, 0, 0, 0, 0, 0, 0, 53, 68, 78, 78, 78, 71, 62, 50, 0, 0, 0, 0, 0, 0, 0),
('ChIJ04Xm-h02XhMRovY8-bw3Cpg', 'Tuesday', 0, 0, 0, 0, 0, 0, 0, 0, 0, 53, 62, 71, 78, 90, 93, 87, 71, 0, 0, 0, 0, 0, 0, 0),
('ChIJ04Xm-h02XhMRovY8-bw3Cpg', 'Wednesday', 0, 0, 0, 0, 0, 0, 0, 0, 0, 40, 59, 81, 93, 100, 93, 81, 62, 0, 0, 0, 0, 0, 0, 0),
('ChIJ04Xm-h02XhMRovY8-bw3Cpg', 'Thursday', 0, 0, 0, 0, 0, 0, 0, 0, 0, 31, 43, 56, 65, 71, 71, 65, 53, 0, 0, 0, 0, 0, 0, 0),
('ChIJ04Xm-h02XhMRovY8-bw3Cpg', 'Friday', 0, 0, 0, 0, 0, 0, 0, 0, 0, 59, 90, 100, 93, 87, 78, 68, 53, 0, 0, 0, 0, 0, 0, 0),
('ChIJ04Xm-h02XhMRovY8-bw3Cpg', 'Saturday', 0, 0, 0, 0, 0, 0, 0, 0, 0, 0, 0, 0, 0, 0, 0, 0, 0, 0, 0, 0, 0, 0, 0, 0),
('ChIJ04Xm-h02XhMRovY8-bw3Cpg', 'Sunday', 0, 0, 0, 0, 0, 0, 0, 0, 0, 0, 0, 0, 0, 0, 0, 0, 0, 0, 0, 0, 0, 0, 0, 0),
('ChIJowSURxM3XhMRmbAxgMezpuk', 'Monday', 0, 0, 0, 0, 0, 0, 0, 0, 0, 17, 53, 75, 64, 50, 0, 0, 0, 0, 0, 0, 0, 0, 0, 0),
('ChIJowSURxM3XhMRmbAxgMezpuk', 'Tuesday', 0, 0, 0, 0, 0, 0, 0, 0, 0, 21, 53, 82, 85, 60, 0, 0, 0, 0, 3, 7, 3, 0, 0, 0),
('ChIJowSURxM3XhMRmbAxgMezpuk', 'Wednesday', 0, 0, 0, 0, 0, 0, 0, 0, 0, 28, 67, 100, 92, 50, 0, 0, 0, 0, 0, 0, 0, 0, 0, 0),
('ChIJowSURxM3XhMRmbAxgMezpuk', 'Thursday', 0, 0, 0, 0, 0, 0, 0, 0, 0, 14, 50, 71, 75, 71, 0, 0, 0, 0, 0, 0, 0, 0, 0, 0),
('ChIJowSURxM3XhMRmbAxgMezpuk', 'Friday', 0, 0, 0, 0, 0, 0, 0, 0, 0, 25, 71, 92, 67, 46, 0, 0, 0, 0, 0, 0, 0, 0, 0, 0),
('ChIJowSURxM3XhMRmbAxgMezpuk', 'Saturday', 0, 0, 0, 0, 0, 0, 0, 0, 0, 10, 42, 50, 28, 32, 0, 0, 0, 0, 0, 0, 0, 0, 0, 0),
('ChIJowSURxM3XhMRmbAxgMezpuk', 'Sunday', 0, 0, 0, 0, 0, 0, 0, 0, 0, 0, 0, 0, 0, 0, 0, 0, 0, 0, 0, 0, 0, 0, 0, 0),
('ChIJ-f8_0B82XhMRGO3574T-GbY', 'Monday', 0, 0, 0, 0, 0, 0, 0, 0, 0, 30, 42, 46, 48, 42, 30, 0, 0, 0, 0, 0, 0, 0, 0, 0),
('ChIJ-f8_0B82XhMRGO3574T-GbY', 'Tuesday', 0, 0, 0, 0, 0, 0, 0, 0, 0, 21, 28, 28, 23, 15, 7, 3, 3, 17, 48, 76, 71, 36, 0, 0),
('ChIJ-f8_0B82XhMRGO3574T-GbY', 'Wednesday', 0, 0, 0, 0, 0, 0, 0, 0, 0, 42, 50, 48, 36, 23, 13, 0, 0, 0, 0, 0, 0, 0, 0, 0),
('ChIJ-f8_0B82XhMRGO3574T-GbY', 'Thursday', 0, 0, 0, 0, 0, 0, 0, 0, 0, 17, 30, 36, 34, 23, 13, 7, 11, 19, 32, 44, 50, 46, 0, 0),
('ChIJ-f8_0B82XhMRGO3574T-GbY', 'Friday', 0, 0, 0, 0, 0, 0, 0, 0, 0, 55, 92, 100, 71, 36, 19, 17, 23, 28, 32, 34, 34, 32, 0, 0),
('ChIJ-f8_0B82XhMRGO3574T-GbY', 'Saturday', 0, 0, 0, 0, 0, 0, 0, 0, 0, 13, 19, 30, 38, 32, 25, 0, 0, 0, 0, 0, 0, 0, 0, 0),
('ChIJ-f8_0B82XhMRGO3574T-GbY', 'Sunday', 0, 0, 0, 0, 0, 0, 0, 0, 0, 0, 0, 0, 0, 0, 0, 0, 0, 0, 0, 0, 0, 0, 0, 0),
('ChIJWQ__HeBJXhMRAKH10ZawcdQ', 'Monday', 15, 15, 15, 15, 0, 5, 10, 10, 10, 10, 10, 0, 5, 5, 0, 0, 0, 0, 0, 0, 5, 10, 26, 36),
('ChIJWQ__HeBJXhMRAKH10ZawcdQ', 'Tuesday', 42, 36, 21, 10, 26, 21, 10, 10, 10, 15, 21, 21, 21, 15, 15, 15, 21, 26, 26, 26, 26, 26, 26, 31),
('ChIJWQ__HeBJXhMRAKH10ZawcdQ', 'Wednesday', 42, 42, 42, 36, 26, 0, 0, 0, 0, 0, 0, 0, 10, 21, 31, 26, 10, 5, 5, 15, 26, 36, 42, 52),
('ChIJWQ__HeBJXhMRAKH10ZawcdQ', 'Thursday', 73, 100, 100, 63, 21, 10, 0, 0, 15, 26, 47, 57, 57, 42, 31, 31, 36, 47, 57, 63, 63, 57, 47, 36),
('ChIJWQ__HeBJXhMRAKH10ZawcdQ', 'Friday', 36, 36, 42, 36, 21, 21, 21, 21, 21, 15, 15, 15, 10, 10, 5, 0, 5, 10, 15, 21, 31, 36, 42, 42),
('ChIJWQ__HeBJXhMRAKH10ZawcdQ', 'Saturday', 36, 31, 26, 26, 0, 0, 0, 0, 0, 63, 0, 0, 0, 5, 5, 0, 10, 10, 15, 15, 15, 10, 15, 26),
('ChIJWQ__HeBJXhMRAKH10ZawcdQ', 'Sunday', 47, 68, 73, 47, 10, 10, 10, 10, 10, 21, 31, 26, 15, 5, 5, 5, 10, 0, 10, 15, 15, 15, 15, 15),
('ChIJ34_kIOBJXhMR7imf2tRjF3o', 'Monday', 0, 0, 0, 0, 0, 0, 0, 0, 74, 85, 55, 51, 74, 81, 59, 0, 0, 0, 0, 0, 0, 0, 0, 0),
('ChIJ34_kIOBJXhMR7imf2tRjF3o', 'Tuesday', 0, 0, 0, 0, 0, 0, 0, 0, 55, 92, 96, 70, 59, 62, 51, 29, 22, 48, 81, 74, 37, 0, 0, 0),
('ChIJ34_kIOBJXhMR7imf2tRjF3o', 'Wednesday', 0, 0, 0, 0, 0, 0, 0, 0, 33, 59, 85, 96, 85, 62, 37, 0, 0, 0, 0, 0, 0, 0, 0, 0),
('ChIJ34_kIOBJXhMR7imf2tRjF3o', 'Thursday', 0, 0, 0, 0, 0, 0, 0, 0, 55, 66, 51, 44, 55, 55, 40, 18, 14, 37, 81, 92, 55, 0, 0, 0),
('ChIJ34_kIOBJXhMR7imf2tRjF3o', 'Friday', 0, 0, 0, 0, 0, 0, 0, 0, 40, 70, 81, 66, 66, 100, 37, 7, 14, 40, 70, 77, 55, 0, 0, 0),
('ChIJ34_kIOBJXhMR7imf2tRjF3o', 'Saturday', 0, 0, 0, 0, 0, 0, 0, 0, 59, 81, 85, 88, 88, 74, 44, 0, 0, 0, 0, 0, 0, 0, 0, 0),
('ChIJ34_kIOBJXhMR7imf2tRjF3o', 'Sunday', 0, 0, 0, 0, 0, 0, 0, 0, 0, 0, 0, 0, 0, 0, 0, 0, 0, 0, 0, 0, 0, 0, 0, 0),
('ChIJg67Oa4g3XhMRfLQlSnNC9hg', 'Monday', 0, 0, 0, 0, 0, 0, 0, 0, 0, 20, 37, 48, 48, 39, 25, 16, 13, 16, 20, 25, 25, 23, 16, 11),
('ChIJg67Oa4g3XhMRfLQlSnNC9hg', 'Tuesday', 6, 4, 2, 0, 0, 0, 0, 0, 0, 13, 25, 37, 39, 34, 25, 18, 18, 20, 23, 25, 23, 20, 16, 11),
('ChIJg67Oa4g3XhMRfLQlSnNC9hg', 'Wednesday', 6, 4, 2, 0, 0, 0, 0, 0, 0, 13, 25, 37, 44, 44, 34, 23, 11, 6, 9, 30, 34, 13, 4, 4),
('ChIJg67Oa4g3XhMRfLQlSnNC9hg', 'Thursday', 4, 4, 4, 0, 0, 0, 0, 0, 0, 20, 30, 39, 46, 44, 34, 0, 0, 0, 25, 32, 32, 0, 0, 0),
('ChIJg67Oa4g3XhMRfLQlSnNC9hg', 'Friday', 0, 0, 0, 0, 0, 0, 0, 0, 0, 46, 76, 97, 100, 81, 55, 0, 0, 0, 30, 34, 32, 0, 0, 0),
('ChIJg67Oa4g3XhMRfLQlSnNC9hg', 'Saturday', 0, 0, 0, 0, 0, 0, 0, 0, 0, 23, 34, 41, 41, 34, 23, 0, 0, 0, 0, 0, 0, 0, 0, 0),
('ChIJg67Oa4g3XhMRfLQlSnNC9hg', 'Sunday', 0, 0, 0, 0, 0, 0, 0, 0, 0, 0, 0, 0, 0, 0, 0, 0, 0, 0, 0, 0, 0, 0, 0, 0),
('ChIJizF4o5o3XhMRYFqw0tvXBHM', 'Monday', 10, 0, 0, 0, 0, 0, 0, 0, 0, 0, 0, 0, 26, 31, 31, 26, 21, 0, 10, 15, 26, 36, 36, 26),
('ChIJizF4o5o3XhMRYFqw0tvXBHM', 'Tuesday', 10, 0, 0, 0, 0, 0, 0, 0, 0, 0, 0, 0, 21, 47, 63, 52, 31, 10, 0, 10, 15, 21, 21, 10),
('ChIJizF4o5o3XhMRYFqw0tvXBHM', 'Wednesday', 5, 0, 0, 0, 0, 0, 0, 0, 0, 0, 0, 0, 26, 26, 36, 57, 68, 47, 31, 36, 42, 36, 21, 10),
('ChIJizF4o5o3XhMRYFqw0tvXBHM', 'Thursday', 0, 0, 0, 0, 0, 0, 0, 0, 0, 0, 0, 0, 42, 63, 57, 52, 47, 26, 21, 26, 31, 31, 31, 26),
('ChIJizF4o5o3XhMRYFqw0tvXBHM', 'Friday', 21, 0, 0, 0, 0, 0, 0, 0, 0, 0, 0, 0, 63, 68, 63, 57, 47, 36, 26, 26, 42, 68, 63, 36),
('ChIJizF4o5o3XhMRYFqw0tvXBHM', 'Saturday', 10, 0, 0, 0, 0, 0, 0, 0, 0, 0, 0, 0, 47, 100, 36, 0, 0, 0, 5, 15, 31, 21, 0, 0);
INSERT INTO `data_pop` (`id`, `day`, `data_0`, `data_1`, `data_2`, `data_3`, `data_4`, `data_5`, `data_6`, `data_7`, `data_8`, `data_9`, `data_10`, `data_11`, `data_12`, `data_13`, `data_14`, `data_15`, `data_16`, `data_17`, `data_18`, `data_19`, `data_20`, `data_21`, `data_22`, `data_23`) VALUES
('ChIJizF4o5o3XhMRYFqw0tvXBHM', 'Sunday', 0, 0, 0, 0, 0, 0, 0, 0, 0, 0, 0, 0, 0, 78, 31, 10, 15, 31, 52, 63, 68, 57, 42, 21),
('ChIJS8X0pWY3XhMRzrGX7803y-8', 'Monday', 0, 0, 0, 0, 0, 11, 19, 31, 46, 60, 72, 77, 74, 64, 50, 35, 22, 17, 24, 43, 55, 44, 24, 0),
('ChIJS8X0pWY3XhMRzrGX7803y-8', 'Tuesday', 0, 0, 0, 0, 0, 9, 14, 21, 33, 48, 61, 68, 65, 54, 41, 33, 31, 36, 42, 46, 45, 38, 29, 0),
('ChIJS8X0pWY3XhMRzrGX7803y-8', 'Wednesday', 0, 0, 0, 0, 0, 6, 16, 34, 56, 74, 81, 77, 65, 52, 39, 30, 29, 36, 44, 51, 51, 46, 35, 0),
('ChIJS8X0pWY3XhMRzrGX7803y-8', 'Thursday', 0, 0, 0, 0, 0, 9, 17, 29, 42, 56, 65, 67, 63, 52, 40, 31, 29, 34, 45, 56, 60, 55, 42, 0),
('ChIJS8X0pWY3XhMRzrGX7803y-8', 'Friday', 0, 0, 0, 0, 0, 11, 14, 22, 39, 66, 91, 100, 85, 58, 34, 19, 16, 22, 39, 57, 61, 47, 29, 0),
('ChIJS8X0pWY3XhMRzrGX7803y-8', 'Saturday', 0, 0, 0, 0, 0, 9, 12, 18, 30, 47, 64, 70, 61, 43, 27, 18, 18, 24, 32, 37, 36, 31, 23, 0),
('ChIJS8X0pWY3XhMRzrGX7803y-8', 'Sunday', 0, 0, 0, 0, 0, 0, 5, 11, 21, 34, 46, 52, 51, 45, 39, 38, 40, 45, 49, 51, 50, 46, 39, 0),
('ChIJb6ZtRxw2XhMR3wPLklk4dic', 'Monday', 0, 0, 0, 0, 0, 0, 0, 0, 30, 48, 64, 69, 61, 48, 35, 28, 0, 0, 0, 0, 0, 0, 0, 0),
('ChIJb6ZtRxw2XhMR3wPLklk4dic', 'Tuesday', 0, 0, 0, 0, 0, 0, 0, 0, 20, 48, 74, 71, 46, 58, 48, 17, 17, 17, 0, 0, 0, 0, 0, 0),
('ChIJb6ZtRxw2XhMR3wPLklk4dic', 'Wednesday', 0, 0, 0, 0, 0, 0, 0, 0, 35, 51, 61, 71, 74, 61, 43, 30, 0, 0, 0, 0, 0, 0, 0, 0),
('ChIJb6ZtRxw2XhMR3wPLklk4dic', 'Thursday', 0, 0, 0, 0, 0, 0, 0, 0, 30, 56, 82, 92, 76, 51, 28, 17, 12, 12, 0, 0, 0, 0, 0, 0),
('ChIJb6ZtRxw2XhMR3wPLklk4dic', 'Friday', 0, 0, 0, 0, 0, 0, 0, 0, 28, 51, 69, 76, 66, 48, 30, 17, 12, 10, 0, 0, 0, 0, 0, 0),
('ChIJb6ZtRxw2XhMR3wPLklk4dic', 'Saturday', 0, 0, 0, 0, 0, 0, 0, 0, 20, 41, 56, 71, 100, 92, 46, 0, 0, 0, 0, 0, 0, 0, 0, 0),
('ChIJb6ZtRxw2XhMR3wPLklk4dic', 'Sunday', 0, 0, 0, 0, 0, 0, 0, 0, 0, 0, 0, 0, 0, 0, 0, 0, 0, 0, 0, 0, 0, 0, 0, 0),
('ChIJ17ejkhk2XhMRPsEejntj8Mc', 'Monday', 0, 0, 0, 0, 0, 0, 22, 38, 62, 85, 98, 92, 73, 49, 32, 26, 31, 43, 54, 56, 48, 33, 20, 0),
('ChIJ17ejkhk2XhMRPsEejntj8Mc', 'Tuesday', 0, 0, 0, 0, 0, 0, 20, 40, 62, 82, 90, 87, 74, 57, 43, 37, 39, 46, 54, 58, 58, 52, 42, 0),
('ChIJ17ejkhk2XhMRPsEejntj8Mc', 'Wednesday', 0, 0, 0, 0, 0, 0, 32, 50, 71, 90, 100, 97, 83, 63, 44, 31, 28, 37, 52, 64, 62, 47, 29, 0),
('ChIJ17ejkhk2XhMRPsEejntj8Mc', 'Thursday', 0, 0, 0, 0, 0, 0, 24, 42, 64, 84, 97, 98, 87, 67, 46, 30, 27, 38, 58, 71, 66, 44, 22, 0),
('ChIJ17ejkhk2XhMRPsEejntj8Mc', 'Friday', 0, 0, 0, 0, 0, 0, 15, 43, 73, 84, 77, 77, 83, 73, 49, 28, 23, 31, 43, 51, 50, 41, 28, 0),
('ChIJ17ejkhk2XhMRPsEejntj8Mc', 'Saturday', 0, 0, 0, 0, 0, 0, 16, 25, 40, 58, 76, 86, 85, 73, 54, 36, 23, 22, 45, 81, 81, 43, 16, 0),
('ChIJ17ejkhk2XhMRPsEejntj8Mc', 'Sunday', 0, 0, 0, 0, 0, 0, 11, 16, 26, 40, 54, 64, 62, 52, 39, 32, 33, 44, 56, 59, 50, 34, 21, 0),
('ChIJFaU1TBw2XhMRq87NWxs61hA', 'Monday', 0, 0, 0, 0, 0, 5, 15, 36, 63, 81, 84, 71, 60, 57, 55, 52, 42, 31, 39, 73, 97, 68, 23, 5),
('ChIJFaU1TBw2XhMRq87NWxs61hA', 'Tuesday', 0, 0, 0, 0, 0, 42, 52, 39, 28, 39, 55, 68, 71, 63, 52, 42, 36, 36, 36, 36, 34, 28, 23, 15),
('ChIJFaU1TBw2XhMRq87NWxs61hA', 'Wednesday', 0, 0, 0, 0, 0, 34, 57, 73, 71, 60, 57, 55, 47, 36, 34, 39, 50, 60, 63, 57, 47, 36, 23, 13),
('ChIJFaU1TBw2XhMRq87NWxs61hA', 'Thursday', 0, 0, 0, 0, 0, 26, 44, 52, 52, 60, 73, 78, 71, 57, 52, 52, 57, 60, 57, 52, 44, 34, 23, 15),
('ChIJFaU1TBw2XhMRq87NWxs61hA', 'Friday', 0, 0, 0, 0, 0, 18, 26, 39, 50, 60, 65, 68, 63, 55, 44, 39, 36, 39, 42, 42, 36, 23, 13, 5),
('ChIJFaU1TBw2XhMRq87NWxs61hA', 'Saturday', 0, 0, 0, 0, 0, 31, 42, 44, 39, 42, 65, 89, 81, 50, 28, 28, 36, 47, 55, 55, 50, 39, 28, 18),
('ChIJFaU1TBw2XhMRq87NWxs61hA', 'Sunday', 0, 0, 0, 0, 0, 13, 78, 100, 52, 57, 73, 78, 73, 63, 50, 42, 42, 44, 47, 42, 34, 23, 13, 5),
('ChIJj56MreNJXhMRWAsKa0J8W4k', 'Monday', 0, 0, 0, 0, 0, 0, 0, 0, 0, 0, 0, 0, 0, 0, 0, 0, 0, 0, 0, 0, 0, 0, 0, 0),
('ChIJj56MreNJXhMRWAsKa0J8W4k', 'Tuesday', 0, 0, 0, 0, 0, 0, 0, 0, 0, 87, 100, 98, 92, 81, 64, 46, 42, 55, 62, 50, 27, 0, 0, 0),
('ChIJj56MreNJXhMRWAsKa0J8W4k', 'Wednesday', 0, 0, 0, 0, 0, 0, 0, 0, 0, 74, 57, 55, 62, 46, 25, 12, 11, 11, 11, 9, 9, 7, 5, 3),
('ChIJj56MreNJXhMRWAsKa0J8W4k', 'Thursday', 3, 1, 0, 0, 0, 0, 0, 0, 0, 0, 31, 48, 61, 64, 59, 61, 68, 59, 31, 0, 0, 0, 0, 0),
('ChIJj56MreNJXhMRWAsKa0J8W4k', 'Friday', 0, 0, 0, 0, 0, 0, 0, 0, 0, 37, 50, 51, 40, 25, 18, 22, 40, 70, 87, 77, 50, 0, 0, 0),
('ChIJj56MreNJXhMRWAsKa0J8W4k', 'Saturday', 0, 0, 0, 0, 0, 0, 0, 0, 0, 62, 74, 55, 35, 35, 48, 48, 0, 0, 0, 0, 0, 0, 0, 0),
('ChIJj56MreNJXhMRWAsKa0J8W4k', 'Sunday', 0, 0, 0, 0, 0, 0, 0, 0, 0, 0, 0, 0, 0, 0, 0, 0, 0, 0, 0, 0, 0, 0, 0, 0),
('ChIJE5rqhOFJXhMREi7B5EA45Dw', 'Monday', 0, 0, 0, 0, 0, 0, 0, 0, 8, 10, 12, 12, 14, 14, 16, 16, 20, 26, 34, 46, 52, 52, 44, 30),
('ChIJE5rqhOFJXhMREi7B5EA45Dw', 'Tuesday', 0, 0, 0, 0, 0, 0, 0, 0, 4, 4, 6, 8, 12, 18, 22, 24, 24, 22, 20, 30, 60, 90, 82, 46),
('ChIJE5rqhOFJXhMREi7B5EA45Dw', 'Wednesday', 0, 0, 0, 0, 0, 0, 0, 0, 10, 14, 18, 22, 26, 28, 26, 24, 18, 12, 8, 10, 40, 100, 82, 22),
('ChIJE5rqhOFJXhMREi7B5EA45Dw', 'Thursday', 0, 0, 0, 0, 0, 0, 0, 0, 4, 26, 16, 8, 12, 14, 18, 18, 18, 16, 14, 18, 36, 66, 74, 46),
('ChIJE5rqhOFJXhMREi7B5EA45Dw', 'Friday', 0, 0, 0, 0, 0, 0, 0, 0, 4, 8, 12, 18, 24, 26, 28, 28, 30, 32, 38, 46, 54, 54, 46, 32),
('ChIJE5rqhOFJXhMREi7B5EA45Dw', 'Saturday', 0, 0, 0, 0, 0, 0, 0, 0, 4, 4, 6, 6, 8, 12, 22, 32, 40, 38, 28, 26, 48, 84, 82, 42),
('ChIJE5rqhOFJXhMREi7B5EA45Dw', 'Sunday', 0, 0, 0, 0, 0, 0, 0, 0, 0, 0, 0, 0, 0, 0, 0, 0, 0, 0, 8, 22, 52, 70, 52, 22),
('ChIJ0RiAPOJJXhMR9e-rNN13X9o', 'Monday', 0, 0, 0, 0, 0, 0, 0, 0, 0, 34, 56, 78, 82, 65, 43, 21, 0, 0, 0, 0, 0, 0, 0, 0),
('ChIJ0RiAPOJJXhMR9e-rNN13X9o', 'Tuesday', 0, 0, 0, 0, 0, 0, 0, 0, 0, 30, 39, 39, 100, 69, 26, 17, 0, 0, 0, 0, 0, 0, 0, 0),
('ChIJ0RiAPOJJXhMR9e-rNN13X9o', 'Wednesday', 0, 0, 0, 0, 0, 0, 0, 0, 0, 30, 73, 39, 73, 78, 52, 21, 0, 0, 0, 0, 0, 0, 0, 0),
('ChIJ0RiAPOJJXhMR9e-rNN13X9o', 'Thursday', 0, 0, 0, 0, 0, 0, 0, 0, 0, 17, 56, 73, 52, 56, 56, 30, 0, 0, 0, 0, 0, 0, 0, 0),
('ChIJ0RiAPOJJXhMR9e-rNN13X9o', 'Friday', 0, 0, 0, 0, 0, 0, 0, 0, 0, 21, 52, 78, 60, 47, 52, 52, 0, 0, 0, 0, 0, 0, 0, 0),
('ChIJ0RiAPOJJXhMR9e-rNN13X9o', 'Saturday', 0, 0, 0, 0, 0, 0, 0, 0, 0, 13, 34, 56, 56, 39, 0, 0, 0, 0, 0, 0, 0, 0, 0, 0),
('ChIJ0RiAPOJJXhMR9e-rNN13X9o', 'Sunday', 0, 0, 0, 0, 0, 0, 0, 0, 0, 0, 0, 0, 0, 0, 0, 0, 0, 0, 0, 0, 0, 0, 0, 0),
('ChIJ0xg-_4BJXhMRADzrgzcpuh4', 'Monday', 0, 0, 0, 0, 0, 0, 0, 0, 33, 67, 83, 66, 57, 58, 23, 0, 0, 30, 53, 50, 25, 0, 0, 0),
('ChIJ0xg-_4BJXhMRADzrgzcpuh4', 'Tuesday', 0, 0, 0, 0, 0, 0, 0, 0, 30, 62, 73, 78, 92, 75, 33, 0, 0, 26, 50, 55, 35, 0, 0, 0),
('ChIJ0xg-_4BJXhMRADzrgzcpuh4', 'Wednesday', 0, 0, 0, 0, 0, 0, 0, 0, 35, 69, 73, 62, 64, 50, 21, 0, 0, 30, 48, 50, 33, 0, 0, 0),
('ChIJ0xg-_4BJXhMRADzrgzcpuh4', 'Thursday', 0, 0, 0, 0, 0, 0, 1, 8, 28, 57, 80, 94, 82, 41, 10, 0, 0, 28, 48, 48, 28, 0, 0, 0),
('ChIJ0xg-_4BJXhMRADzrgzcpuh4', 'Friday', 0, 0, 0, 0, 0, 0, 0, 0, 21, 50, 83, 100, 89, 57, 26, 0, 0, 17, 39, 53, 42, 0, 0, 0),
('ChIJ0xg-_4BJXhMRADzrgzcpuh4', 'Saturday', 0, 0, 0, 0, 0, 0, 0, 0, 39, 60, 67, 64, 67, 64, 39, 0, 0, 0, 0, 0, 0, 0, 0, 0),
('ChIJ0xg-_4BJXhMRADzrgzcpuh4', 'Sunday', 0, 0, 0, 0, 0, 0, 0, 0, 0, 0, 0, 0, 0, 0, 0, 0, 0, 0, 0, 0, 0, 0, 0, 0),
('ChIJVQ35PeJJXhMRfqL9-SJiiv0', 'Monday', 1, 1, 1, 1, 1, 1, 1, 16, 34, 50, 61, 65, 62, 52, 40, 27, 19, 19, 27, 40, 52, 55, 47, 29),
('ChIJVQ35PeJJXhMRfqL9-SJiiv0', 'Tuesday', 7, 1, 1, 1, 1, 1, 16, 34, 47, 56, 63, 68, 70, 65, 55, 43, 36, 38, 48, 60, 68, 64, 50, 29),
('ChIJVQ35PeJJXhMRfqL9-SJiiv0', 'Wednesday', 5, 1, 1, 1, 1, 1, 9, 28, 47, 62, 70, 70, 62, 50, 38, 30, 29, 35, 45, 55, 57, 51, 35, 15),
('ChIJVQ35PeJJXhMRfqL9-SJiiv0', 'Thursday', 1, 1, 1, 1, 1, 1, 1, 11, 31, 55, 80, 97, 100, 86, 63, 41, 30, 36, 55, 76, 87, 82, 60, 29),
('ChIJVQ35PeJJXhMRfqL9-SJiiv0', 'Friday', 1, 1, 1, 1, 1, 1, 5, 25, 45, 63, 76, 81, 78, 69, 54, 38, 28, 28, 40, 58, 72, 72, 55, 26),
('ChIJVQ35PeJJXhMRfqL9-SJiiv0', 'Saturday', 1, 1, 1, 1, 1, 1, 1, 2, 15, 27, 37, 44, 48, 46, 38, 28, 18, 15, 20, 30, 39, 42, 35, 21),
('ChIJVQ35PeJJXhMRfqL9-SJiiv0', 'Sunday', 2, 1, 1, 1, 1, 1, 1, 1, 1, 0, 4, 9, 11, 9, 2, 1, 1, 0, 11, 22, 29, 28, 18, 4),
('ChIJn65BbOJJXhMRRvBmSjqKNX0', 'Monday', 0, 0, 0, 0, 0, 0, 0, 0, 33, 67, 83, 66, 57, 58, 23, 0, 0, 30, 53, 50, 25, 0, 0, 0),
('ChIJn65BbOJJXhMRRvBmSjqKNX0', 'Tuesday', 0, 0, 0, 0, 0, 0, 0, 0, 30, 62, 73, 78, 92, 75, 33, 0, 0, 26, 50, 55, 35, 0, 0, 0),
('ChIJn65BbOJJXhMRRvBmSjqKNX0', 'Wednesday', 0, 0, 0, 0, 0, 0, 0, 0, 35, 69, 73, 62, 64, 50, 21, 0, 0, 30, 48, 50, 33, 0, 0, 0),
('ChIJn65BbOJJXhMRRvBmSjqKNX0', 'Thursday', 0, 0, 0, 0, 0, 0, 1, 8, 28, 57, 80, 94, 82, 41, 10, 0, 0, 28, 48, 48, 28, 0, 0, 0),
('ChIJn65BbOJJXhMRRvBmSjqKNX0', 'Friday', 0, 0, 0, 0, 0, 0, 0, 0, 21, 50, 83, 100, 89, 57, 26, 0, 0, 17, 39, 53, 42, 0, 0, 0),
('ChIJn65BbOJJXhMRRvBmSjqKNX0', 'Saturday', 0, 0, 0, 0, 0, 0, 0, 0, 39, 60, 67, 64, 67, 64, 39, 0, 0, 0, 0, 0, 0, 0, 0, 0),
('ChIJn65BbOJJXhMRRvBmSjqKNX0', 'Sunday', 0, 0, 0, 0, 0, 0, 0, 0, 0, 0, 0, 0, 0, 0, 0, 0, 0, 0, 0, 0, 0, 0, 0, 0),
('ChIJCw-wuz5JXhMRd2DwyJ14sxg', 'Monday', 0, 0, 0, 0, 0, 0, 0, 0, 0, 0, 0, 0, 0, 0, 0, 0, 0, 0, 0, 0, 0, 0, 0, 0),
('ChIJCw-wuz5JXhMRd2DwyJ14sxg', 'Tuesday', 0, 0, 0, 0, 0, 0, 0, 0, 0, 6, 6, 33, 100, 66, 20, 0, 6, 0, 20, 40, 66, 53, 20, 6),
('ChIJCw-wuz5JXhMRd2DwyJ14sxg', 'Wednesday', 6, 0, 0, 0, 0, 0, 0, 0, 6, 13, 20, 33, 33, 33, 20, 13, 13, 26, 46, 53, 40, 40, 40, 40),
('ChIJCw-wuz5JXhMRd2DwyJ14sxg', 'Thursday', 26, 20, 0, 0, 0, 0, 0, 0, 6, 6, 13, 26, 33, 26, 13, 6, 0, 13, 33, 53, 60, 40, 20, 6),
('ChIJCw-wuz5JXhMRd2DwyJ14sxg', 'Friday', 0, 0, 0, 0, 0, 0, 0, 0, 6, 0, 20, 20, 6, 0, 0, 6, 0, 20, 33, 46, 46, 46, 33, 20),
('ChIJCw-wuz5JXhMRd2DwyJ14sxg', 'Saturday', 6, 6, 0, 0, 0, 0, 0, 6, 20, 40, 60, 73, 66, 46, 26, 0, 6, 13, 26, 46, 53, 46, 26, 13),
('ChIJCw-wuz5JXhMRd2DwyJ14sxg', 'Sunday', 0, 0, 0, 0, 0, 0, 0, 0, 0, 0, 0, 0, 0, 0, 0, 0, 0, 0, 0, 0, 0, 0, 0, 0),
('ChIJJXZNNjtJXhMR_2Oug8KxoHw', 'Monday', 0, 0, 0, 0, 0, 0, 39, 41, 34, 34, 43, 56, 63, 65, 60, 48, 39, 39, 68, 87, 56, 17, 0, 0),
('ChIJJXZNNjtJXhMR_2Oug8KxoHw', 'Tuesday', 0, 0, 0, 0, 0, 0, 46, 39, 17, 9, 17, 29, 41, 48, 48, 39, 29, 29, 51, 78, 70, 39, 0, 0),
('ChIJJXZNNjtJXhMR_2Oug8KxoHw', 'Wednesday', 0, 0, 0, 0, 0, 0, 58, 39, 14, 12, 21, 31, 41, 46, 46, 41, 39, 53, 82, 100, 78, 39, 0, 0),
('ChIJJXZNNjtJXhMR_2Oug8KxoHw', 'Thursday', 0, 0, 0, 0, 0, 0, 43, 36, 24, 21, 29, 34, 36, 34, 29, 24, 21, 36, 78, 95, 56, 17, 0, 0),
('ChIJJXZNNjtJXhMR_2Oug8KxoHw', 'Friday', 0, 0, 0, 0, 0, 0, 46, 56, 41, 24, 21, 26, 31, 34, 31, 26, 26, 39, 58, 65, 48, 21, 0, 0),
('ChIJJXZNNjtJXhMR_2Oug8KxoHw', 'Saturday', 0, 0, 0, 0, 0, 0, 26, 41, 56, 65, 70, 73, 73, 73, 70, 58, 43, 48, 78, 87, 48, 12, 0, 0),
('ChIJJXZNNjtJXhMR_2Oug8KxoHw', 'Sunday', 0, 0, 0, 0, 0, 0, 0, 0, 0, 0, 0, 0, 0, 0, 0, 0, 0, 0, 0, 0, 0, 0, 0, 0),
('ChIJq8ifLjQ3XhMRwe_o9v8rl_M', 'Monday', 0, 0, 0, 0, 0, 0, 0, 0, 0, 35, 64, 64, 35, 11, 0, 0, 0, 29, 52, 47, 17, 0, 0, 0),
('ChIJq8ifLjQ3XhMRwe_o9v8rl_M', 'Tuesday', 0, 0, 0, 0, 0, 0, 0, 0, 0, 0, 0, 0, 0, 0, 0, 0, 0, 0, 0, 0, 0, 0, 0, 0),
('ChIJq8ifLjQ3XhMRwe_o9v8rl_M', 'Wednesday', 0, 0, 0, 0, 0, 0, 0, 0, 0, 0, 0, 0, 0, 0, 0, 0, 0, 0, 0, 0, 0, 0, 0, 0),
('ChIJq8ifLjQ3XhMRwe_o9v8rl_M', 'Thursday', 0, 0, 0, 0, 0, 0, 0, 0, 0, 11, 23, 41, 35, 23, 0, 0, 0, 41, 58, 58, 41, 0, 0, 0),
('ChIJq8ifLjQ3XhMRwe_o9v8rl_M', 'Friday', 0, 0, 0, 0, 0, 0, 0, 0, 23, 41, 47, 41, 29, 11, 0, 0, 0, 17, 58, 76, 35, 0, 0, 0),
('ChIJq8ifLjQ3XhMRwe_o9v8rl_M', 'Saturday', 0, 0, 0, 0, 0, 0, 0, 0, 11, 100, 58, 70, 94, 64, 23, 0, 0, 0, 0, 0, 0, 0, 0, 0),
('ChIJq8ifLjQ3XhMRwe_o9v8rl_M', 'Sunday', 0, 0, 0, 0, 0, 0, 0, 0, 0, 0, 0, 0, 0, 0, 0, 0, 0, 0, 0, 0, 0, 0, 0, 0),
('ChIJG5AcGCY2XhMRmpnpUDVG6Lc', 'Monday', 0, 0, 0, 0, 0, 0, 0, 0, 0, 0, 0, 0, 11, 13, 13, 12, 9, 7, 9, 19, 42, 67, 77, 63),
('ChIJG5AcGCY2XhMRmpnpUDVG6Lc', 'Tuesday', 37, 15, 0, 0, 0, 0, 0, 0, 0, 0, 0, 0, 6, 8, 10, 11, 12, 13, 14, 18, 30, 51, 69, 66),
('ChIJG5AcGCY2XhMRmpnpUDVG6Lc', 'Wednesday', 44, 20, 0, 0, 0, 0, 0, 0, 0, 0, 0, 0, 10, 14, 18, 20, 21, 19, 18, 25, 45, 74, 93, 87),
('ChIJG5AcGCY2XhMRmpnpUDVG6Lc', 'Thursday', 58, 28, 0, 0, 0, 0, 0, 0, 0, 0, 0, 0, 22, 23, 23, 22, 24, 26, 26, 25, 36, 61, 79, 69),
('ChIJG5AcGCY2XhMRmpnpUDVG6Lc', 'Friday', 41, 16, 0, 0, 0, 0, 0, 0, 0, 0, 0, 0, 17, 19, 21, 21, 21, 19, 18, 24, 53, 88, 86, 77),
('ChIJG5AcGCY2XhMRmpnpUDVG6Lc', 'Saturday', 0, 0, 0, 0, 0, 0, 0, 0, 0, 0, 0, 0, 15, 20, 25, 30, 33, 36, 38, 43, 56, 79, 100, 98),
('ChIJG5AcGCY2XhMRmpnpUDVG6Lc', 'Sunday', 0, 0, 0, 0, 0, 0, 0, 0, 0, 0, 0, 0, 17, 23, 29, 33, 34, 31, 29, 31, 43, 58, 0, 0),
('ChIJU9iH_p83XhMRvlOk16boN8k', 'Monday', 17, 8, 13, 17, 4, 4, 4, 13, 47, 47, 21, 43, 0, 0, 0, 0, 0, 0, 0, 0, 0, 0, 0, 0),
('ChIJU9iH_p83XhMRvlOk16boN8k', 'Tuesday', 0, 0, 0, 0, 0, 0, 0, 0, 0, 0, 0, 0, 0, 0, 0, 0, 0, 26, 52, 78, 82, 65, 34, 17),
('ChIJU9iH_p83XhMRvlOk16boN8k', 'Wednesday', 30, 39, 8, 0, 8, 4, 0, 0, 8, 21, 43, 60, 0, 0, 0, 0, 0, 47, 60, 65, 69, 69, 65, 56),
('ChIJU9iH_p83XhMRvlOk16boN8k', 'Thursday', 43, 34, 26, 17, 17, 26, 34, 39, 47, 47, 47, 47, 0, 0, 0, 0, 0, 13, 39, 86, 100, 56, 17, 4),
('ChIJU9iH_p83XhMRvlOk16boN8k', 'Friday', 73, 21, 8, 13, 13, 4, 8, 17, 39, 60, 78, 73, 0, 0, 0, 0, 0, 30, 34, 39, 39, 39, 39, 30),
('ChIJU9iH_p83XhMRvlOk16boN8k', 'Saturday', 26, 30, 47, 34, 21, 21, 17, 21, 21, 21, 21, 17, 0, 0, 0, 0, 0, 13, 21, 30, 39, 43, 47, 52),
('ChIJU9iH_p83XhMRvlOk16boN8k', 'Sunday', 47, 39, 34, 26, 21, 26, 26, 30, 30, 30, 26, 21, 0, 0, 0, 0, 0, 0, 4, 34, 8, 8, 47, 65),
('ChIJh003YSY2XhMRXA3c9sHdMAw', 'Monday', 0, 0, 0, 0, 0, 0, 0, 0, 3, 6, 8, 10, 10, 8, 7, 5, 4, 4, 5, 5, 5, 5, 4, 0),
('ChIJh003YSY2XhMRXA3c9sHdMAw', 'Tuesday', 0, 0, 0, 0, 0, 0, 0, 0, 4, 5, 7, 9, 10, 10, 8, 7, 6, 6, 7, 7, 7, 6, 4, 0),
('ChIJh003YSY2XhMRXA3c9sHdMAw', 'Wednesday', 0, 0, 0, 0, 0, 0, 0, 0, 37, 63, 88, 100, 93, 71, 44, 23, 10, 6, 7, 10, 11, 9, 5, 0),
('ChIJh003YSY2XhMRXA3c9sHdMAw', 'Thursday', 0, 0, 0, 0, 0, 0, 0, 0, 3, 5, 7, 8, 9, 7, 6, 4, 4, 5, 7, 9, 9, 7, 4, 0),
('ChIJh003YSY2XhMRXA3c9sHdMAw', 'Friday', 0, 0, 0, 0, 0, 0, 0, 0, 4, 6, 8, 10, 10, 9, 7, 5, 4, 4, 6, 7, 8, 7, 6, 0),
('ChIJh003YSY2XhMRXA3c9sHdMAw', 'Saturday', 0, 0, 0, 0, 0, 0, 0, 0, 2, 5, 8, 9, 10, 9, 7, 5, 4, 4, 5, 5, 5, 4, 4, 0),
('ChIJh003YSY2XhMRXA3c9sHdMAw', 'Sunday', 0, 0, 0, 0, 0, 0, 0, 0, 2, 3, 6, 9, 11, 10, 8, 6, 4, 4, 5, 5, 5, 4, 2, 0),
('ChIJQZbR3xQ3XhMRyaR2SBYu29I', 'Monday', 0, 0, 0, 0, 0, 0, 0, 0, 38, 58, 76, 79, 69, 48, 30, 25, 33, 43, 43, 28, 0, 0, 0, 0),
('ChIJQZbR3xQ3XhMRyaR2SBYu29I', 'Tuesday', 0, 0, 0, 0, 0, 0, 0, 0, 15, 28, 46, 61, 61, 56, 48, 46, 43, 41, 35, 30, 0, 0, 0, 0),
('ChIJQZbR3xQ3XhMRyaR2SBYu29I', 'Wednesday', 0, 0, 0, 0, 0, 0, 0, 0, 28, 48, 79, 100, 100, 82, 61, 48, 41, 38, 33, 28, 0, 0, 0, 0),
('ChIJQZbR3xQ3XhMRyaR2SBYu29I', 'Thursday', 0, 0, 0, 0, 0, 0, 0, 0, 28, 46, 61, 71, 66, 53, 38, 33, 41, 48, 43, 28, 0, 0, 0, 0),
('ChIJQZbR3xQ3XhMRyaR2SBYu29I', 'Friday', 0, 0, 0, 0, 0, 0, 0, 0, 28, 48, 61, 69, 66, 56, 41, 25, 23, 43, 69, 48, 0, 0, 0, 0),
('ChIJQZbR3xQ3XhMRyaR2SBYu29I', 'Saturday', 0, 0, 0, 0, 0, 0, 0, 0, 20, 58, 97, 87, 61, 53, 61, 69, 69, 61, 51, 38, 0, 0, 0, 0),
('ChIJQZbR3xQ3XhMRyaR2SBYu29I', 'Sunday', 0, 0, 0, 0, 0, 0, 0, 0, 0, 0, 0, 0, 0, 0, 0, 0, 0, 0, 0, 0, 0, 0, 0, 0),
('ChIJlQV3HyY2XhMRpjjYBlws0d4', 'Monday', 0, 0, 0, 0, 0, 0, 0, 0, 56, 67, 76, 100, 100, 79, 51, 30, 20, 0, 0, 0, 0, 0, 0, 0),
('ChIJlQV3HyY2XhMRpjjYBlws0d4', 'Tuesday', 0, 0, 0, 0, 0, 0, 0, 0, 34, 85, 86, 58, 60, 66, 51, 28, 12, 0, 0, 0, 0, 0, 0, 0),
('ChIJlQV3HyY2XhMRpjjYBlws0d4', 'Wednesday', 0, 0, 0, 0, 0, 0, 0, 0, 44, 77, 92, 86, 76, 66, 53, 35, 20, 0, 0, 0, 0, 0, 0, 0),
('ChIJlQV3HyY2XhMRpjjYBlws0d4', 'Thursday', 0, 0, 0, 0, 0, 0, 0, 0, 20, 51, 74, 71, 61, 51, 35, 18, 6, 0, 0, 0, 0, 0, 0, 0),
('ChIJlQV3HyY2XhMRpjjYBlws0d4', 'Friday', 0, 0, 0, 0, 0, 0, 0, 0, 29, 61, 64, 59, 64, 59, 41, 24, 14, 0, 0, 0, 0, 0, 0, 0),
('ChIJlQV3HyY2XhMRpjjYBlws0d4', 'Saturday', 0, 0, 0, 0, 0, 0, 0, 0, 0, 0, 0, 0, 0, 0, 0, 0, 0, 0, 0, 0, 0, 0, 0, 0),
('ChIJlQV3HyY2XhMRpjjYBlws0d4', 'Sunday', 0, 0, 0, 0, 0, 0, 0, 0, 0, 0, 0, 0, 0, 0, 0, 0, 0, 0, 0, 0, 0, 0, 0, 0),
('ChIJY4432yU2XhMR2jrWEN7aWls', 'Monday', 0, 0, 0, 0, 0, 0, 0, 0, 5, 27, 33, 33, 72, 66, 0, 0, 0, 0, 0, 0, 0, 0, 0, 0),
('ChIJY4432yU2XhMR2jrWEN7aWls', 'Tuesday', 0, 0, 0, 0, 0, 0, 0, 0, 16, 38, 72, 100, 94, 61, 0, 0, 0, 33, 66, 72, 38, 0, 0, 0),
('ChIJY4432yU2XhMR2jrWEN7aWls', 'Wednesday', 0, 0, 0, 0, 0, 0, 0, 0, 0, 0, 0, 0, 0, 0, 0, 0, 0, 0, 0, 0, 0, 0, 0, 0),
('ChIJY4432yU2XhMR2jrWEN7aWls', 'Thursday', 0, 0, 0, 0, 0, 0, 0, 0, 11, 27, 55, 77, 72, 44, 0, 0, 0, 66, 100, 66, 16, 0, 0, 0),
('ChIJY4432yU2XhMR2jrWEN7aWls', 'Friday', 0, 0, 0, 0, 0, 0, 0, 0, 5, 22, 50, 83, 88, 66, 0, 0, 0, 27, 61, 83, 72, 0, 0, 0),
('ChIJY4432yU2XhMR2jrWEN7aWls', 'Saturday', 0, 0, 0, 0, 0, 0, 0, 0, 0, 0, 0, 0, 0, 0, 0, 0, 0, 0, 0, 0, 0, 0, 0, 0),
('ChIJY4432yU2XhMR2jrWEN7aWls', 'Sunday', 0, 0, 0, 0, 0, 0, 0, 0, 0, 0, 0, 0, 0, 0, 0, 0, 0, 0, 0, 0, 0, 0, 0, 0),
('ChIJqXfObCc2XhMRnI9QBuMheio', 'Monday', 0, 0, 0, 0, 0, 0, 0, 0, 0, 0, 0, 0, 0, 0, 0, 0, 0, 0, 0, 0, 0, 0, 0, 0),
('ChIJqXfObCc2XhMRnI9QBuMheio', 'Tuesday', 0, 0, 0, 0, 0, 0, 0, 0, 0, 0, 14, 22, 28, 28, 23, 19, 21, 27, 26, 17, 0, 0, 0, 0),
('ChIJqXfObCc2XhMRnI9QBuMheio', 'Wednesday', 0, 0, 0, 0, 0, 0, 0, 0, 0, 0, 78, 100, 94, 70, 49, 36, 28, 0, 0, 0, 0, 0, 0, 0),
('ChIJqXfObCc2XhMRnI9QBuMheio', 'Thursday', 0, 0, 0, 0, 0, 0, 0, 0, 0, 0, 21, 17, 12, 17, 25, 24, 16, 10, 32, 43, 0, 0, 0, 0),
('ChIJqXfObCc2XhMRnI9QBuMheio', 'Friday', 0, 0, 0, 0, 0, 0, 0, 0, 0, 0, 33, 24, 13, 19, 26, 26, 21, 19, 22, 19, 0, 0, 0, 0),
('ChIJqXfObCc2XhMRnI9QBuMheio', 'Saturday', 0, 0, 0, 0, 0, 0, 0, 0, 0, 0, 29, 23, 16, 19, 26, 26, 18, 0, 0, 0, 0, 0, 0, 0),
('ChIJqXfObCc2XhMRnI9QBuMheio', 'Sunday', 0, 0, 0, 0, 0, 0, 0, 0, 0, 0, 0, 0, 0, 0, 0, 0, 0, 0, 0, 0, 0, 0, 0, 0),
('ChIJw1cp-C9JXhMR8v9XtGbMjCc', 'Monday', 0, 0, 0, 0, 0, 0, 0, 0, 0, 0, 0, 0, 0, 0, 0, 0, 0, 0, 0, 0, 0, 0, 0, 0),
('ChIJw1cp-C9JXhMR8v9XtGbMjCc', 'Tuesday', 0, 0, 0, 0, 0, 0, 0, 0, 0, 36, 42, 36, 26, 0, 0, 0, 0, 31, 89, 100, 42, 0, 0, 0),
('ChIJw1cp-C9JXhMR8v9XtGbMjCc', 'Wednesday', 0, 0, 0, 0, 0, 0, 0, 0, 0, 0, 0, 0, 0, 0, 0, 0, 0, 0, 0, 0, 0, 0, 0, 0),
('ChIJw1cp-C9JXhMR8v9XtGbMjCc', 'Thursday', 0, 0, 0, 0, 0, 0, 0, 0, 0, 42, 57, 52, 36, 0, 0, 0, 0, 21, 42, 52, 47, 0, 0, 0),
('ChIJw1cp-C9JXhMR8v9XtGbMjCc', 'Friday', 0, 0, 0, 0, 0, 0, 0, 0, 0, 0, 15, 47, 94, 100, 52, 26, 47, 78, 89, 68, 0, 0, 0, 0),
('ChIJw1cp-C9JXhMR8v9XtGbMjCc', 'Saturday', 0, 0, 0, 0, 0, 0, 0, 0, 0, 42, 42, 31, 31, 36, 31, 15, 0, 0, 0, 0, 0, 0, 0, 0),
('ChIJw1cp-C9JXhMR8v9XtGbMjCc', 'Sunday', 0, 0, 0, 0, 0, 0, 0, 0, 0, 0, 0, 0, 0, 0, 0, 0, 0, 0, 0, 0, 0, 0, 0, 0),
('ChIJx3OiIMg3XhMRFJiKIFiuXjs', 'Monday', 0, 0, 0, 0, 0, 0, 0, 8, 19, 32, 44, 46, 37, 23, 13, 0, 0, 0, 0, 0, 0, 0, 0, 0),
('ChIJx3OiIMg3XhMRFJiKIFiuXjs', 'Tuesday', 0, 0, 0, 0, 0, 0, 0, 5, 19, 35, 43, 50, 67, 55, 23, 0, 0, 14, 16, 11, 5, 0, 0, 0),
('ChIJx3OiIMg3XhMRFJiKIFiuXjs', 'Wednesday', 0, 0, 0, 0, 0, 0, 0, 14, 38, 37, 16, 17, 31, 34, 22, 0, 0, 0, 0, 0, 0, 0, 0, 0),
('ChIJx3OiIMg3XhMRFJiKIFiuXjs', 'Thursday', 0, 0, 0, 0, 0, 0, 0, 5, 13, 23, 35, 40, 35, 26, 19, 0, 0, 14, 14, 14, 13, 0, 0, 0),
('ChIJx3OiIMg3XhMRFJiKIFiuXjs', 'Friday', 0, 0, 0, 0, 0, 0, 0, 8, 17, 29, 37, 38, 34, 40, 29, 0, 0, 10, 20, 28, 25, 0, 0, 0),
('ChIJx3OiIMg3XhMRFJiKIFiuXjs', 'Saturday', 0, 0, 0, 0, 0, 0, 0, 2, 20, 64, 100, 88, 64, 55, 43, 23, 0, 0, 0, 0, 0, 0, 0, 0),
('ChIJx3OiIMg3XhMRFJiKIFiuXjs', 'Sunday', 0, 0, 0, 0, 0, 0, 0, 0, 0, 0, 0, 0, 0, 0, 0, 0, 0, 0, 0, 0, 0, 0, 0, 0),
('ChIJz_07-W03XhMRvRymy1Ccda0', 'Monday', 0, 0, 0, 0, 0, 0, 23, 43, 62, 66, 60, 53, 56, 55, 43, 30, 29, 42, 60, 76, 84, 0, 0, 0),
('ChIJz_07-W03XhMRvRymy1Ccda0', 'Tuesday', 0, 0, 0, 0, 0, 0, 42, 60, 70, 66, 58, 56, 60, 63, 57, 48, 47, 56, 71, 83, 86, 0, 0, 0),
('ChIJz_07-W03XhMRvRymy1Ccda0', 'Wednesday', 0, 0, 0, 0, 0, 0, 32, 51, 68, 77, 80, 87, 97, 93, 69, 45, 40, 53, 73, 91, 100, 0, 0, 0),
('ChIJz_07-W03XhMRvRymy1Ccda0', 'Thursday', 0, 0, 0, 0, 0, 0, 33, 45, 52, 56, 62, 72, 77, 67, 47, 33, 36, 50, 67, 81, 86, 0, 0, 0),
('ChIJz_07-W03XhMRvRymy1Ccda0', 'Friday', 0, 0, 0, 0, 0, 0, 40, 57, 70, 76, 76, 76, 76, 69, 56, 44, 41, 47, 57, 66, 71, 0, 0, 0),
('ChIJz_07-W03XhMRvRymy1Ccda0', 'Saturday', 0, 0, 0, 0, 0, 0, 0, 0, 36, 48, 58, 66, 71, 71, 66, 58, 49, 46, 56, 66, 63, 0, 0, 0),
('ChIJz_07-W03XhMRvRymy1Ccda0', 'Sunday', 0, 0, 0, 0, 0, 0, 0, 0, 26, 34, 41, 46, 48, 47, 43, 38, 38, 44, 54, 62, 63, 0, 0, 0),
('ChIJ24KnIg83XhMRX_b9V6y7PKE', 'Monday', 0, 0, 0, 0, 0, 0, 0, 0, 13, 33, 54, 65, 67, 56, 33, 0, 0, 0, 0, 0, 0, 0, 0, 0),
('ChIJ24KnIg83XhMRX_b9V6y7PKE', 'Tuesday', 0, 0, 0, 0, 0, 0, 0, 0, 13, 24, 37, 47, 50, 44, 33, 0, 0, 28, 69, 100, 72, 0, 0, 0),
('ChIJ24KnIg83XhMRX_b9V6y7PKE', 'Wednesday', 0, 0, 0, 0, 0, 0, 0, 0, 19, 42, 46, 42, 47, 50, 38, 0, 0, 0, 0, 0, 0, 0, 0, 0),
('ChIJ24KnIg83XhMRX_b9V6y7PKE', 'Thursday', 0, 0, 0, 0, 0, 0, 0, 0, 9, 16, 25, 31, 33, 30, 26, 0, 0, 50, 68, 70, 51, 0, 0, 0),
('ChIJ24KnIg83XhMRX_b9V6y7PKE', 'Friday', 0, 0, 0, 0, 0, 0, 0, 0, 19, 30, 42, 50, 52, 46, 36, 0, 0, 37, 62, 69, 44, 0, 0, 0),
('ChIJ24KnIg83XhMRX_b9V6y7PKE', 'Saturday', 0, 0, 0, 0, 0, 0, 0, 0, 0, 31, 56, 79, 86, 74, 49, 0, 0, 0, 0, 0, 0, 0, 0, 0),
('ChIJ24KnIg83XhMRX_b9V6y7PKE', 'Sunday', 0, 0, 0, 0, 0, 0, 0, 0, 0, 0, 0, 0, 0, 0, 0, 0, 0, 0, 0, 0, 0, 0, 0, 0),
('ChIJt7LpHPs3XhMRn1RE73k4Bbs', 'Monday', 0, 0, 0, 0, 0, 0, 0, 16, 23, 32, 46, 60, 72, 79, 76, 67, 58, 53, 55, 58, 55, 41, 30, 0),
('ChIJt7LpHPs3XhMRn1RE73k4Bbs', 'Tuesday', 0, 0, 0, 0, 0, 0, 0, 23, 25, 32, 41, 55, 65, 62, 48, 32, 27, 30, 41, 48, 48, 39, 27, 0),
('ChIJt7LpHPs3XhMRn1RE73k4Bbs', 'Wednesday', 0, 0, 0, 0, 0, 0, 0, 25, 27, 25, 23, 25, 48, 90, 95, 55, 27, 30, 41, 53, 53, 48, 37, 0),
('ChIJt7LpHPs3XhMRn1RE73k4Bbs', 'Thursday', 0, 0, 0, 0, 0, 0, 0, 30, 32, 34, 39, 48, 74, 100, 88, 60, 53, 58, 65, 65, 60, 48, 34, 0),
('ChIJt7LpHPs3XhMRn1RE73k4Bbs', 'Friday', 0, 0, 0, 0, 0, 0, 0, 20, 23, 25, 25, 34, 53, 76, 83, 65, 46, 51, 67, 81, 74, 53, 30, 0),
('ChIJt7LpHPs3XhMRn1RE73k4Bbs', 'Saturday', 0, 0, 0, 0, 0, 0, 0, 18, 25, 37, 53, 65, 72, 67, 55, 46, 41, 44, 51, 58, 60, 58, 48, 0),
('ChIJt7LpHPs3XhMRn1RE73k4Bbs', 'Sunday', 0, 0, 0, 0, 0, 0, 0, 23, 27, 37, 53, 72, 88, 100, 100, 90, 81, 74, 76, 79, 72, 55, 39, 0),
('ChIJReMkcU03XhMRHtlq-RGG_Mc', 'Monday', 0, 0, 0, 0, 0, 0, 0, 5, 7, 9, 10, 12, 15, 17, 13, 7, 6, 9, 12, 14, 13, 0, 0, 0),
('ChIJReMkcU03XhMRHtlq-RGG_Mc', 'Tuesday', 0, 0, 0, 0, 0, 0, 0, 6, 9, 13, 16, 17, 17, 15, 12, 8, 7, 9, 16, 22, 18, 0, 0, 0),
('ChIJReMkcU03XhMRHtlq-RGG_Mc', 'Wednesday', 0, 0, 0, 0, 0, 0, 0, 14, 36, 66, 92, 100, 85, 58, 31, 15, 11, 12, 14, 14, 12, 0, 0, 0),
('ChIJReMkcU03XhMRHtlq-RGG_Mc', 'Thursday', 0, 0, 0, 0, 0, 0, 0, 5, 6, 9, 15, 21, 22, 16, 10, 8, 9, 11, 12, 13, 12, 0, 0, 0),
('ChIJReMkcU03XhMRHtlq-RGG_Mc', 'Friday', 0, 0, 0, 0, 0, 0, 0, 7, 9, 11, 12, 14, 15, 16, 14, 9, 7, 9, 15, 18, 14, 0, 0, 0),
('ChIJReMkcU03XhMRHtlq-RGG_Mc', 'Saturday', 0, 0, 0, 0, 0, 0, 0, 3, 4, 6, 9, 14, 16, 14, 10, 6, 5, 6, 9, 9, 7, 0, 0, 0),
('ChIJReMkcU03XhMRHtlq-RGG_Mc', 'Sunday', 0, 0, 0, 0, 0, 0, 0, 0, 2, 5, 8, 11, 11, 9, 6, 4, 4, 5, 6, 6, 4, 0, 0, 0),
('ChIJf0kcnSc2XhMRu-Lg9p3PZjI', 'Monday', 0, 0, 0, 0, 0, 0, 0, 0, 0, 40, 59, 66, 51, 29, 11, 0, 0, 0, 0, 0, 0, 0, 0, 0),
('ChIJf0kcnSc2XhMRu-Lg9p3PZjI', 'Tuesday', 0, 0, 0, 0, 0, 0, 0, 0, 11, 33, 70, 81, 59, 40, 40, 40, 51, 81, 100, 100, 77, 0, 0, 0),
('ChIJf0kcnSc2XhMRu-Lg9p3PZjI', 'Wednesday', 0, 0, 0, 0, 0, 0, 0, 0, 0, 14, 25, 40, 48, 44, 29, 0, 0, 0, 0, 0, 0, 0, 0, 0),
('ChIJf0kcnSc2XhMRu-Lg9p3PZjI', 'Thursday', 0, 0, 0, 0, 0, 0, 0, 3, 11, 25, 37, 40, 33, 18, 7, 3, 7, 29, 66, 77, 40, 0, 0, 0),
('ChIJf0kcnSc2XhMRu-Lg9p3PZjI', 'Friday', 0, 0, 0, 0, 0, 0, 0, 7, 22, 14, 14, 22, 29, 29, 25, 18, 11, 3, 3, 40, 40, 0, 0, 0),
('ChIJf0kcnSc2XhMRu-Lg9p3PZjI', 'Saturday', 0, 0, 0, 0, 0, 0, 0, 0, 0, 11, 29, 51, 59, 44, 22, 0, 0, 0, 0, 0, 0, 0, 0, 0),
('ChIJf0kcnSc2XhMRu-Lg9p3PZjI', 'Sunday', 0, 0, 0, 0, 0, 0, 0, 0, 0, 0, 0, 0, 0, 0, 0, 0, 0, 0, 0, 0, 0, 0, 0, 0),
('ChIJeWquqyE2XhMRLB_819PA_b0', 'Monday', 0, 0, 0, 0, 0, 0, 0, 0, 0, 34, 57, 42, 31, 57, 51, 0, 0, 0, 0, 0, 0, 0, 0, 0),
('ChIJeWquqyE2XhMRLB_819PA_b0', 'Tuesday', 0, 0, 0, 0, 0, 0, 0, 0, 0, 25, 51, 77, 77, 54, 28, 0, 0, 54, 85, 51, 68, 0, 0, 0),
('ChIJeWquqyE2XhMRLB_819PA_b0', 'Wednesday', 0, 0, 0, 0, 0, 0, 0, 0, 0, 25, 37, 45, 48, 40, 28, 0, 0, 0, 0, 0, 0, 0, 0, 0),
('ChIJeWquqyE2XhMRLB_819PA_b0', 'Thursday', 0, 0, 0, 0, 0, 0, 0, 0, 0, 25, 51, 48, 57, 48, 14, 0, 0, 17, 37, 51, 42, 0, 0, 0),
('ChIJeWquqyE2XhMRLB_819PA_b0', 'Friday', 0, 0, 0, 0, 0, 0, 0, 0, 0, 20, 34, 48, 51, 45, 31, 0, 0, 34, 54, 60, 42, 0, 0, 0),
('ChIJeWquqyE2XhMRLB_819PA_b0', 'Saturday', 0, 0, 0, 0, 0, 0, 0, 0, 0, 51, 100, 74, 37, 42, 37, 0, 0, 0, 5, 0, 0, 0, 0, 0),
('ChIJeWquqyE2XhMRLB_819PA_b0', 'Sunday', 0, 0, 0, 0, 0, 0, 0, 0, 0, 0, 0, 0, 0, 0, 0, 0, 0, 0, 0, 0, 0, 0, 0, 0),
('ChIJKT-X7SA2XhMR2dSVr5pougg', 'Monday', 0, 0, 0, 0, 0, 0, 0, 0, 27, 44, 71, 95, 100, 78, 46, 25, 23, 37, 51, 50, 34, 0, 0, 0),
('ChIJKT-X7SA2XhMR2dSVr5pougg', 'Tuesday', 0, 0, 0, 0, 0, 0, 0, 0, 9, 18, 32, 47, 55, 49, 36, 23, 18, 24, 32, 32, 20, 0, 0, 0),
('ChIJKT-X7SA2XhMR2dSVr5pougg', 'Wednesday', 0, 0, 0, 0, 0, 0, 0, 0, 21, 30, 40, 46, 48, 44, 37, 33, 34, 40, 45, 44, 34, 0, 0, 0),
('ChIJKT-X7SA2XhMR2dSVr5pougg', 'Thursday', 0, 0, 0, 0, 0, 0, 0, 0, 13, 26, 44, 55, 54, 40, 24, 14, 16, 26, 40, 45, 36, 0, 0, 0),
('ChIJKT-X7SA2XhMR2dSVr5pougg', 'Friday', 0, 0, 0, 0, 0, 0, 0, 0, 31, 45, 55, 57, 51, 39, 27, 20, 20, 25, 32, 34, 30, 0, 0, 0),
('ChIJKT-X7SA2XhMR2dSVr5pougg', 'Saturday', 0, 0, 0, 0, 0, 0, 0, 0, 16, 37, 50, 53, 79, 55, 29, 29, 30, 30, 27, 24, 0, 0, 0, 0),
('ChIJKT-X7SA2XhMR2dSVr5pougg', 'Sunday', 0, 0, 0, 0, 0, 0, 0, 0, 0, 0, 0, 0, 0, 0, 0, 0, 0, 0, 0, 0, 0, 0, 0, 0),
('ChIJmzSR7SA2XhMRpWcgvrhnQEY', 'Monday', 0, 0, 0, 0, 0, 0, 0, 60, 52, 52, 65, 76, 84, 84, 76, 65, 0, 0, 0, 0, 0, 0, 0, 0),
('ChIJmzSR7SA2XhMRpWcgvrhnQEY', 'Tuesday', 0, 0, 0, 0, 0, 0, 0, 57, 50, 55, 65, 71, 71, 63, 52, 39, 0, 0, 0, 0, 0, 0, 0, 0),
('ChIJmzSR7SA2XhMRpWcgvrhnQEY', 'Wednesday', 0, 0, 0, 0, 0, 0, 0, 39, 44, 65, 84, 94, 94, 81, 65, 50, 0, 0, 0, 0, 0, 0, 0, 0),
('ChIJmzSR7SA2XhMRpWcgvrhnQEY', 'Thursday', 0, 0, 0, 0, 0, 0, 0, 65, 55, 47, 55, 63, 65, 57, 44, 31, 0, 0, 0, 0, 0, 0, 0, 0),
('ChIJmzSR7SA2XhMRpWcgvrhnQEY', 'Friday', 0, 0, 0, 0, 0, 0, 0, 60, 55, 50, 60, 76, 84, 76, 57, 34, 0, 0, 0, 0, 0, 0, 0, 0),
('ChIJmzSR7SA2XhMRpWcgvrhnQEY', 'Saturday', 0, 0, 0, 0, 0, 0, 0, 44, 63, 81, 94, 100, 94, 81, 63, 44, 0, 0, 0, 0, 0, 0, 0, 0),
('ChIJmzSR7SA2XhMRpWcgvrhnQEY', 'Sunday', 0, 0, 0, 0, 0, 0, 0, 0, 0, 0, 0, 0, 0, 0, 0, 0, 0, 0, 0, 0, 0, 0, 0, 0),
('ChIJn_SgKe03XhMRvsbE3xFr8Ao', 'Monday', 0, 0, 0, 0, 0, 0, 0, 0, 67, 100, 88, 79, 79, 69, 51, 41, 44, 48, 0, 0, 0, 0, 0, 0),
('ChIJn_SgKe03XhMRvsbE3xFr8Ao', 'Tuesday', 0, 0, 0, 0, 0, 0, 0, 0, 32, 86, 97, 65, 58, 67, 74, 76, 74, 65, 0, 0, 0, 0, 0, 0),
('ChIJn_SgKe03XhMRvsbE3xFr8Ao', 'Wednesday', 0, 0, 0, 0, 0, 0, 0, 0, 39, 65, 83, 88, 83, 76, 69, 62, 62, 67, 0, 0, 0, 0, 0, 0),
('ChIJn_SgKe03XhMRvsbE3xFr8Ao', 'Thursday', 0, 0, 0, 0, 0, 0, 0, 0, 32, 93, 51, 34, 48, 62, 65, 58, 51, 46, 0, 0, 0, 0, 0, 0),
('ChIJn_SgKe03XhMRvsbE3xFr8Ao', 'Friday', 0, 0, 0, 0, 0, 0, 0, 0, 46, 86, 58, 62, 76, 79, 76, 69, 69, 67, 0, 0, 0, 0, 0, 0),
('ChIJn_SgKe03XhMRvsbE3xFr8Ao', 'Saturday', 0, 0, 0, 0, 0, 0, 0, 0, 0, 0, 0, 0, 0, 0, 0, 0, 0, 0, 0, 0, 0, 0, 0, 0),
('ChIJn_SgKe03XhMRvsbE3xFr8Ao', 'Sunday', 0, 0, 0, 0, 0, 0, 0, 0, 0, 0, 0, 0, 0, 0, 0, 0, 0, 0, 0, 0, 0, 0, 0, 0),
('ChIJs26l3KI3XhMR7NBzdimtWlc', 'Monday', 0, 0, 0, 0, 0, 0, 0, 0, 27, 38, 45, 59, 78, 83, 67, 46, 37, 41, 47, 45, 33, 0, 0, 0),
('ChIJs26l3KI3XhMR7NBzdimtWlc', 'Tuesday', 0, 0, 0, 0, 0, 0, 0, 0, 20, 36, 53, 67, 74, 71, 60, 45, 35, 38, 52, 59, 47, 0, 0, 0),
('ChIJs26l3KI3XhMR7NBzdimtWlc', 'Wednesday', 0, 0, 0, 0, 0, 0, 0, 0, 24, 41, 58, 70, 75, 71, 59, 46, 37, 37, 43, 43, 33, 0, 0, 0),
('ChIJs26l3KI3XhMR7NBzdimtWlc', 'Thursday', 0, 0, 0, 0, 0, 0, 0, 0, 21, 36, 52, 63, 66, 61, 48, 32, 19, 17, 39, 63, 46, 0, 0, 0),
('ChIJs26l3KI3XhMR7NBzdimtWlc', 'Friday', 0, 0, 0, 0, 0, 0, 0, 0, 25, 49, 74, 92, 98, 92, 70, 41, 23, 32, 58, 69, 47, 0, 0, 0),
('ChIJs26l3KI3XhMR7NBzdimtWlc', 'Saturday', 0, 0, 0, 0, 0, 0, 0, 0, 21, 42, 66, 88, 100, 96, 79, 56, 35, 25, 56, 61, 0, 0, 0, 0),
('ChIJs26l3KI3XhMR7NBzdimtWlc', 'Sunday', 0, 0, 0, 0, 0, 0, 0, 0, 0, 0, 0, 0, 0, 0, 0, 0, 0, 0, 0, 0, 0, 0, 0, 0),
('ChIJGfuRsONJXhMRQ-9vUU0WSjI', 'Monday', 0, 0, 0, 0, 0, 0, 0, 13, 50, 93, 76, 83, 83, 66, 40, 0, 0, 0, 0, 0, 0, 0, 0, 0),
('ChIJGfuRsONJXhMRQ-9vUU0WSjI', 'Tuesday', 0, 0, 0, 0, 0, 0, 0, 23, 43, 63, 73, 76, 90, 90, 40, 0, 0, 23, 36, 46, 40, 0, 0, 0),
('ChIJGfuRsONJXhMRQ-9vUU0WSjI', 'Wednesday', 0, 0, 0, 0, 0, 0, 0, 26, 46, 70, 90, 90, 76, 53, 30, 0, 0, 0, 0, 0, 0, 0, 0, 0),
('ChIJGfuRsONJXhMRQ-9vUU0WSjI', 'Thursday', 0, 0, 0, 0, 0, 0, 0, 13, 30, 53, 73, 76, 66, 43, 23, 0, 0, 40, 56, 33, 46, 0, 0, 0),
('ChIJGfuRsONJXhMRQ-9vUU0WSjI', 'Friday', 0, 0, 0, 0, 0, 0, 0, 13, 40, 63, 60, 66, 93, 80, 33, 0, 0, 16, 26, 26, 13, 0, 0, 0),
('ChIJGfuRsONJXhMRQ-9vUU0WSjI', 'Saturday', 0, 0, 0, 0, 0, 0, 0, 6, 26, 60, 86, 80, 80, 100, 56, 0, 0, 0, 0, 0, 0, 0, 0, 0),
('ChIJGfuRsONJXhMRQ-9vUU0WSjI', 'Sunday', 0, 0, 0, 0, 0, 0, 0, 0, 0, 0, 0, 0, 0, 0, 0, 0, 0, 0, 0, 0, 0, 0, 0, 0),
('ChIJsVkvueNJXhMRB3fJo2F0Eg8', 'Monday', 18, 0, 0, 0, 0, 0, 18, 22, 32, 51, 75, 97, 100, 84, 58, 37, 30, 32, 40, 47, 48, 44, 35, 25),
('ChIJsVkvueNJXhMRB3fJo2F0Eg8', 'Tuesday', 17, 0, 0, 0, 0, 0, 21, 27, 35, 48, 62, 74, 75, 67, 52, 38, 31, 31, 37, 42, 48, 48, 44, 37),
('ChIJsVkvueNJXhMRB3fJo2F0Eg8', 'Wednesday', 30, 0, 0, 0, 0, 0, 22, 32, 45, 58, 67, 68, 62, 51, 38, 30, 28, 35, 48, 60, 62, 58, 47, 35),
('ChIJsVkvueNJXhMRB3fJo2F0Eg8', 'Thursday', 27, 0, 0, 0, 0, 0, 24, 30, 37, 45, 60, 74, 80, 72, 55, 41, 37, 38, 42, 47, 47, 45, 40, 32),
('ChIJsVkvueNJXhMRB3fJo2F0Eg8', 'Friday', 25, 0, 0, 0, 0, 0, 32, 41, 48, 54, 58, 60, 60, 55, 48, 41, 35, 34, 41, 51, 57, 52, 41, 25),
('ChIJsVkvueNJXhMRB3fJo2F0Eg8', 'Saturday', 14, 0, 0, 0, 0, 0, 12, 20, 30, 42, 58, 70, 72, 68, 57, 44, 38, 38, 42, 48, 50, 47, 38, 28),
('ChIJsVkvueNJXhMRB3fJo2F0Eg8', 'Sunday', 18, 0, 0, 0, 0, 0, 15, 22, 32, 47, 58, 62, 57, 47, 38, 34, 34, 35, 38, 38, 37, 32, 28, 22),
('ChIJdz60KyA2XhMRiCVdmLDxyx8', 'Monday', 0, 0, 0, 0, 0, 0, 0, 0, 18, 34, 50, 56, 50, 34, 0, 0, 0, 0, 0, 0, 0, 0, 0, 0),
('ChIJdz60KyA2XhMRiCVdmLDxyx8', 'Tuesday', 0, 0, 0, 0, 0, 0, 0, 0, 18, 43, 71, 84, 65, 37, 0, 0, 0, 12, 12, 12, 12, 0, 0, 0),
('ChIJdz60KyA2XhMRiCVdmLDxyx8', 'Wednesday', 0, 0, 0, 0, 0, 0, 0, 0, 12, 18, 28, 40, 43, 37, 0, 0, 0, 0, 0, 0, 0, 0, 0, 0),
('ChIJdz60KyA2XhMRiCVdmLDxyx8', 'Thursday', 0, 0, 0, 0, 0, 0, 0, 0, 25, 40, 71, 100, 90, 50, 0, 0, 0, 9, 18, 18, 12, 0, 0, 0),
('ChIJdz60KyA2XhMRiCVdmLDxyx8', 'Friday', 0, 0, 0, 0, 0, 0, 0, 0, 3, 18, 50, 75, 68, 37, 0, 0, 0, 9, 9, 9, 9, 0, 0, 0),
('ChIJdz60KyA2XhMRiCVdmLDxyx8', 'Saturday', 0, 0, 0, 0, 0, 0, 0, 0, 0, 0, 0, 0, 0, 0, 0, 0, 0, 0, 0, 0, 0, 0, 0, 0),
('ChIJdz60KyA2XhMRiCVdmLDxyx8', 'Sunday', 0, 0, 0, 0, 0, 0, 0, 0, 0, 0, 0, 0, 0, 0, 0, 0, 0, 0, 0, 0, 0, 0, 0, 0),
('ChIJYW7ZL-hJXhMR9ve2dpMf5Io', 'Monday', 0, 0, 0, 0, 0, 0, 0, 22, 47, 71, 83, 89, 90, 80, 58, 0, 0, 0, 0, 0, 0, 0, 0, 0),
('ChIJYW7ZL-hJXhMR9ve2dpMf5Io', 'Tuesday', 0, 0, 0, 0, 0, 0, 0, 30, 63, 88, 92, 90, 90, 81, 56, 0, 0, 0, 0, 0, 0, 0, 0, 0),
('ChIJYW7ZL-hJXhMR9ve2dpMf5Io', 'Wednesday', 0, 0, 0, 0, 0, 0, 0, 25, 59, 84, 91, 94, 100, 90, 64, 0, 0, 0, 0, 0, 0, 0, 0, 0),
('ChIJYW7ZL-hJXhMR9ve2dpMf5Io', 'Thursday', 0, 0, 0, 0, 0, 0, 0, 10, 40, 80, 97, 86, 87, 85, 50, 0, 0, 0, 0, 0, 0, 0, 0, 0),
('ChIJYW7ZL-hJXhMR9ve2dpMf5Io', 'Friday', 0, 0, 0, 0, 0, 0, 0, 19, 44, 51, 49, 66, 92, 90, 60, 0, 0, 0, 0, 0, 0, 0, 0, 0),
('ChIJYW7ZL-hJXhMR9ve2dpMf5Io', 'Saturday', 0, 0, 0, 0, 0, 0, 0, 0, 0, 0, 0, 0, 0, 0, 0, 0, 0, 0, 0, 0, 0, 0, 0, 0),
('ChIJYW7ZL-hJXhMR9ve2dpMf5Io', 'Sunday', 0, 0, 0, 0, 0, 0, 0, 0, 0, 0, 0, 0, 0, 0, 0, 0, 0, 0, 0, 0, 0, 0, 0, 0),
('ChIJaczbf8JJXhMR9QcBFbdskRA', 'Monday', 0, 0, 0, 0, 0, 0, 0, 0, 0, 44, 55, 51, 41, 24, 0, 0, 0, 0, 0, 0, 0, 0, 0, 0),
('ChIJaczbf8JJXhMR9QcBFbdskRA', 'Tuesday', 0, 0, 0, 0, 0, 0, 0, 0, 0, 48, 62, 51, 27, 10, 0, 0, 0, 3, 10, 0, 0, 0, 0, 0),
('ChIJaczbf8JJXhMR9QcBFbdskRA', 'Wednesday', 0, 0, 0, 0, 0, 0, 0, 0, 0, 58, 72, 55, 24, 0, 0, 0, 0, 0, 3, 10, 0, 0, 0, 0),
('ChIJaczbf8JJXhMR9QcBFbdskRA', 'Thursday', 0, 0, 0, 0, 0, 0, 0, 0, 0, 55, 72, 55, 27, 6, 0, 0, 0, 6, 13, 13, 0, 0, 0, 0),
('ChIJaczbf8JJXhMR9QcBFbdskRA', 'Friday', 0, 0, 0, 0, 0, 0, 0, 0, 0, 72, 100, 75, 44, 17, 0, 0, 0, 0, 3, 3, 0, 0, 0, 0),
('ChIJaczbf8JJXhMR9QcBFbdskRA', 'Saturday', 0, 0, 0, 0, 0, 0, 0, 0, 0, 41, 65, 51, 17, 0, 0, 0, 0, 0, 0, 0, 0, 0, 0, 0),
('ChIJaczbf8JJXhMR9QcBFbdskRA', 'Sunday', 0, 0, 0, 0, 0, 0, 0, 0, 0, 0, 0, 0, 0, 0, 0, 0, 0, 0, 0, 0, 0, 0, 0, 0),
('ChIJFxIYOehJXhMRTnfIBMK7Cjw', 'Monday', 0, 0, 0, 0, 0, 0, 0, 0, 0, 49, 80, 100, 92, 63, 33, 0, 0, 0, 0, 0, 0, 0, 0, 0),
('ChIJFxIYOehJXhMRTnfIBMK7Cjw', 'Tuesday', 0, 0, 0, 0, 0, 0, 0, 0, 0, 31, 49, 59, 56, 40, 22, 12, 14, 31, 52, 56, 36, 0, 0, 0),
('ChIJFxIYOehJXhMRTnfIBMK7Cjw', 'Wednesday', 0, 0, 0, 0, 0, 0, 0, 0, 0, 12, 31, 50, 49, 28, 10, 0, 0, 0, 0, 0, 0, 0, 0, 0),
('ChIJFxIYOehJXhMRTnfIBMK7Cjw', 'Thursday', 0, 0, 0, 0, 0, 0, 0, 0, 0, 35, 54, 66, 64, 49, 29, 14, 8, 21, 56, 64, 31, 0, 0, 0),
('ChIJFxIYOehJXhMRTnfIBMK7Cjw', 'Friday', 0, 0, 0, 0, 0, 0, 0, 0, 0, 42, 68, 78, 66, 42, 19, 8, 14, 42, 71, 64, 33, 0, 0, 0),
('ChIJFxIYOehJXhMRTnfIBMK7Cjw', 'Saturday', 0, 0, 0, 0, 0, 0, 0, 0, 0, 7, 22, 49, 68, 61, 36, 0, 0, 0, 0, 0, 0, 0, 0, 0),
('ChIJFxIYOehJXhMRTnfIBMK7Cjw', 'Sunday', 0, 0, 0, 0, 0, 0, 0, 0, 0, 0, 0, 0, 0, 0, 0, 0, 0, 0, 0, 0, 0, 0, 0, 0),
('ChIJSap7relJXhMRUkopSQsXwuI', 'Monday', 0, 0, 0, 0, 0, 0, 0, 0, 0, 14, 59, 54, 59, 64, 28, 0, 0, 0, 0, 0, 0, 0, 0, 0),
('ChIJSap7relJXhMRUkopSQsXwuI', 'Tuesday', 0, 0, 0, 0, 0, 0, 0, 0, 0, 9, 52, 80, 95, 95, 0, 0, 0, 28, 64, 59, 21, 0, 0, 0),
('ChIJSap7relJXhMRUkopSQsXwuI', 'Wednesday', 0, 0, 0, 0, 0, 0, 0, 0, 0, 19, 52, 88, 100, 78, 40, 0, 0, 0, 0, 0, 0, 0, 0, 0),
('ChIJSap7relJXhMRUkopSQsXwuI', 'Thursday', 0, 0, 0, 0, 0, 0, 0, 0, 0, 7, 21, 57, 92, 88, 0, 0, 0, 54, 64, 40, 14, 0, 0, 0),
('ChIJSap7relJXhMRUkopSQsXwuI', 'Friday', 0, 0, 0, 0, 0, 0, 0, 0, 0, 30, 57, 73, 71, 50, 0, 0, 0, 21, 26, 26, 23, 0, 0, 0),
('ChIJSap7relJXhMRUkopSQsXwuI', 'Saturday', 0, 0, 0, 0, 0, 0, 0, 0, 0, 40, 73, 97, 97, 73, 40, 0, 0, 0, 0, 0, 0, 0, 0, 0),
('ChIJSap7relJXhMRUkopSQsXwuI', 'Sunday', 0, 0, 0, 0, 0, 0, 0, 0, 0, 0, 0, 0, 0, 0, 0, 0, 0, 0, 0, 0, 0, 0, 0, 0),
('ChIJhT1xJuhJXhMRB_dOMAB9G8A', 'Monday', 0, 0, 0, 0, 0, 0, 0, 0, 0, 0, 0, 12, 25, 39, 43, 33, 20, 12, 9, 7, 0, 0, 0, 0),
('ChIJhT1xJuhJXhMRB_dOMAB9G8A', 'Tuesday', 0, 0, 0, 0, 0, 0, 0, 0, 0, 0, 0, 10, 21, 45, 66, 62, 37, 17, 14, 19, 0, 0, 0, 0),
('ChIJhT1xJuhJXhMRB_dOMAB9G8A', 'Wednesday', 0, 0, 0, 0, 0, 0, 0, 0, 0, 0, 0, 17, 37, 60, 68, 53, 32, 19, 12, 9, 0, 0, 0, 0),
('ChIJhT1xJuhJXhMRB_dOMAB9G8A', 'Thursday', 0, 0, 0, 0, 0, 0, 0, 0, 0, 0, 0, 22, 53, 91, 100, 72, 41, 27, 22, 15, 0, 0, 0, 0),
('ChIJhT1xJuhJXhMRB_dOMAB9G8A', 'Friday', 0, 0, 0, 0, 0, 0, 0, 0, 0, 0, 0, 14, 39, 80, 100, 72, 31, 11, 10, 13, 0, 0, 0, 0),
('ChIJhT1xJuhJXhMRB_dOMAB9G8A', 'Saturday', 0, 0, 0, 0, 0, 0, 0, 0, 0, 0, 0, 12, 21, 43, 64, 56, 30, 12, 6, 3, 0, 0, 0, 0),
('ChIJhT1xJuhJXhMRB_dOMAB9G8A', 'Sunday', 0, 0, 0, 0, 0, 0, 0, 0, 0, 0, 0, 0, 0, 0, 0, 0, 0, 0, 0, 0, 0, 0, 0, 0),
('ChIJHf2oKOhJXhMRU48jxmo1y6s', 'Monday', 0, 0, 0, 0, 0, 0, 0, 0, 0, 60, 76, 72, 74, 84, 42, 0, 0, 0, 0, 0, 0, 0, 0, 0),
('ChIJHf2oKOhJXhMRU48jxmo1y6s', 'Tuesday', 0, 0, 0, 0, 0, 0, 0, 0, 0, 70, 76, 68, 80, 86, 0, 0, 0, 52, 88, 100, 72, 0, 0, 0),
('ChIJHf2oKOhJXhMRU48jxmo1y6s', 'Wednesday', 0, 0, 0, 0, 0, 0, 0, 0, 0, 60, 78, 76, 72, 56, 32, 0, 0, 0, 0, 0, 0, 0, 0, 0),
('ChIJHf2oKOhJXhMRU48jxmo1y6s', 'Thursday', 0, 0, 0, 0, 0, 0, 0, 0, 0, 46, 62, 64, 74, 62, 0, 0, 0, 34, 68, 76, 46, 0, 0, 0),
('ChIJHf2oKOhJXhMRU48jxmo1y6s', 'Friday', 0, 0, 0, 0, 0, 0, 0, 0, 0, 52, 82, 90, 100, 44, 0, 0, 0, 36, 88, 98, 50, 0, 0, 0),
('ChIJHf2oKOhJXhMRU48jxmo1y6s', 'Saturday', 0, 0, 0, 0, 0, 0, 0, 0, 0, 36, 68, 88, 84, 56, 0, 0, 0, 0, 0, 0, 0, 0, 0, 0),
('ChIJHf2oKOhJXhMRU48jxmo1y6s', 'Sunday', 0, 0, 0, 0, 0, 0, 0, 0, 0, 0, 0, 0, 0, 0, 0, 0, 0, 0, 0, 0, 0, 0, 0, 0),
('ChIJOeK7WuhJXhMRp1dmjE1OOmo', 'Monday', 0, 0, 0, 0, 0, 0, 0, 0, 35, 81, 84, 50, 52, 66, 37, 0, 0, 0, 0, 0, 0, 0, 0, 0),
('ChIJOeK7WuhJXhMRp1dmjE1OOmo', 'Tuesday', 0, 0, 0, 0, 0, 0, 0, 0, 20, 50, 84, 100, 83, 49, 22, 0, 0, 22, 32, 32, 20, 0, 0, 0),
('ChIJOeK7WuhJXhMRp1dmjE1OOmo', 'Wednesday', 0, 0, 0, 0, 0, 0, 0, 0, 45, 66, 67, 84, 100, 83, 45, 0, 0, 0, 0, 0, 0, 0, 0, 0),
('ChIJOeK7WuhJXhMRp1dmjE1OOmo', 'Thursday', 0, 0, 0, 0, 0, 0, 0, 0, 32, 60, 75, 67, 45, 30, 24, 0, 0, 32, 30, 28, 22, 0, 0, 0),
('ChIJOeK7WuhJXhMRp1dmjE1OOmo', 'Friday', 0, 0, 0, 0, 0, 0, 0, 0, 16, 50, 75, 69, 64, 54, 30, 0, 0, 24, 32, 32, 24, 0, 0, 0),
('ChIJOeK7WuhJXhMRp1dmjE1OOmo', 'Saturday', 0, 0, 0, 0, 0, 0, 0, 0, 16, 30, 37, 43, 45, 37, 20, 0, 0, 0, 0, 0, 0, 0, 0, 0),
('ChIJOeK7WuhJXhMRp1dmjE1OOmo', 'Sunday', 0, 0, 0, 0, 0, 0, 0, 0, 0, 0, 0, 0, 0, 0, 0, 0, 0, 0, 0, 0, 0, 0, 0, 0),
('ChIJLWNTMuhJXhMRc0uCYczaWys', 'Monday', 20, 10, 0, 0, 0, 0, 0, 0, 0, 9, 12, 15, 17, 16, 13, 9, 6, 5, 6, 7, 7, 7, 7, 6),
('ChIJLWNTMuhJXhMRc0uCYczaWys', 'Tuesday', 6, 6, 0, 0, 0, 0, 0, 0, 0, 10, 11, 12, 12, 11, 10, 9, 8, 8, 10, 14, 21, 27, 31, 30),
('ChIJLWNTMuhJXhMRc0uCYczaWys', 'Wednesday', 25, 18, 0, 0, 0, 0, 0, 0, 0, 11, 12, 13, 12, 11, 9, 7, 5, 4, 3, 6, 13, 27, 42, 50),
('ChIJLWNTMuhJXhMRc0uCYczaWys', 'Thursday', 43, 29, 0, 0, 0, 0, 0, 0, 0, 9, 12, 15, 16, 14, 10, 6, 4, 5, 10, 19, 30, 39, 42, 37),
('ChIJLWNTMuhJXhMRc0uCYczaWys', 'Friday', 26, 15, 0, 0, 0, 0, 0, 0, 4, 6, 8, 9, 9, 9, 8, 7, 6, 6, 9, 17, 32, 51, 71, 83),
('ChIJLWNTMuhJXhMRc0uCYczaWys', 'Saturday', 78, 57, 0, 0, 0, 0, 0, 0, 10, 12, 14, 14, 14, 13, 11, 9, 7, 6, 7, 12, 27, 52, 82, 100),
('ChIJLWNTMuhJXhMRc0uCYczaWys', 'Sunday', 95, 70, 0, 0, 0, 0, 0, 0, 0, 8, 8, 9, 9, 8, 8, 7, 7, 7, 7, 9, 17, 28, 35, 31),
('ChIJ8yJ6relJXhMRo2XqEv0keZU', 'Monday', 0, 0, 0, 0, 0, 0, 0, 0, 19, 38, 60, 79, 89, 86, 70, 50, 33, 40, 71, 83, 49, 0, 0, 0),
('ChIJ8yJ6relJXhMRo2XqEv0keZU', 'Tuesday', 0, 0, 0, 0, 0, 0, 0, 0, 16, 32, 49, 65, 74, 73, 62, 46, 37, 53, 84, 88, 49, 0, 0, 0),
('ChIJ8yJ6relJXhMRo2XqEv0keZU', 'Wednesday', 0, 0, 0, 0, 0, 0, 0, 0, 12, 35, 51, 58, 81, 100, 78, 52, 46, 46, 44, 40, 33, 0, 0, 0),
('ChIJ8yJ6relJXhMRo2XqEv0keZU', 'Thursday', 0, 0, 0, 0, 0, 0, 0, 0, 16, 30, 45, 59, 67, 66, 57, 46, 40, 46, 60, 64, 49, 0, 0, 0),
('ChIJ8yJ6relJXhMRo2XqEv0keZU', 'Friday', 0, 0, 0, 0, 0, 0, 0, 0, 12, 26, 44, 60, 69, 64, 51, 36, 32, 47, 67, 68, 42, 0, 0, 0),
('ChIJ8yJ6relJXhMRo2XqEv0keZU', 'Saturday', 0, 0, 0, 0, 0, 0, 0, 0, 5, 21, 44, 67, 80, 78, 64, 49, 38, 32, 25, 16, 0, 0, 0, 0),
('ChIJ8yJ6relJXhMRo2XqEv0keZU', 'Sunday', 0, 0, 0, 0, 0, 0, 0, 0, 0, 0, 0, 0, 0, 0, 0, 0, 0, 0, 0, 0, 0, 0, 0, 0),
('ChIJ4e-5v05JXhMRDZp4UgNSSqg', 'Monday', 0, 0, 0, 0, 0, 14, 28, 44, 58, 63, 56, 45, 49, 66, 50, 20, 17, 31, 44, 48, 37, 20, 0, 0),
('ChIJ4e-5v05JXhMRDZp4UgNSSqg', 'Tuesday', 0, 0, 0, 0, 0, 19, 29, 40, 46, 48, 56, 75, 84, 63, 31, 16, 18, 25, 32, 34, 31, 23, 0, 0),
('ChIJ4e-5v05JXhMRDZp4UgNSSqg', 'Wednesday', 0, 0, 0, 0, 0, 14, 26, 41, 58, 72, 77, 73, 62, 48, 36, 29, 27, 26, 26, 24, 20, 15, 0, 0),
('ChIJ4e-5v05JXhMRDZp4UgNSSqg', 'Thursday', 0, 0, 0, 0, 0, 12, 26, 45, 62, 71, 79, 92, 94, 70, 36, 13, 8, 13, 24, 30, 28, 19, 0, 0),
('ChIJ4e-5v05JXhMRDZp4UgNSSqg', 'Friday', 0, 0, 0, 0, 0, 13, 25, 41, 56, 65, 71, 80, 84, 61, 29, 16, 17, 26, 33, 34, 28, 19, 0, 0),
('ChIJ4e-5v05JXhMRDZp4UgNSSqg', 'Saturday', 0, 0, 0, 0, 0, 13, 21, 32, 44, 57, 67, 70, 64, 53, 40, 32, 32, 35, 37, 35, 27, 17, 0, 0),
('ChIJ4e-5v05JXhMRDZp4UgNSSqg', 'Sunday', 0, 0, 0, 0, 0, 0, 0, 14, 20, 35, 58, 84, 100, 95, 76, 57, 46, 40, 35, 27, 18, 0, 0, 0),
('ChIJyRizl0hJXhMRYIWm34jaikk', 'Monday', 0, 0, 0, 0, 0, 0, 0, 9, 36, 34, 16, 21, 34, 43, 43, 34, 22, 16, 22, 36, 48, 48, 34, 0),
('ChIJyRizl0hJXhMRYIWm34jaikk', 'Tuesday', 0, 0, 0, 0, 0, 0, 0, 6, 24, 54, 68, 53, 37, 34, 33, 28, 24, 24, 31, 42, 53, 57, 53, 0),
('ChIJyRizl0hJXhMRYIWm34jaikk', 'Wednesday', 0, 0, 0, 0, 0, 0, 0, 21, 31, 43, 53, 59, 57, 51, 42, 33, 28, 31, 42, 54, 60, 57, 43, 0),
('ChIJyRizl0hJXhMRYIWm34jaikk', 'Thursday', 0, 0, 0, 0, 0, 0, 0, 16, 30, 50, 68, 80, 83, 72, 56, 37, 24, 22, 36, 63, 90, 100, 83, 0),
('ChIJyRizl0hJXhMRYIWm34jaikk', 'Friday', 0, 0, 0, 0, 0, 0, 0, 9, 18, 30, 45, 60, 68, 69, 60, 46, 31, 22, 22, 34, 57, 77, 81, 66),
('ChIJyRizl0hJXhMRYIWm34jaikk', 'Saturday', 40, 19, 7, 0, 0, 0, 0, 4, 10, 22, 37, 54, 66, 66, 56, 40, 25, 16, 19, 31, 50, 65, 66, 54),
('ChIJyRizl0hJXhMRYIWm34jaikk', 'Sunday', 34, 18, 7, 0, 0, 0, 0, 0, 3, 13, 34, 63, 78, 66, 37, 15, 6, 12, 33, 68, 90, 81, 48, 0),
('ChIJ_7nx_mxJXhMRSrp68dDU67M', 'Monday', 0, 0, 0, 0, 0, 0, 9, 16, 25, 38, 51, 64, 70, 64, 54, 38, 25, 16, 38, 67, 19, 3, 0, 0),
('ChIJ_7nx_mxJXhMRSrp68dDU67M', 'Tuesday', 0, 0, 0, 0, 0, 0, 3, 12, 38, 70, 100, 100, 70, 41, 25, 25, 32, 45, 51, 54, 51, 41, 29, 0),
('ChIJ_7nx_mxJXhMRSrp68dDU67M', 'Wednesday', 0, 0, 0, 0, 0, 0, 12, 16, 19, 29, 41, 48, 51, 41, 29, 22, 25, 38, 48, 51, 45, 32, 16, 0),
('ChIJ_7nx_mxJXhMRSrp68dDU67M', 'Thursday', 0, 0, 0, 0, 0, 0, 12, 16, 29, 41, 51, 51, 45, 38, 35, 48, 64, 80, 87, 80, 61, 41, 25, 0),
('ChIJ_7nx_mxJXhMRSrp68dDU67M', 'Friday', 0, 0, 0, 0, 0, 0, 12, 19, 29, 38, 51, 61, 67, 67, 70, 70, 77, 80, 74, 61, 38, 22, 12, 0),
('ChIJ_7nx_mxJXhMRSrp68dDU67M', 'Saturday', 0, 0, 0, 0, 0, 0, 16, 32, 45, 45, 32, 25, 58, 74, 41, 32, 35, 35, 35, 32, 29, 22, 19, 0),
('ChIJ_7nx_mxJXhMRSrp68dDU67M', 'Sunday', 0, 0, 0, 0, 0, 0, 0, 0, 3, 29, 77, 100, 58, 22, 38, 32, 19, 22, 29, 32, 29, 25, 19, 0),
('ChIJvdLwXS1JXhMRif9ab2ps-gA', 'Monday', 0, 0, 0, 0, 0, 0, 0, 0, 0, 0, 0, 19, 100, 76, 11, 0, 0, 0, 0, 0, 0, 0, 0, 0),
('ChIJvdLwXS1JXhMRif9ab2ps-gA', 'Tuesday', 0, 0, 0, 0, 0, 0, 0, 0, 0, 3, 11, 26, 38, 42, 0, 0, 0, 11, 19, 19, 11, 0, 0, 0),
('ChIJvdLwXS1JXhMRif9ab2ps-gA', 'Wednesday', 0, 0, 0, 0, 0, 0, 0, 0, 0, 0, 0, 0, 0, 0, 0, 0, 0, 0, 0, 0, 0, 0, 0, 0),
('ChIJvdLwXS1JXhMRif9ab2ps-gA', 'Thursday', 0, 0, 0, 0, 0, 0, 0, 0, 0, 7, 15, 34, 57, 30, 0, 0, 0, 0, 15, 46, 38, 0, 0, 0),
('ChIJvdLwXS1JXhMRif9ab2ps-gA', 'Friday', 0, 0, 0, 0, 0, 0, 0, 0, 0, 7, 19, 34, 38, 26, 0, 0, 0, 19, 23, 26, 19, 0, 0, 0),
('ChIJvdLwXS1JXhMRif9ab2ps-gA', 'Saturday', 0, 0, 0, 0, 0, 0, 0, 0, 0, 0, 0, 0, 0, 0, 0, 0, 0, 0, 0, 0, 0, 0, 0, 0),
('ChIJvdLwXS1JXhMRif9ab2ps-gA', 'Sunday', 0, 0, 0, 0, 0, 0, 0, 0, 0, 0, 0, 0, 0, 0, 0, 0, 0, 0, 0, 0, 0, 0, 0, 0),
('ChIJXXD-Nt1JXhMRWCTJyMxS_Xg', 'Monday', 0, 0, 0, 0, 0, 0, 0, 0, 0, 0, 16, 35, 45, 33, 19, 11, 7, 4, 23, 45, 14, 0, 0, 0),
('ChIJXXD-Nt1JXhMRWCTJyMxS_Xg', 'Tuesday', 0, 0, 0, 0, 0, 0, 0, 0, 0, 0, 23, 33, 28, 21, 21, 23, 23, 21, 30, 66, 73, 0, 0, 0),
('ChIJXXD-Nt1JXhMRWCTJyMxS_Xg', 'Wednesday', 0, 0, 0, 0, 0, 0, 0, 0, 0, 0, 28, 33, 16, 38, 47, 33, 16, 14, 19, 21, 14, 0, 0, 0),
('ChIJXXD-Nt1JXhMRWCTJyMxS_Xg', 'Thursday', 0, 0, 0, 0, 0, 0, 0, 0, 0, 0, 4, 16, 26, 23, 19, 23, 40, 59, 66, 59, 38, 0, 0, 0),
('ChIJXXD-Nt1JXhMRWCTJyMxS_Xg', 'Friday', 0, 0, 0, 0, 0, 0, 0, 0, 0, 0, 28, 40, 47, 42, 33, 21, 14, 19, 50, 83, 69, 0, 0, 0),
('ChIJXXD-Nt1JXhMRWCTJyMxS_Xg', 'Saturday', 0, 0, 0, 0, 0, 0, 0, 0, 0, 0, 52, 80, 100, 97, 73, 45, 21, 21, 54, 26, 0, 0, 0, 0),
('ChIJXXD-Nt1JXhMRWCTJyMxS_Xg', 'Sunday', 0, 0, 0, 0, 0, 0, 0, 0, 0, 0, 0, 0, 0, 0, 0, 0, 0, 0, 0, 0, 0, 0, 0, 0),
('ChIJHf2oKOhJXhMRU48jxmo1y6s', 'Monday', 0, 0, 0, 0, 0, 0, 0, 0, 0, 63, 65, 39, 65, 70, 36, 0, 0, 0, 0, 0, 0, 0, 0, 0),
('ChIJHf2oKOhJXhMRU48jxmo1y6s', 'Tuesday', 0, 0, 0, 0, 0, 0, 0, 0, 0, 32, 48, 44, 74, 74, 0, 0, 0, 36, 67, 75, 53, 0, 0, 0),
('ChIJHf2oKOhJXhMRU48jxmo1y6s', 'Wednesday', 0, 0, 0, 0, 0, 0, 0, 0, 0, 43, 70, 77, 62, 46, 31, 0, 0, 0, 0, 0, 0, 0, 0, 0),
('ChIJHf2oKOhJXhMRU48jxmo1y6s', 'Thursday', 0, 0, 0, 0, 0, 0, 0, 0, 0, 20, 46, 72, 77, 56, 0, 0, 0, 32, 74, 100, 63, 0, 0, 0),
('ChIJHf2oKOhJXhMRU48jxmo1y6s', 'Friday', 0, 0, 0, 0, 0, 0, 0, 0, 0, 27, 50, 44, 53, 62, 0, 0, 0, 50, 74, 75, 51, 0, 0, 0),
('ChIJHf2oKOhJXhMRU48jxmo1y6s', 'Saturday', 0, 0, 0, 0, 0, 0, 0, 0, 0, 34, 77, 68, 67, 70, 0, 0, 0, 0, 0, 0, 0, 0, 0, 0),
('ChIJHf2oKOhJXhMRU48jxmo1y6s', 'Sunday', 0, 0, 0, 0, 0, 0, 0, 0, 0, 0, 0, 0, 0, 0, 0, 0, 0, 0, 0, 0, 0, 0, 0, 0),
('ChIJSap7relJXhMRUkopSQsXwuI', 'Monday', 0, 0, 0, 0, 0, 0, 0, 0, 0, 13, 34, 36, 56, 77, 34, 0, 0, 0, 0, 0, 0, 0, 0, 0),
('ChIJSap7relJXhMRUkopSQsXwuI', 'Tuesday', 0, 0, 0, 0, 0, 0, 0, 0, 0, 15, 38, 45, 59, 84, 0, 0, 0, 2, 43, 72, 15, 0, 0, 0),
('ChIJSap7relJXhMRUkopSQsXwuI', 'Wednesday', 0, 0, 0, 0, 0, 0, 0, 0, 0, 15, 50, 93, 100, 65, 27, 0, 0, 0, 0, 0, 0, 0, 0, 0),
('ChIJSap7relJXhMRUkopSQsXwuI', 'Thursday', 0, 0, 0, 0, 0, 0, 0, 0, 0, 29, 52, 75, 84, 75, 0, 0, 0, 29, 72, 59, 11, 0, 0, 0),
('ChIJSap7relJXhMRUkopSQsXwuI', 'Friday', 0, 0, 0, 0, 0, 0, 0, 0, 0, 15, 38, 59, 65, 52, 0, 0, 0, 25, 43, 40, 20, 0, 0, 0),
('ChIJSap7relJXhMRUkopSQsXwuI', 'Saturday', 0, 0, 0, 0, 0, 0, 0, 0, 0, 52, 86, 95, 90, 70, 36, 0, 0, 0, 0, 0, 0, 0, 0, 0),
('ChIJSap7relJXhMRUkopSQsXwuI', 'Sunday', 0, 0, 0, 0, 0, 0, 0, 0, 0, 0, 0, 0, 0, 0, 0, 0, 0, 0, 0, 0, 0, 0, 0, 0),
('ChIJFxIYOehJXhMRTnfIBMK7Cjw', 'Monday', 0, 0, 0, 0, 0, 0, 0, 0, 0, 45, 72, 93, 93, 75, 47, 0, 0, 0, 0, 0, 0, 0, 0, 0),
('ChIJFxIYOehJXhMRTnfIBMK7Cjw', 'Tuesday', 0, 0, 0, 0, 0, 0, 0, 0, 0, 45, 64, 72, 62, 43, 22, 12, 14, 27, 37, 37, 25, 0, 0, 0),
('ChIJFxIYOehJXhMRTnfIBMK7Cjw', 'Wednesday', 0, 0, 0, 0, 0, 0, 0, 0, 0, 25, 52, 68, 56, 31, 14, 0, 0, 0, 0, 0, 0, 0, 0, 0),
('ChIJFxIYOehJXhMRTnfIBMK7Cjw', 'Thursday', 0, 0, 0, 0, 0, 0, 0, 0, 0, 50, 83, 100, 87, 52, 22, 8, 12, 33, 52, 47, 25, 0, 0, 0),
('ChIJFxIYOehJXhMRTnfIBMK7Cjw', 'Friday', 0, 0, 0, 0, 0, 0, 0, 0, 0, 37, 64, 81, 81, 60, 35, 20, 25, 41, 56, 50, 27, 0, 0, 0),
('ChIJFxIYOehJXhMRTnfIBMK7Cjw', 'Saturday', 0, 0, 0, 0, 0, 0, 0, 0, 0, 6, 25, 54, 68, 50, 20, 0, 0, 0, 0, 0, 0, 0, 0, 0),
('ChIJFxIYOehJXhMRTnfIBMK7Cjw', 'Sunday', 0, 0, 0, 0, 0, 0, 0, 0, 0, 0, 0, 0, 0, 0, 0, 0, 0, 0, 0, 0, 0, 0, 0, 0),
('ChIJr5-c39hJXhMRwfGwb6llWq8', 'Monday', 0, 0, 0, 0, 0, 0, 0, 0, 0, 17, 34, 55, 76, 92, 100, 96, 85, 68, 50, 36, 25, 0, 0, 0),
('ChIJr5-c39hJXhMRwfGwb6llWq8', 'Tuesday', 0, 0, 0, 0, 0, 0, 0, 0, 0, 49, 61, 58, 42, 34, 42, 60, 76, 80, 69, 50, 30, 0, 0, 0),
('ChIJr5-c39hJXhMRwfGwb6llWq8', 'Wednesday', 0, 0, 0, 0, 0, 0, 0, 0, 0, 15, 34, 55, 71, 73, 65, 60, 68, 76, 68, 44, 19, 0, 0, 0),
('ChIJr5-c39hJXhMRwfGwb6llWq8', 'Thursday', 0, 0, 0, 0, 0, 0, 0, 0, 0, 19, 39, 50, 46, 34, 30, 34, 41, 44, 41, 34, 25, 0, 0, 0),
('ChIJr5-c39hJXhMRwfGwb6llWq8', 'Friday', 0, 0, 0, 0, 0, 0, 0, 0, 0, 34, 52, 61, 61, 53, 49, 49, 50, 49, 39, 26, 15, 0, 0, 0),
('ChIJr5-c39hJXhMRwfGwb6llWq8', 'Saturday', 0, 0, 0, 0, 0, 0, 0, 0, 0, 9, 25, 39, 36, 20, 4, 1, 0, 0, 0, 0, 0, 0, 0, 0),
('ChIJr5-c39hJXhMRwfGwb6llWq8', 'Sunday', 0, 0, 0, 0, 0, 0, 0, 0, 0, 0, 0, 1, 1, 1, 1, 1, 0, 0, 0, 0, 0, 0, 0, 0),
('ChIJYW7ZL-hJXhMR9ve2dpMf5Io', 'Monday', 0, 0, 0, 0, 0, 0, 0, 17, 50, 75, 76, 78, 86, 76, 49, 0, 0, 0, 0, 0, 0, 0, 0, 0),
('ChIJYW7ZL-hJXhMR9ve2dpMf5Io', 'Tuesday', 0, 0, 0, 0, 0, 0, 0, 18, 36, 57, 73, 78, 71, 54, 37, 0, 0, 0, 0, 0, 0, 0, 0, 0),
('ChIJYW7ZL-hJXhMR9ve2dpMf5Io', 'Wednesday', 0, 0, 0, 0, 0, 0, 0, 13, 37, 63, 78, 90, 100, 86, 52, 0, 0, 0, 0, 0, 0, 0, 0, 0),
('ChIJYW7ZL-hJXhMR9ve2dpMf5Io', 'Thursday', 0, 0, 0, 0, 0, 0, 0, 19, 40, 65, 86, 94, 84, 62, 37, 0, 0, 0, 0, 0, 0, 0, 0, 0),
('ChIJYW7ZL-hJXhMR9ve2dpMf5Io', 'Friday', 0, 0, 0, 0, 0, 0, 0, 16, 34, 44, 46, 54, 70, 70, 47, 0, 0, 0, 0, 0, 0, 0, 0, 0),
('ChIJYW7ZL-hJXhMR9ve2dpMf5Io', 'Saturday', 0, 0, 0, 0, 0, 0, 0, 0, 0, 0, 0, 0, 0, 0, 0, 0, 0, 0, 0, 0, 0, 0, 0, 0),
('ChIJYW7ZL-hJXhMR9ve2dpMf5Io', 'Sunday', 0, 0, 0, 0, 0, 0, 0, 0, 0, 0, 0, 0, 0, 0, 0, 0, 0, 0, 0, 0, 0, 0, 0, 0),
('ChIJLWNTMuhJXhMRc0uCYczaWys', 'Monday', 16, 10, 0, 0, 0, 0, 0, 0, 0, 5, 7, 9, 9, 7, 5, 4, 3, 3, 3, 3, 4, 4, 4, 3),
('ChIJLWNTMuhJXhMRc0uCYczaWys', 'Tuesday', 3, 3, 0, 0, 0, 0, 0, 0, 0, 4, 4, 5, 5, 5, 5, 4, 4, 4, 5, 8, 14, 20, 25, 26),
('ChIJLWNTMuhJXhMRc0uCYczaWys', 'Wednesday', 21, 14, 0, 0, 0, 0, 0, 0, 0, 4, 5, 6, 8, 8, 6, 4, 2, 1, 2, 6, 14, 24, 32, 35),
('ChIJLWNTMuhJXhMRc0uCYczaWys', 'Thursday', 29, 19, 0, 0, 0, 0, 0, 0, 0, 5, 7, 9, 9, 8, 5, 3, 2, 2, 5, 12, 21, 30, 34, 30),
('ChIJLWNTMuhJXhMRc0uCYczaWys', 'Friday', 20, 11, 0, 0, 0, 0, 0, 0, 2, 4, 6, 7, 7, 7, 6, 5, 5, 5, 5, 8, 16, 32, 55, 72),
('ChIJLWNTMuhJXhMRc0uCYczaWys', 'Saturday', 71, 53, 0, 0, 0, 0, 0, 0, 5, 6, 7, 7, 7, 8, 7, 6, 5, 4, 4, 6, 15, 39, 73, 100),
('ChIJLWNTMuhJXhMRc0uCYczaWys', 'Sunday', 98, 71, 0, 0, 0, 0, 0, 0, 0, 4, 5, 5, 5, 5, 5, 5, 5, 5, 6, 8, 13, 19, 24, 23),
('ChIJhT1xJuhJXhMRB_dOMAB9G8A', 'Monday', 0, 0, 0, 0, 0, 0, 0, 0, 0, 0, 0, 22, 40, 57, 62, 50, 32, 17, 10, 6, 0, 0, 0, 0),
('ChIJhT1xJuhJXhMRB_dOMAB9G8A', 'Tuesday', 0, 0, 0, 0, 0, 0, 0, 0, 0, 0, 0, 16, 33, 59, 77, 71, 45, 22, 16, 25, 0, 0, 0, 0),
('ChIJhT1xJuhJXhMRB_dOMAB9G8A', 'Wednesday', 0, 0, 0, 0, 0, 0, 0, 0, 0, 0, 0, 23, 49, 76, 81, 59, 32, 18, 13, 9, 0, 0, 0, 0),
('ChIJhT1xJuhJXhMRB_dOMAB9G8A', 'Thursday', 0, 0, 0, 0, 0, 0, 0, 0, 0, 0, 0, 28, 54, 85, 100, 84, 55, 34, 22, 16, 0, 0, 0, 0),
('ChIJhT1xJuhJXhMRB_dOMAB9G8A', 'Friday', 0, 0, 0, 0, 0, 0, 0, 0, 0, 0, 0, 28, 56, 86, 91, 65, 32, 18, 20, 22, 0, 0, 0, 0),
('ChIJhT1xJuhJXhMRB_dOMAB9G8A', 'Saturday', 0, 0, 0, 0, 0, 0, 0, 0, 0, 0, 0, 25, 44, 64, 70, 55, 32, 15, 6, 3, 0, 0, 0, 0),
('ChIJhT1xJuhJXhMRB_dOMAB9G8A', 'Sunday', 0, 0, 0, 0, 0, 0, 0, 0, 0, 0, 0, 0, 0, 0, 0, 0, 0, 0, 0, 0, 0, 0, 0, 0),
('ChIJOeK7WuhJXhMRp1dmjE1OOmo', 'Monday', 0, 0, 0, 0, 0, 0, 0, 0, 28, 96, 89, 35, 42, 55, 33, 0, 0, 0, 0, 0, 0, 0, 0, 0),
('ChIJOeK7WuhJXhMRp1dmjE1OOmo', 'Tuesday', 0, 0, 0, 0, 0, 0, 0, 0, 41, 67, 62, 67, 67, 51, 30, 0, 0, 28, 37, 35, 25, 0, 0, 0),
('ChIJOeK7WuhJXhMRp1dmjE1OOmo', 'Wednesday', 0, 0, 0, 0, 0, 0, 0, 0, 28, 53, 82, 100, 100, 78, 50, 0, 0, 0, 0, 0, 0, 0, 0, 0),
('ChIJOeK7WuhJXhMRp1dmjE1OOmo', 'Thursday', 0, 0, 0, 0, 0, 0, 0, 0, 32, 60, 71, 62, 67, 64, 28, 0, 0, 28, 39, 39, 32, 0, 0, 0),
('ChIJOeK7WuhJXhMRp1dmjE1OOmo', 'Friday', 0, 0, 0, 0, 0, 0, 0, 0, 30, 51, 69, 76, 67, 48, 28, 0, 0, 33, 46, 46, 32, 0, 0, 0),
('ChIJOeK7WuhJXhMRp1dmjE1OOmo', 'Saturday', 0, 0, 0, 0, 0, 0, 0, 0, 12, 28, 46, 58, 55, 39, 21, 0, 0, 0, 0, 0, 0, 0, 0, 0),
('ChIJOeK7WuhJXhMRp1dmjE1OOmo', 'Sunday', 0, 0, 0, 0, 0, 0, 0, 0, 0, 0, 0, 0, 0, 0, 0, 0, 0, 0, 0, 0, 0, 0, 0, 0),
('ChIJ8yJ6relJXhMRo2XqEv0keZU', 'Monday', 0, 0, 0, 0, 0, 0, 0, 0, 14, 34, 59, 84, 100, 98, 81, 56, 39, 44, 74, 93, 69, 0, 0, 0),
('ChIJ8yJ6relJXhMRo2XqEv0keZU', 'Tuesday', 0, 0, 0, 0, 0, 0, 0, 0, 12, 23, 38, 53, 64, 66, 60, 48, 41, 48, 64, 67, 46, 0, 0, 0);
INSERT INTO `data_pop` (`id`, `day`, `data_0`, `data_1`, `data_2`, `data_3`, `data_4`, `data_5`, `data_6`, `data_7`, `data_8`, `data_9`, `data_10`, `data_11`, `data_12`, `data_13`, `data_14`, `data_15`, `data_16`, `data_17`, `data_18`, `data_19`, `data_20`, `data_21`, `data_22`, `data_23`) VALUES
('ChIJ8yJ6relJXhMRo2XqEv0keZU', 'Wednesday', 0, 0, 0, 0, 0, 0, 0, 0, 23, 53, 70, 70, 81, 100, 90, 64, 53, 53, 51, 46, 37, 0, 0, 0),
('ChIJ8yJ6relJXhMRo2XqEv0keZU', 'Thursday', 0, 0, 0, 0, 0, 0, 0, 0, 11, 23, 37, 50, 60, 63, 59, 50, 44, 55, 83, 88, 52, 0, 0, 0),
('ChIJ8yJ6relJXhMRo2XqEv0keZU', 'Friday', 0, 0, 0, 0, 0, 0, 0, 0, 20, 36, 53, 65, 69, 63, 50, 37, 32, 48, 72, 78, 54, 0, 0, 0),
('ChIJ8yJ6relJXhMRo2XqEv0keZU', 'Saturday', 0, 0, 0, 0, 0, 0, 0, 0, 8, 26, 53, 82, 97, 88, 62, 39, 29, 32, 34, 25, 0, 0, 0, 0),
('ChIJ8yJ6relJXhMRo2XqEv0keZU', 'Sunday', 0, 0, 0, 0, 0, 0, 0, 0, 0, 0, 0, 0, 0, 0, 0, 0, 0, 0, 0, 0, 0, 0, 0, 0),
('ChIJgzsL5S5JXhMRGNrT3szvqVA', 'Monday', 0, 0, 0, 0, 0, 0, 23, 33, 40, 46, 50, 56, 56, 46, 26, 13, 3, 0, 6, 10, 0, 0, 0, 0),
('ChIJgzsL5S5JXhMRGNrT3szvqVA', 'Tuesday', 0, 0, 0, 0, 0, 0, 0, 13, 36, 33, 16, 16, 26, 30, 33, 30, 23, 13, 6, 0, 0, 0, 0, 0),
('ChIJgzsL5S5JXhMRGNrT3szvqVA', 'Wednesday', 0, 0, 0, 0, 0, 0, 23, 30, 36, 36, 36, 53, 80, 46, 13, 3, 0, 16, 23, 20, 0, 0, 0, 0),
('ChIJgzsL5S5JXhMRGNrT3szvqVA', 'Thursday', 0, 0, 0, 0, 0, 0, 16, 40, 73, 73, 46, 36, 100, 36, 26, 26, 30, 30, 26, 26, 23, 0, 0, 0),
('ChIJgzsL5S5JXhMRGNrT3szvqVA', 'Friday', 0, 0, 0, 0, 0, 0, 30, 43, 50, 50, 46, 43, 36, 30, 16, 10, 6, 10, 13, 10, 3, 0, 0, 0),
('ChIJgzsL5S5JXhMRGNrT3szvqVA', 'Saturday', 0, 0, 0, 0, 0, 0, 6, 20, 20, 0, 0, 0, 0, 0, 0, 0, 0, 0, 0, 0, 0, 0, 0, 0),
('ChIJgzsL5S5JXhMRGNrT3szvqVA', 'Sunday', 0, 0, 0, 0, 0, 0, 0, 16, 13, 6, 13, 33, 43, 23, 0, 0, 0, 0, 0, 0, 0, 0, 0, 0),
('ChIJyRizl0hJXhMRYIWm34jaikk', 'Monday', 0, 0, 0, 0, 0, 0, 0, 9, 22, 33, 34, 33, 36, 36, 33, 23, 15, 15, 28, 42, 46, 31, 14, 0),
('ChIJyRizl0hJXhMRYIWm34jaikk', 'Tuesday', 0, 0, 0, 0, 0, 0, 0, 1, 7, 26, 52, 58, 42, 26, 22, 22, 26, 36, 47, 57, 60, 53, 41, 0),
('ChIJyRizl0hJXhMRYIWm34jaikk', 'Wednesday', 0, 0, 0, 0, 0, 0, 0, 15, 23, 33, 41, 47, 50, 52, 47, 38, 28, 25, 31, 47, 61, 60, 42, 0),
('ChIJyRizl0hJXhMRYIWm34jaikk', 'Thursday', 0, 0, 0, 0, 0, 0, 0, 17, 52, 31, 23, 41, 57, 57, 41, 23, 15, 25, 46, 74, 96, 100, 84, 0),
('ChIJyRizl0hJXhMRYIWm34jaikk', 'Friday', 0, 0, 0, 0, 0, 0, 0, 9, 20, 36, 52, 66, 69, 63, 49, 34, 26, 26, 33, 42, 52, 65, 80, 87),
('ChIJyRizl0hJXhMRYIWm34jaikk', 'Saturday', 73, 41, 15, 0, 0, 0, 0, 3, 7, 17, 31, 50, 65, 71, 65, 49, 31, 19, 14, 19, 28, 39, 42, 36),
('ChIJyRizl0hJXhMRYIWm34jaikk', 'Sunday', 23, 12, 4, 0, 0, 0, 0, 0, 1, 6, 19, 41, 60, 55, 34, 15, 9, 19, 36, 55, 66, 60, 41, 0),
('ChIJYTkIfdxJXhMRyeJIrbWkPVk', 'Monday', 63, 63, 63, 0, 0, 0, 0, 0, 0, 0, 0, 0, 0, 0, 0, 0, 0, 0, 0, 0, 0, 0, 0, 0),
('ChIJYTkIfdxJXhMRyeJIrbWkPVk', 'Tuesday', 0, 0, 0, 0, 0, 0, 0, 0, 0, 0, 0, 0, 18, 36, 45, 45, 36, 18, 9, 18, 27, 36, 54, 54),
('ChIJYTkIfdxJXhMRyeJIrbWkPVk', 'Wednesday', 54, 45, 36, 0, 0, 0, 0, 9, 9, 9, 0, 0, 0, 9, 36, 81, 90, 54, 0, 0, 0, 9, 18, 27),
('ChIJYTkIfdxJXhMRyeJIrbWkPVk', 'Thursday', 36, 36, 36, 0, 0, 0, 0, 18, 27, 36, 54, 63, 72, 63, 63, 45, 36, 27, 18, 18, 27, 27, 27, 36),
('ChIJYTkIfdxJXhMRyeJIrbWkPVk', 'Friday', 36, 27, 27, 0, 0, 0, 0, 0, 0, 0, 0, 9, 18, 45, 45, 36, 27, 27, 27, 36, 36, 36, 36, 45),
('ChIJYTkIfdxJXhMRyeJIrbWkPVk', 'Saturday', 45, 45, 36, 0, 0, 0, 0, 0, 9, 9, 18, 0, 0, 27, 27, 27, 27, 18, 18, 9, 18, 27, 72, 100),
('ChIJYTkIfdxJXhMRyeJIrbWkPVk', 'Sunday', 81, 63, 63, 0, 0, 0, 0, 18, 9, 9, 0, 0, 18, 63, 81, 63, 27, 9, 18, 18, 27, 36, 54, 54),
('ChIJ4e-5v05JXhMRDZp4UgNSSqg', 'Monday', 0, 0, 0, 0, 0, 21, 36, 53, 73, 88, 95, 91, 78, 58, 40, 27, 24, 31, 41, 43, 32, 18, 0, 0),
('ChIJ4e-5v05JXhMRDZp4UgNSSqg', 'Tuesday', 0, 0, 0, 0, 0, 18, 31, 47, 58, 63, 63, 63, 64, 58, 43, 29, 24, 26, 28, 28, 24, 18, 0, 0),
('ChIJ4e-5v05JXhMRDZp4UgNSSqg', 'Wednesday', 0, 0, 0, 0, 0, 22, 36, 52, 69, 79, 82, 76, 64, 52, 41, 31, 26, 23, 20, 17, 14, 11, 0, 0),
('ChIJ4e-5v05JXhMRDZp4UgNSSqg', 'Thursday', 0, 0, 0, 0, 0, 27, 38, 48, 56, 64, 76, 86, 86, 70, 46, 27, 22, 29, 41, 47, 44, 32, 0, 0),
('ChIJ4e-5v05JXhMRDZp4UgNSSqg', 'Friday', 0, 0, 0, 0, 0, 23, 34, 44, 52, 56, 58, 65, 87, 93, 61, 27, 17, 21, 34, 44, 46, 36, 0, 0),
('ChIJ4e-5v05JXhMRDZp4UgNSSqg', 'Saturday', 0, 0, 0, 0, 0, 20, 26, 32, 42, 53, 65, 74, 74, 64, 51, 42, 39, 42, 45, 45, 40, 29, 0, 0),
('ChIJ4e-5v05JXhMRDZp4UgNSSqg', 'Sunday', 0, 0, 0, 0, 0, 0, 0, 14, 20, 37, 62, 87, 100, 95, 82, 70, 63, 59, 53, 43, 30, 0, 0, 0),
('ChIJB7W7PHC8oRQRIN18As6W3T4', 'Monday', 0, 0, 0, 0, 0, 0, 0, 0, 54, 68, 62, 79, 86, 68, 0, 0, 0, 0, 0, 0, 0, 0, 0, 0),
('ChIJB7W7PHC8oRQRIN18As6W3T4', 'Tuesday', 0, 0, 0, 0, 0, 0, 0, 0, 37, 55, 67, 75, 78, 69, 0, 0, 0, 0, 0, 0, 0, 0, 0, 0),
('ChIJB7W7PHC8oRQRIN18As6W3T4', 'Wednesday', 0, 0, 0, 0, 0, 0, 0, 0, 25, 46, 61, 79, 87, 68, 0, 0, 0, 0, 0, 0, 0, 0, 0, 0),
('ChIJB7W7PHC8oRQRIN18As6W3T4', 'Thursday', 0, 0, 0, 0, 0, 0, 0, 0, 38, 56, 68, 89, 100, 79, 0, 0, 0, 0, 0, 0, 0, 0, 0, 0),
('ChIJB7W7PHC8oRQRIN18As6W3T4', 'Friday', 0, 0, 0, 0, 0, 0, 0, 0, 28, 45, 55, 64, 69, 60, 0, 0, 0, 0, 0, 0, 0, 0, 0, 0),
('ChIJB7W7PHC8oRQRIN18As6W3T4', 'Saturday', 0, 0, 0, 0, 0, 0, 0, 0, 0, 0, 0, 0, 0, 0, 0, 0, 0, 0, 0, 0, 0, 0, 0, 0),
('ChIJB7W7PHC8oRQRIN18As6W3T4', 'Sunday', 0, 0, 0, 0, 0, 0, 0, 0, 0, 0, 0, 0, 0, 0, 0, 0, 0, 0, 0, 0, 0, 0, 0, 0),
('ChIJv3jVvnG8oRQR17sniuKzjno', 'Monday', 0, 0, 0, 0, 0, 0, 0, 0, 0, 0, 0, 0, 0, 0, 0, 0, 0, 0, 0, 0, 0, 0, 0, 0),
('ChIJv3jVvnG8oRQR17sniuKzjno', 'Tuesday', 0, 0, 0, 0, 0, 0, 0, 0, 0, 31, 50, 56, 56, 62, 68, 50, 25, 0, 0, 0, 0, 0, 0, 0),
('ChIJv3jVvnG8oRQR17sniuKzjno', 'Wednesday', 0, 0, 0, 0, 0, 0, 0, 0, 0, 25, 62, 93, 81, 50, 37, 0, 0, 0, 0, 0, 0, 0, 0, 0),
('ChIJv3jVvnG8oRQR17sniuKzjno', 'Thursday', 0, 0, 0, 0, 0, 0, 0, 0, 0, 31, 62, 50, 81, 75, 18, 6, 12, 0, 0, 0, 0, 0, 0, 0),
('ChIJv3jVvnG8oRQR17sniuKzjno', 'Friday', 0, 0, 0, 0, 0, 0, 0, 0, 0, 37, 68, 93, 87, 62, 37, 25, 25, 0, 0, 0, 0, 0, 0, 0),
('ChIJv3jVvnG8oRQR17sniuKzjno', 'Saturday', 0, 0, 0, 0, 0, 0, 0, 0, 0, 0, 68, 93, 100, 87, 56, 0, 0, 0, 0, 0, 0, 0, 0, 0),
('ChIJv3jVvnG8oRQR17sniuKzjno', 'Sunday', 0, 0, 0, 0, 0, 0, 0, 0, 0, 0, 0, 0, 0, 0, 0, 0, 0, 0, 0, 0, 0, 0, 0, 0),
('ChIJ3X9qO3C8oRQR493oxLUgF1M', 'Monday', 12, 0, 0, 0, 0, 0, 0, 1, 50, 17, 22, 32, 38, 40, 35, 27, 18, 13, 20, 37, 56, 59, 43, 18),
('ChIJ3X9qO3C8oRQR493oxLUgF1M', 'Tuesday', 1, 0, 0, 0, 0, 0, 0, 1, 2, 11, 20, 27, 31, 31, 27, 22, 20, 25, 37, 51, 59, 55, 40, 20),
('ChIJ3X9qO3C8oRQR493oxLUgF1M', 'Wednesday', 4, 0, 0, 0, 0, 0, 0, 8, 21, 22, 16, 19, 31, 40, 40, 32, 21, 16, 21, 35, 45, 44, 31, 13),
('ChIJ3X9qO3C8oRQR493oxLUgF1M', 'Thursday', 1, 0, 0, 0, 0, 0, 0, 8, 34, 19, 15, 29, 42, 46, 41, 34, 33, 40, 54, 65, 67, 58, 42, 23),
('ChIJ3X9qO3C8oRQR493oxLUgF1M', 'Friday', 7, 0, 0, 0, 0, 0, 0, 10, 21, 25, 24, 27, 38, 50, 54, 46, 34, 29, 40, 62, 81, 82, 63, 35),
('ChIJ3X9qO3C8oRQR493oxLUgF1M', 'Saturday', 11, 0, 0, 0, 0, 0, 0, 1, 1, 10, 22, 36, 48, 57, 60, 56, 48, 38, 41, 64, 87, 83, 63, 41),
('ChIJ3X9qO3C8oRQR493oxLUgF1M', 'Sunday', 19, 0, 0, 0, 0, 0, 0, 0, 1, 1, 3, 20, 52, 81, 85, 67, 54, 60, 80, 97, 100, 86, 61, 34),
('ChIJ9yrHy3G8oRQRuB4Zwtcy98s', 'Monday', 0, 0, 0, 0, 0, 0, 0, 0, 0, 6, 13, 20, 23, 23, 20, 0, 0, 0, 0, 0, 0, 0, 0, 0),
('ChIJ9yrHy3G8oRQRuB4Zwtcy98s', 'Tuesday', 0, 0, 0, 0, 0, 0, 0, 0, 0, 20, 20, 23, 26, 20, 0, 0, 0, 50, 63, 46, 20, 0, 0, 0),
('ChIJ9yrHy3G8oRQRuB4Zwtcy98s', 'Wednesday', 0, 0, 0, 0, 0, 0, 0, 0, 0, 6, 20, 26, 16, 6, 10, 0, 0, 0, 0, 0, 0, 0, 0, 0),
('ChIJ9yrHy3G8oRQRuB4Zwtcy98s', 'Thursday', 0, 0, 0, 0, 0, 0, 0, 0, 0, 13, 20, 23, 20, 13, 0, 0, 0, 30, 93, 100, 40, 0, 0, 0),
('ChIJ9yrHy3G8oRQRuB4Zwtcy98s', 'Friday', 0, 0, 0, 0, 0, 0, 0, 0, 0, 6, 13, 20, 13, 6, 0, 0, 0, 36, 40, 40, 26, 0, 0, 0),
('ChIJ9yrHy3G8oRQRuB4Zwtcy98s', 'Saturday', 0, 0, 0, 0, 0, 0, 0, 0, 0, 16, 43, 76, 96, 80, 43, 0, 0, 0, 0, 0, 0, 0, 0, 0),
('ChIJ9yrHy3G8oRQRuB4Zwtcy98s', 'Sunday', 0, 0, 0, 0, 0, 0, 0, 0, 0, 0, 0, 0, 0, 0, 0, 0, 0, 0, 0, 0, 0, 0, 0, 0),
('ChIJv5bGJHK8oRQRQT7VswvpXaw', 'Monday', 0, 0, 0, 0, 0, 0, 0, 0, 0, 0, 31, 46, 54, 53, 44, 32, 21, 0, 0, 0, 0, 0, 0, 0),
('ChIJv5bGJHK8oRQRQT7VswvpXaw', 'Tuesday', 0, 0, 0, 0, 0, 0, 0, 0, 0, 0, 81, 97, 100, 89, 74, 62, 57, 53, 50, 43, 34, 0, 0, 0),
('ChIJv5bGJHK8oRQRQT7VswvpXaw', 'Wednesday', 0, 0, 0, 0, 0, 0, 0, 0, 0, 0, 32, 44, 52, 53, 46, 37, 26, 0, 0, 0, 0, 0, 0, 0),
('ChIJv5bGJHK8oRQRQT7VswvpXaw', 'Thursday', 0, 0, 0, 0, 0, 0, 0, 0, 0, 0, 37, 50, 52, 44, 34, 30, 32, 39, 42, 38, 27, 0, 0, 0),
('ChIJv5bGJHK8oRQRQT7VswvpXaw', 'Friday', 0, 0, 0, 0, 0, 0, 0, 0, 0, 0, 34, 46, 53, 48, 38, 27, 25, 41, 58, 0, 0, 0, 0, 0),
('ChIJv5bGJHK8oRQRQT7VswvpXaw', 'Saturday', 0, 0, 0, 0, 0, 0, 0, 0, 0, 0, 0, 0, 0, 0, 0, 0, 0, 0, 0, 0, 0, 0, 0, 0),
('ChIJv5bGJHK8oRQRQT7VswvpXaw', 'Sunday', 0, 0, 0, 0, 0, 0, 0, 0, 0, 0, 0, 0, 0, 0, 0, 0, 0, 0, 0, 0, 0, 0, 0, 0),
('ChIJHZzVMnC8oRQRzSZ7MsFlzmk', 'Monday', 0, 0, 0, 0, 0, 0, 0, 0, 43, 53, 84, 95, 87, 78, 70, 0, 0, 0, 0, 0, 0, 0, 0, 0),
('ChIJHZzVMnC8oRQRzSZ7MsFlzmk', 'Tuesday', 0, 0, 0, 0, 0, 0, 0, 0, 57, 60, 93, 100, 81, 60, 53, 0, 0, 0, 0, 0, 0, 0, 0, 0),
('ChIJHZzVMnC8oRQRzSZ7MsFlzmk', 'Wednesday', 0, 0, 0, 0, 0, 0, 0, 0, 59, 81, 64, 68, 82, 75, 53, 0, 0, 0, 0, 0, 0, 0, 0, 0),
('ChIJHZzVMnC8oRQRzSZ7MsFlzmk', 'Thursday', 0, 0, 0, 0, 0, 0, 0, 0, 46, 48, 82, 90, 71, 56, 50, 0, 0, 0, 0, 0, 0, 0, 0, 0),
('ChIJHZzVMnC8oRQRzSZ7MsFlzmk', 'Friday', 0, 0, 0, 0, 0, 0, 0, 0, 62, 48, 59, 71, 75, 70, 59, 0, 0, 0, 0, 0, 0, 0, 0, 0),
('ChIJHZzVMnC8oRQRzSZ7MsFlzmk', 'Saturday', 0, 0, 0, 0, 0, 0, 0, 0, 0, 0, 0, 0, 0, 0, 0, 0, 0, 0, 0, 0, 0, 0, 0, 0),
('ChIJHZzVMnC8oRQRzSZ7MsFlzmk', 'Sunday', 0, 0, 0, 0, 0, 0, 0, 0, 0, 0, 0, 0, 0, 0, 0, 0, 0, 0, 0, 0, 0, 0, 0, 0),
('ChIJ92syI3K8oRQRV-f5H9n_BZw', 'Monday', 0, 0, 0, 0, 0, 0, 0, 0, 0, 0, 0, 0, 0, 0, 0, 0, 0, 8, 36, 58, 34, 8, 0, 0),
('ChIJ92syI3K8oRQRV-f5H9n_BZw', 'Tuesday', 0, 0, 0, 0, 0, 0, 0, 0, 0, 0, 0, 0, 0, 0, 0, 0, 0, 46, 78, 68, 31, 0, 0, 0),
('ChIJ92syI3K8oRQRV-f5H9n_BZw', 'Wednesday', 0, 0, 0, 0, 0, 0, 0, 0, 0, 0, 0, 0, 0, 0, 0, 0, 0, 10, 24, 42, 38, 17, 0, 0),
('ChIJ92syI3K8oRQRV-f5H9n_BZw', 'Thursday', 0, 0, 0, 0, 0, 0, 0, 0, 0, 0, 0, 0, 0, 0, 0, 0, 0, 27, 100, 79, 15, 2, 0, 0),
('ChIJ92syI3K8oRQRV-f5H9n_BZw', 'Friday', 0, 0, 0, 0, 0, 0, 0, 0, 0, 0, 0, 0, 0, 0, 0, 0, 0, 0, 0, 65, 35, 0, 0, 0),
('ChIJ92syI3K8oRQRV-f5H9n_BZw', 'Saturday', 0, 0, 0, 0, 0, 0, 0, 0, 0, 0, 0, 0, 0, 0, 0, 0, 0, 0, 0, 0, 0, 0, 0, 0),
('ChIJ92syI3K8oRQRV-f5H9n_BZw', 'Sunday', 0, 0, 0, 0, 0, 0, 0, 0, 0, 0, 0, 0, 0, 0, 0, 0, 0, 0, 0, 0, 0, 0, 0, 0),
('ChIJ24bVInC8oRQRQDDsFXzpdng', 'Monday', 0, 0, 0, 0, 0, 0, 0, 0, 0, 8, 20, 39, 50, 46, 32, 27, 43, 75, 100, 91, 55, 0, 0, 0),
('ChIJ24bVInC8oRQRQDDsFXzpdng', 'Tuesday', 0, 0, 0, 0, 0, 0, 0, 0, 0, 12, 13, 6, 3, 0, 0, 15, 43, 55, 32, 43, 37, 0, 0, 0),
('ChIJ24bVInC8oRQRQDDsFXzpdng', 'Wednesday', 0, 0, 0, 0, 0, 0, 0, 0, 0, 18, 27, 24, 17, 12, 13, 13, 15, 15, 29, 65, 58, 0, 0, 0),
('ChIJ24bVInC8oRQRQDDsFXzpdng', 'Thursday', 0, 0, 0, 0, 0, 0, 0, 0, 0, 29, 44, 51, 44, 27, 15, 12, 18, 34, 48, 46, 31, 0, 0, 0),
('ChIJ24bVInC8oRQRQDDsFXzpdng', 'Friday', 0, 0, 0, 0, 0, 0, 0, 0, 0, 12, 17, 18, 13, 6, 6, 15, 29, 39, 44, 46, 36, 0, 0, 0),
('ChIJ24bVInC8oRQRQDDsFXzpdng', 'Saturday', 0, 0, 0, 0, 0, 0, 0, 0, 0, 0, 0, 0, 0, 0, 0, 0, 0, 0, 0, 0, 0, 0, 0, 0),
('ChIJ24bVInC8oRQRQDDsFXzpdng', 'Sunday', 0, 0, 0, 0, 0, 0, 0, 0, 0, 0, 0, 0, 0, 0, 0, 0, 0, 0, 0, 0, 0, 0, 0, 0),
('ChIJS5UNRnK8oRQRtXL9z76hZ_8', 'Monday', 0, 0, 0, 0, 0, 0, 0, 0, 0, 0, 0, 0, 4, 8, 13, 17, 20, 21, 20, 21, 26, 32, 32, 24),
('ChIJS5UNRnK8oRQRtXL9z76hZ_8', 'Tuesday', 0, 0, 0, 0, 0, 0, 0, 0, 0, 0, 0, 0, 2, 8, 15, 20, 20, 17, 14, 19, 29, 35, 30, 16),
('ChIJS5UNRnK8oRQRtXL9z76hZ_8', 'Wednesday', 0, 0, 0, 0, 0, 0, 0, 0, 0, 0, 0, 0, 4, 10, 17, 22, 23, 20, 20, 26, 42, 55, 52, 34),
('ChIJS5UNRnK8oRQRtXL9z76hZ_8', 'Thursday', 0, 0, 0, 0, 0, 0, 0, 0, 0, 0, 0, 0, 4, 11, 19, 26, 31, 32, 31, 31, 34, 36, 30, 19),
('ChIJS5UNRnK8oRQRtXL9z76hZ_8', 'Friday', 0, 0, 0, 0, 0, 0, 0, 0, 0, 0, 0, 0, 8, 15, 22, 29, 32, 32, 0, 0, 0, 0, 0, 0),
('ChIJS5UNRnK8oRQRtXL9z76hZ_8', 'Saturday', 0, 0, 0, 0, 0, 0, 0, 0, 0, 0, 0, 0, 0, 0, 0, 0, 0, 0, 0, 0, 0, 0, 0, 0),
('ChIJS5UNRnK8oRQRtXL9z76hZ_8', 'Sunday', 0, 0, 0, 0, 0, 0, 0, 0, 0, 0, 0, 0, 12, 37, 72, 98, 100, 78, 52, 35, 28, 23, 17, 10),
('ChIJ-QpVOnK8oRQRgpLs8-beTEk', 'Monday', 0, 0, 0, 0, 0, 1, 6, 31, 52, 56, 48, 45, 50, 37, 12, 2, 6, 12, 12, 5, 1, 1, 1, 0),
('ChIJ-QpVOnK8oRQRgpLs8-beTEk', 'Tuesday', 0, 0, 0, 0, 0, 1, 13, 43, 67, 68, 50, 35, 41, 50, 36, 12, 1, 4, 7, 6, 1, 1, 1, 0),
('ChIJ-QpVOnK8oRQRgpLs8-beTEk', 'Wednesday', 0, 0, 0, 0, 0, 1, 6, 36, 64, 68, 47, 39, 60, 34, 3, 1, 4, 6, 5, 1, 1, 1, 1, 0),
('ChIJ-QpVOnK8oRQRgpLs8-beTEk', 'Thursday', 0, 0, 0, 0, 0, 1, 6, 36, 66, 75, 62, 51, 52, 42, 18, 0, 1, 2, 4, 2, 1, 1, 1, 0),
('ChIJ-QpVOnK8oRQRgpLs8-beTEk', 'Friday', 0, 0, 0, 0, 0, 1, 1, 26, 57, 67, 51, 37, 32, 25, 12, 3, 1, 4, 5, 3, 1, 1, 1, 0),
('ChIJ-QpVOnK8oRQRgpLs8-beTEk', 'Saturday', 0, 0, 0, 0, 0, 1, 5, 18, 35, 51, 63, 67, 62, 50, 33, 18, 7, 4, 3, 2, 1, 1, 1, 0),
('ChIJ-QpVOnK8oRQRgpLs8-beTEk', 'Sunday', 0, 0, 0, 0, 0, 0, 10, 40, 65, 79, 91, 100, 87, 56, 26, 10, 6, 9, 10, 7, 1, 1, 1, 0),
('ChIJU5ayzPO8oRQRdCgGq-IIRR8', 'Monday', 32, 0, 0, 0, 0, 0, 0, 0, 0, 0, 0, 0, 2, 5, 8, 10, 12, 15, 22, 35, 53, 65, 59, 39),
('ChIJU5ayzPO8oRQRdCgGq-IIRR8', 'Tuesday', 15, 0, 0, 0, 0, 0, 0, 0, 0, 0, 0, 0, 1, 10, 13, 13, 15, 24, 41, 60, 75, 77, 67, 47),
('ChIJU5ayzPO8oRQRdCgGq-IIRR8', 'Wednesday', 27, 0, 0, 0, 0, 0, 0, 0, 0, 0, 0, 0, 11, 15, 20, 22, 23, 28, 39, 42, 38, 48, 65, 50),
('ChIJU5ayzPO8oRQRdCgGq-IIRR8', 'Thursday', 13, 0, 0, 0, 0, 0, 0, 0, 0, 0, 0, 0, 2, 7, 12, 13, 16, 23, 39, 60, 78, 82, 69, 45),
('ChIJU5ayzPO8oRQRdCgGq-IIRR8', 'Friday', 20, 0, 0, 0, 0, 0, 0, 0, 0, 0, 0, 0, 0, 0, 0, 0, 0, 0, 0, 0, 0, 0, 0, 0),
('ChIJU5ayzPO8oRQRdCgGq-IIRR8', 'Saturday', 0, 0, 0, 0, 0, 0, 0, 0, 0, 0, 0, 0, 0, 0, 0, 0, 0, 35, 60, 95, 100, 80, 84, 80),
('ChIJU5ayzPO8oRQRdCgGq-IIRR8', 'Sunday', 37, 0, 0, 0, 0, 0, 0, 0, 0, 0, 0, 0, 13, 25, 34, 36, 35, 37, 47, 65, 81, 87, 77, 57),
('ChIJh5k6OnK8oRQRqHNjR4oHrKs', 'Monday', 0, 0, 0, 0, 0, 0, 0, 0, 0, 25, 43, 57, 56, 42, 23, 0, 0, 0, 0, 0, 0, 0, 0, 0),
('ChIJh5k6OnK8oRQRqHNjR4oHrKs', 'Tuesday', 0, 0, 0, 0, 0, 0, 0, 0, 0, 26, 43, 55, 53, 39, 0, 0, 0, 38, 75, 91, 64, 0, 0, 0),
('ChIJh5k6OnK8oRQRqHNjR4oHrKs', 'Wednesday', 0, 0, 0, 0, 0, 0, 0, 0, 0, 31, 28, 47, 58, 52, 34, 0, 0, 0, 0, 0, 0, 0, 0, 0),
('ChIJh5k6OnK8oRQRqHNjR4oHrKs', 'Thursday', 0, 0, 0, 0, 0, 0, 0, 0, 0, 28, 40, 48, 47, 37, 0, 0, 0, 65, 100, 93, 51, 0, 0, 0),
('ChIJh5k6OnK8oRQRqHNjR4oHrKs', 'Friday', 0, 0, 0, 0, 0, 0, 0, 0, 0, 24, 41, 53, 52, 39, 0, 0, 0, 41, 65, 69, 48, 0, 0, 0),
('ChIJh5k6OnK8oRQRqHNjR4oHrKs', 'Saturday', 0, 0, 0, 0, 0, 0, 0, 0, 0, 40, 37, 69, 87, 71, 39, 0, 0, 0, 0, 0, 0, 0, 0, 0),
('ChIJh5k6OnK8oRQRqHNjR4oHrKs', 'Sunday', 0, 0, 0, 0, 0, 0, 0, 0, 0, 0, 0, 0, 0, 0, 0, 0, 0, 0, 0, 0, 0, 0, 0, 0),
('ChIJ70WQR3K8oRQRb5tLgxD8Qn0', 'Monday', 0, 0, 0, 0, 0, 0, 0, 0, 0, 0, 0, 0, 0, 0, 0, 0, 0, 12, 50, 46, 58, 88, 70, 30),
('ChIJ70WQR3K8oRQRb5tLgxD8Qn0', 'Tuesday', 0, 0, 0, 0, 0, 0, 0, 0, 0, 0, 0, 0, 0, 0, 0, 0, 0, 30, 68, 78, 62, 64, 60, 38),
('ChIJ70WQR3K8oRQRb5tLgxD8Qn0', 'Wednesday', 0, 0, 0, 0, 0, 0, 0, 0, 0, 0, 0, 0, 0, 0, 0, 0, 0, 18, 34, 56, 76, 78, 62, 36),
('ChIJ70WQR3K8oRQRb5tLgxD8Qn0', 'Thursday', 0, 0, 0, 0, 0, 0, 0, 0, 0, 0, 0, 0, 0, 0, 0, 0, 0, 30, 54, 84, 100, 88, 56, 26),
('ChIJ70WQR3K8oRQRb5tLgxD8Qn0', 'Friday', 0, 0, 0, 0, 0, 0, 0, 0, 0, 0, 0, 0, 0, 0, 0, 0, 0, 24, 42, 62, 70, 60, 36, 18),
('ChIJ70WQR3K8oRQRb5tLgxD8Qn0', 'Saturday', 0, 0, 0, 0, 0, 0, 0, 0, 0, 0, 0, 0, 0, 0, 0, 0, 0, 44, 58, 68, 66, 54, 36, 20),
('ChIJ70WQR3K8oRQRb5tLgxD8Qn0', 'Sunday', 0, 0, 0, 0, 0, 0, 0, 0, 0, 0, 0, 0, 0, 0, 0, 0, 0, 6, 22, 46, 46, 60, 58, 40),
('ChIJn3NEIXK8oRQREKINIEAfKFE', 'Monday', 0, 0, 0, 0, 0, 0, 0, 0, 43, 63, 66, 60, 63, 66, 66, 60, 50, 36, 23, 13, 0, 0, 0, 0),
('ChIJn3NEIXK8oRQREKINIEAfKFE', 'Tuesday', 0, 0, 0, 0, 0, 0, 0, 0, 43, 53, 63, 70, 70, 66, 60, 50, 43, 56, 100, 93, 0, 0, 0, 0),
('ChIJn3NEIXK8oRQREKINIEAfKFE', 'Wednesday', 0, 0, 0, 0, 0, 0, 0, 0, 13, 16, 26, 40, 53, 50, 36, 26, 30, 46, 50, 33, 0, 0, 0, 0),
('ChIJn3NEIXK8oRQREKINIEAfKFE', 'Thursday', 0, 0, 0, 0, 0, 0, 0, 0, 40, 50, 53, 53, 46, 36, 26, 16, 13, 30, 56, 33, 0, 0, 0, 0),
('ChIJn3NEIXK8oRQREKINIEAfKFE', 'Friday', 0, 0, 0, 0, 0, 0, 0, 0, 40, 53, 60, 60, 53, 43, 33, 23, 23, 46, 73, 53, 0, 0, 0, 0),
('ChIJn3NEIXK8oRQREKINIEAfKFE', 'Saturday', 0, 0, 0, 0, 0, 0, 0, 0, 53, 73, 83, 83, 83, 90, 76, 36, 0, 0, 0, 0, 0, 0, 0, 0),
('ChIJn3NEIXK8oRQREKINIEAfKFE', 'Sunday', 0, 0, 0, 0, 0, 0, 0, 0, 0, 0, 0, 0, 0, 0, 0, 0, 0, 0, 0, 0, 0, 0, 0, 0),
('ChIJhzfbM3C8oRQRKjAJPo4lu4I', 'Monday', 0, 0, 0, 0, 0, 0, 0, 0, 0, 0, 1, 1, 2, 8, 21, 41, 61, 72, 74, 71, 60, 40, 0, 0),
('ChIJhzfbM3C8oRQRKjAJPo4lu4I', 'Tuesday', 0, 0, 0, 0, 0, 0, 0, 0, 0, 0, 1, 6, 10, 12, 23, 51, 67, 73, 89, 100, 85, 54, 0, 0),
('ChIJhzfbM3C8oRQRKjAJPo4lu4I', 'Wednesday', 0, 0, 0, 0, 0, 0, 0, 0, 0, 0, 12, 18, 22, 26, 33, 46, 62, 78, 91, 100, 86, 44, 0, 0),
('ChIJhzfbM3C8oRQRKjAJPo4lu4I', 'Thursday', 0, 0, 0, 0, 0, 0, 0, 0, 0, 0, 4, 10, 16, 21, 27, 36, 53, 78, 99, 95, 63, 26, 0, 0),
('ChIJhzfbM3C8oRQRKjAJPo4lu4I', 'Friday', 0, 0, 0, 0, 0, 0, 0, 0, 0, 0, 5, 14, 19, 22, 25, 34, 53, 72, 75, 57, 31, 14, 0, 0),
('ChIJhzfbM3C8oRQRKjAJPo4lu4I', 'Saturday', 0, 0, 0, 0, 0, 0, 0, 0, 0, 21, 42, 45, 47, 46, 29, 0, 0, 0, 0, 0, 0, 0, 0, 0),
('ChIJhzfbM3C8oRQRKjAJPo4lu4I', 'Sunday', 0, 0, 0, 0, 0, 0, 0, 0, 0, 0, 0, 0, 0, 0, 0, 0, 0, 0, 0, 0, 0, 0, 0, 0),
('ChIJl9MsMXC8oRQR-GCjsFAMs_w', 'Monday', 0, 0, 0, 0, 0, 0, 0, 0, 44, 80, 78, 100, 89, 62, 45, 49, 61, 69, 65, 50, 32, 0, 0, 0),
('ChIJl9MsMXC8oRQR-GCjsFAMs_w', 'Tuesday', 0, 0, 0, 0, 0, 0, 0, 0, 24, 33, 40, 48, 54, 50, 36, 21, 26, 57, 87, 73, 33, 0, 0, 0),
('ChIJl9MsMXC8oRQR-GCjsFAMs_w', 'Wednesday', 0, 0, 0, 0, 0, 0, 0, 0, 30, 49, 65, 68, 59, 48, 42, 42, 44, 44, 39, 32, 22, 0, 0, 0),
('ChIJl9MsMXC8oRQR-GCjsFAMs_w', 'Thursday', 0, 0, 0, 0, 0, 0, 0, 0, 31, 46, 61, 71, 73, 61, 39, 27, 39, 67, 80, 60, 28, 0, 0, 0),
('ChIJl9MsMXC8oRQR-GCjsFAMs_w', 'Friday', 0, 0, 0, 0, 0, 0, 0, 0, 14, 40, 71, 78, 66, 54, 45, 40, 43, 45, 44, 36, 24, 0, 0, 0),
('ChIJl9MsMXC8oRQR-GCjsFAMs_w', 'Saturday', 0, 0, 0, 0, 0, 0, 0, 0, 0, 0, 0, 0, 0, 0, 0, 0, 0, 0, 0, 0, 0, 0, 0, 0),
('ChIJl9MsMXC8oRQR-GCjsFAMs_w', 'Sunday', 0, 0, 0, 0, 0, 0, 0, 0, 0, 0, 0, 0, 0, 0, 0, 0, 0, 0, 0, 0, 0, 0, 0, 0),
('ChIJLdYVm2-9oRQRDZ_RHHKTAkc', 'Monday', 0, 0, 0, 0, 0, 0, 14, 31, 51, 54, 51, 54, 57, 54, 45, 37, 42, 54, 60, 45, 25, 0, 0, 0),
('ChIJLdYVm2-9oRQRDZ_RHHKTAkc', 'Tuesday', 0, 0, 0, 0, 0, 0, 20, 42, 62, 60, 40, 25, 28, 37, 48, 57, 54, 48, 34, 22, 14, 0, 0, 0),
('ChIJLdYVm2-9oRQRDZ_RHHKTAkc', 'Wednesday', 0, 0, 0, 0, 0, 0, 31, 51, 62, 60, 51, 48, 51, 54, 48, 34, 20, 14, 17, 11, 0, 0, 0, 0),
('ChIJLdYVm2-9oRQRDZ_RHHKTAkc', 'Thursday', 0, 0, 0, 0, 0, 0, 5, 37, 34, 11, 48, 100, 62, 14, 8, 17, 25, 28, 25, 14, 5, 0, 0, 0),
('ChIJLdYVm2-9oRQRDZ_RHHKTAkc', 'Friday', 0, 0, 0, 0, 0, 0, 22, 45, 62, 57, 40, 31, 31, 37, 40, 40, 34, 28, 20, 14, 17, 0, 0, 0),
('ChIJLdYVm2-9oRQRDZ_RHHKTAkc', 'Saturday', 0, 0, 0, 0, 0, 0, 25, 40, 42, 31, 37, 54, 62, 54, 54, 54, 37, 14, 0, 0, 0, 0, 0, 0),
('ChIJLdYVm2-9oRQRDZ_RHHKTAkc', 'Sunday', 0, 0, 0, 0, 0, 0, 0, 0, 0, 0, 0, 0, 0, 0, 0, 0, 0, 0, 0, 0, 0, 0, 0, 0),
('ChIJRVvAJHK8oRQRHrC36HBXJPo', 'Monday', 0, 0, 0, 0, 0, 0, 0, 0, 0, 0, 0, 0, 0, 18, 22, 18, 15, 20, 31, 40, 45, 43, 34, 23),
('ChIJRVvAJHK8oRQRHrC36HBXJPo', 'Tuesday', 0, 0, 0, 0, 0, 0, 0, 0, 0, 0, 0, 0, 0, 19, 23, 25, 27, 33, 47, 67, 79, 71, 47, 54),
('ChIJRVvAJHK8oRQRHrC36HBXJPo', 'Wednesday', 0, 0, 0, 0, 0, 0, 0, 0, 0, 0, 0, 0, 0, 17, 20, 23, 28, 38, 55, 72, 80, 75, 57, 37),
('ChIJRVvAJHK8oRQRHrC36HBXJPo', 'Thursday', 0, 0, 0, 0, 0, 0, 0, 0, 0, 0, 0, 0, 0, 32, 36, 37, 37, 37, 46, 62, 75, 78, 75, 53),
('ChIJRVvAJHK8oRQRHrC36HBXJPo', 'Friday', 0, 0, 0, 0, 0, 0, 0, 0, 0, 0, 0, 0, 0, 15, 18, 19, 21, 25, 36, 57, 85, 100, 90, 61),
('ChIJRVvAJHK8oRQRHrC36HBXJPo', 'Saturday', 0, 0, 0, 0, 0, 0, 0, 0, 0, 0, 0, 0, 0, 33, 42, 46, 44, 40, 37, 48, 74, 97, 94, 63),
('ChIJRVvAJHK8oRQRHrC36HBXJPo', 'Sunday', 0, 0, 0, 0, 0, 0, 0, 0, 0, 0, 0, 0, 0, 29, 35, 38, 42, 47, 55, 59, 59, 63, 71, 56),
('ChIJ9S-DQWS9oRQRnYsmr7EZqIM', 'Monday', 0, 0, 0, 0, 0, 0, 0, 0, 0, 0, 0, 0, 0, 0, 0, 0, 0, 0, 0, 0, 0, 0, 0, 0),
('ChIJ9S-DQWS9oRQRnYsmr7EZqIM', 'Tuesday', 0, 0, 0, 0, 0, 0, 0, 0, 0, 0, 0, 0, 0, 0, 0, 0, 0, 0, 0, 0, 0, 0, 0, 0),
('ChIJ9S-DQWS9oRQRnYsmr7EZqIM', 'Wednesday', 0, 0, 0, 0, 0, 0, 0, 0, 0, 0, 44, 55, 48, 33, 25, 32, 48, 62, 62, 50, 0, 0, 0, 0),
('ChIJ9S-DQWS9oRQRnYsmr7EZqIM', 'Thursday', 0, 0, 0, 0, 0, 0, 0, 0, 0, 0, 32, 44, 53, 55, 51, 48, 55, 67, 67, 50, 0, 0, 0, 0),
('ChIJ9S-DQWS9oRQRnYsmr7EZqIM', 'Friday', 0, 0, 0, 0, 0, 0, 0, 0, 0, 0, 0, 0, 0, 0, 0, 0, 0, 0, 0, 0, 0, 0, 0, 0),
('ChIJ9S-DQWS9oRQRnYsmr7EZqIM', 'Saturday', 0, 0, 0, 0, 0, 0, 0, 0, 0, 0, 0, 0, 0, 0, 0, 0, 0, 0, 0, 0, 0, 0, 0, 0),
('ChIJ9S-DQWS9oRQRnYsmr7EZqIM', 'Sunday', 0, 0, 0, 0, 0, 0, 0, 0, 0, 0, 0, 0, 0, 0, 0, 0, 0, 0, 0, 0, 0, 0, 0, 0),
('ChIJ6XED-TS9oRQR0okZLDR--I0', 'Monday', 34, 19, 8, 0, 0, 0, 0, 0, 0, 0, 0, 0, 0, 0, 4, 6, 8, 10, 13, 21, 54, 67, 41, 47),
('ChIJ6XED-TS9oRQR0okZLDR--I0', 'Tuesday', 54, 30, 10, 0, 0, 0, 0, 0, 0, 0, 4, 4, 6, 8, 8, 10, 10, 15, 21, 41, 67, 93, 100, 80),
('ChIJ6XED-TS9oRQR0okZLDR--I0', 'Wednesday', 50, 23, 10, 0, 0, 0, 0, 0, 0, 0, 0, 2, 6, 10, 15, 15, 10, 6, 13, 52, 95, 82, 76, 86),
('ChIJ6XED-TS9oRQR0okZLDR--I0', 'Thursday', 47, 10, 0, 0, 0, 0, 0, 0, 0, 0, 4, 6, 8, 8, 10, 15, 19, 30, 45, 65, 84, 93, 89, 71),
('ChIJ6XED-TS9oRQR0okZLDR--I0', 'Friday', 47, 28, 15, 0, 0, 0, 0, 0, 0, 0, 8, 8, 8, 10, 10, 15, 19, 28, 41, 52, 63, 65, 60, 50),
('ChIJ6XED-TS9oRQR0okZLDR--I0', 'Saturday', 36, 26, 15, 0, 0, 0, 0, 0, 0, 0, 2, 2, 2, 0, 6, 13, 23, 36, 47, 52, 50, 47, 41, 34),
('ChIJ6XED-TS9oRQR0okZLDR--I0', 'Sunday', 26, 17, 8, 0, 0, 0, 0, 0, 0, 0, 0, 8, 19, 26, 26, 19, 15, 21, 39, 60, 78, 80, 71, 54),
('ChIJy4bOPHK8oRQR4pd68R1BHbE', 'Monday', 0, 0, 0, 0, 0, 0, 0, 0, 0, 0, 0, 0, 0, 0, 0, 0, 0, 8, 36, 58, 34, 8, 0, 0),
('ChIJy4bOPHK8oRQR4pd68R1BHbE', 'Tuesday', 0, 0, 0, 0, 0, 0, 0, 0, 0, 0, 0, 0, 0, 0, 0, 0, 0, 46, 78, 68, 31, 0, 0, 0),
('ChIJy4bOPHK8oRQR4pd68R1BHbE', 'Wednesday', 0, 0, 0, 0, 0, 0, 0, 0, 0, 0, 0, 0, 0, 0, 0, 0, 0, 10, 24, 42, 38, 17, 0, 0),
('ChIJy4bOPHK8oRQR4pd68R1BHbE', 'Thursday', 0, 0, 0, 0, 0, 0, 0, 0, 0, 0, 0, 0, 0, 0, 0, 0, 0, 27, 100, 79, 15, 2, 0, 0),
('ChIJy4bOPHK8oRQR4pd68R1BHbE', 'Friday', 0, 0, 0, 0, 0, 0, 0, 0, 0, 0, 0, 0, 0, 0, 0, 0, 0, 0, 0, 65, 35, 0, 0, 0),
('ChIJy4bOPHK8oRQR4pd68R1BHbE', 'Saturday', 0, 0, 0, 0, 0, 0, 0, 0, 0, 0, 0, 0, 0, 0, 0, 0, 0, 0, 0, 0, 0, 0, 0, 0),
('ChIJy4bOPHK8oRQR4pd68R1BHbE', 'Sunday', 0, 0, 0, 0, 0, 0, 0, 0, 0, 0, 0, 0, 0, 0, 0, 0, 0, 0, 0, 0, 0, 0, 0, 0),
('ChIJITSp6nG8oRQR8EccypUAFpI', 'Monday', 0, 0, 0, 0, 0, 0, 0, 0, 22, 35, 49, 60, 64, 60, 51, 39, 33, 39, 53, 57, 41, 0, 0, 0),
('ChIJITSp6nG8oRQR8EccypUAFpI', 'Tuesday', 0, 0, 0, 0, 0, 0, 0, 0, 18, 30, 44, 57, 64, 65, 58, 47, 38, 45, 70, 81, 54, 0, 0, 0),
('ChIJITSp6nG8oRQR8EccypUAFpI', 'Wednesday', 0, 0, 0, 0, 0, 0, 0, 0, 22, 33, 45, 55, 60, 60, 54, 45, 40, 48, 64, 63, 38, 0, 0, 0),
('ChIJITSp6nG8oRQR8EccypUAFpI', 'Thursday', 0, 0, 0, 0, 0, 0, 0, 0, 23, 36, 49, 59, 61, 57, 47, 36, 34, 48, 67, 63, 35, 0, 0, 0),
('ChIJITSp6nG8oRQR8EccypUAFpI', 'Friday', 0, 0, 0, 0, 0, 0, 0, 0, 19, 30, 42, 52, 58, 59, 55, 46, 40, 49, 74, 77, 43, 0, 0, 0),
('ChIJITSp6nG8oRQR8EccypUAFpI', 'Saturday', 0, 0, 0, 0, 0, 0, 0, 0, 17, 35, 59, 83, 98, 100, 89, 74, 64, 58, 50, 37, 0, 0, 0, 0),
('ChIJITSp6nG8oRQR8EccypUAFpI', 'Sunday', 0, 0, 0, 0, 0, 0, 0, 0, 0, 0, 0, 0, 0, 0, 0, 0, 0, 0, 0, 0, 0, 0, 0, 0),
('ChIJZyTv0L-9oRQRXUnxesE5v8Y', 'Monday', 0, 0, 0, 0, 0, 0, 0, 28, 43, 53, 56, 59, 59, 56, 50, 37, 25, 15, 15, 28, 46, 0, 0, 0),
('ChIJZyTv0L-9oRQRXUnxesE5v8Y', 'Tuesday', 0, 0, 0, 0, 0, 0, 0, 21, 37, 53, 59, 53, 40, 25, 18, 15, 18, 25, 31, 34, 37, 0, 0, 0),
('ChIJZyTv0L-9oRQRXUnxesE5v8Y', 'Wednesday', 0, 0, 0, 0, 0, 0, 0, 12, 18, 25, 28, 28, 28, 25, 21, 18, 15, 21, 34, 50, 59, 0, 0, 0),
('ChIJZyTv0L-9oRQRXUnxesE5v8Y', 'Thursday', 0, 0, 0, 0, 0, 0, 0, 21, 40, 62, 78, 81, 75, 62, 46, 40, 37, 40, 43, 43, 43, 0, 0, 0),
('ChIJZyTv0L-9oRQRXUnxesE5v8Y', 'Friday', 0, 0, 0, 0, 0, 0, 0, 34, 40, 46, 50, 53, 53, 50, 40, 28, 18, 15, 21, 34, 40, 0, 0, 0),
('ChIJZyTv0L-9oRQRXUnxesE5v8Y', 'Saturday', 0, 0, 0, 0, 0, 0, 0, 6, 12, 15, 21, 25, 21, 18, 18, 25, 37, 59, 81, 93, 90, 0, 0, 0),
('ChIJZyTv0L-9oRQRXUnxesE5v8Y', 'Sunday', 0, 0, 0, 0, 0, 0, 0, 6, 18, 43, 75, 96, 100, 84, 62, 50, 50, 56, 62, 65, 62, 0, 0, 0),
('ChIJUVPbxnG8oRQRAVysMffiC2c', 'Monday', 0, 0, 0, 0, 0, 0, 23, 60, 75, 56, 46, 56, 63, 58, 46, 38, 36, 37, 37, 33, 29, 23, 17, 0),
('ChIJUVPbxnG8oRQRAVysMffiC2c', 'Tuesday', 0, 0, 0, 0, 0, 0, 18, 45, 68, 66, 50, 43, 44, 43, 38, 34, 35, 38, 41, 41, 37, 30, 21, 0),
('ChIJUVPbxnG8oRQRAVysMffiC2c', 'Wednesday', 0, 0, 0, 0, 0, 0, 31, 50, 57, 52, 49, 53, 56, 50, 37, 31, 31, 35, 38, 39, 37, 31, 24, 0),
('ChIJUVPbxnG8oRQRAVysMffiC2c', 'Thursday', 0, 0, 0, 0, 0, 0, 25, 40, 58, 74, 82, 82, 75, 63, 55, 52, 55, 58, 58, 53, 43, 30, 18, 0),
('ChIJUVPbxnG8oRQRAVysMffiC2c', 'Friday', 0, 0, 0, 0, 0, 0, 31, 54, 68, 68, 68, 67, 62, 47, 31, 22, 25, 33, 44, 50, 47, 37, 25, 0),
('ChIJUVPbxnG8oRQRAVysMffiC2c', 'Saturday', 0, 0, 0, 0, 0, 0, 20, 38, 60, 82, 98, 100, 88, 68, 45, 28, 18, 17, 21, 26, 28, 24, 17, 0),
('ChIJUVPbxnG8oRQRAVysMffiC2c', 'Sunday', 0, 0, 0, 0, 0, 0, 15, 28, 43, 57, 70, 80, 76, 59, 37, 24, 21, 25, 29, 31, 29, 23, 16, 0),
('ChIJt6ZQCOK9oRQRhZ10oP5avKE', 'Monday', 0, 0, 0, 0, 0, 13, 22, 34, 46, 56, 60, 58, 50, 39, 27, 17, 12, 12, 20, 28, 30, 22, 11, 4),
('ChIJt6ZQCOK9oRQRhZ10oP5avKE', 'Tuesday', 0, 0, 0, 0, 0, 7, 24, 42, 48, 35, 24, 27, 38, 43, 36, 26, 25, 39, 57, 62, 51, 30, 13, 4),
('ChIJt6ZQCOK9oRQRhZ10oP5avKE', 'Wednesday', 0, 0, 0, 0, 0, 2, 12, 42, 62, 44, 27, 45, 78, 83, 53, 24, 17, 26, 38, 44, 39, 27, 15, 6),
('ChIJt6ZQCOK9oRQRhZ10oP5avKE', 'Thursday', 0, 0, 0, 0, 0, 0, 12, 66, 61, 22, 35, 58, 70, 60, 40, 27, 25, 31, 38, 40, 36, 27, 17, 10),
('ChIJt6ZQCOK9oRQRhZ10oP5avKE', 'Friday', 0, 0, 0, 0, 0, 5, 25, 50, 42, 24, 25, 35, 40, 39, 32, 25, 27, 37, 52, 62, 62, 49, 32, 16),
('ChIJt6ZQCOK9oRQRhZ10oP5avKE', 'Saturday', 0, 0, 0, 0, 0, 0, 4, 9, 17, 29, 43, 66, 100, 94, 58, 36, 24, 17, 18, 27, 40, 46, 42, 29),
('ChIJt6ZQCOK9oRQRhZ10oP5avKE', 'Sunday', 0, 0, 0, 0, 0, 0, 2, 8, 19, 37, 62, 85, 100, 98, 84, 65, 50, 44, 43, 42, 35, 25, 15, 7),
('ChIJ9zD0jG-8oRQRHU9Hgvsw2cU', 'Monday', 0, 0, 0, 0, 0, 0, 6, 15, 27, 42, 55, 66, 72, 64, 46, 31, 25, 27, 31, 32, 30, 24, 16, 0),
('ChIJ9zD0jG-8oRQRHU9Hgvsw2cU', 'Tuesday', 0, 0, 0, 0, 0, 0, 13, 23, 35, 46, 55, 62, 67, 66, 58, 47, 40, 37, 37, 36, 32, 24, 15, 0),
('ChIJ9zD0jG-8oRQRHU9Hgvsw2cU', 'Wednesday', 0, 0, 0, 0, 0, 0, 6, 13, 23, 35, 48, 61, 67, 67, 60, 48, 36, 32, 35, 42, 43, 34, 21, 0),
('ChIJ9zD0jG-8oRQRHU9Hgvsw2cU', 'Thursday', 0, 0, 0, 0, 0, 0, 6, 14, 25, 41, 56, 67, 70, 63, 50, 36, 27, 28, 36, 44, 42, 30, 16, 0),
('ChIJ9zD0jG-8oRQRHU9Hgvsw2cU', 'Friday', 0, 0, 0, 0, 0, 0, 5, 16, 34, 48, 53, 47, 45, 47, 46, 40, 31, 27, 35, 45, 48, 38, 22, 0),
('ChIJ9zD0jG-8oRQRHU9Hgvsw2cU', 'Saturday', 0, 0, 0, 0, 0, 0, 3, 10, 22, 42, 67, 90, 100, 93, 75, 56, 44, 40, 41, 44, 44, 40, 33, 0),
('ChIJ9zD0jG-8oRQRHU9Hgvsw2cU', 'Sunday', 0, 0, 0, 0, 0, 0, 8, 12, 18, 32, 57, 82, 80, 56, 36, 27, 23, 20, 21, 27, 34, 33, 21, 0),
('ChIJD4hqDky9oRQRdj3dLIjow5c', 'Monday', 0, 0, 0, 0, 0, 0, 20, 54, 80, 77, 59, 56, 71, 68, 39, 15, 11, 20, 31, 37, 34, 23, 0, 0),
('ChIJD4hqDky9oRQRdj3dLIjow5c', 'Tuesday', 0, 0, 0, 0, 0, 0, 6, 41, 68, 57, 40, 47, 60, 56, 37, 21, 19, 26, 35, 40, 37, 29, 0, 0),
('ChIJD4hqDky9oRQRdj3dLIjow5c', 'Wednesday', 0, 0, 0, 0, 0, 0, 16, 45, 69, 73, 68, 70, 75, 68, 49, 28, 18, 20, 28, 34, 31, 22, 0, 0),
('ChIJD4hqDky9oRQRdj3dLIjow5c', 'Thursday', 0, 0, 0, 0, 0, 0, 11, 60, 94, 73, 48, 56, 69, 61, 40, 24, 24, 32, 41, 43, 38, 27, 0, 0),
('ChIJD4hqDky9oRQRdj3dLIjow5c', 'Friday', 0, 0, 0, 0, 0, 0, 17, 44, 68, 75, 68, 62, 60, 53, 38, 26, 25, 31, 36, 33, 23, 10, 0, 0),
('ChIJD4hqDky9oRQRdj3dLIjow5c', 'Saturday', 0, 0, 0, 0, 0, 0, 7, 20, 36, 53, 68, 76, 76, 67, 54, 40, 31, 29, 31, 33, 29, 20, 0, 0),
('ChIJD4hqDky9oRQRdj3dLIjow5c', 'Sunday', 0, 0, 0, 0, 0, 0, 1, 9, 25, 47, 73, 93, 100, 89, 67, 41, 21, 14, 25, 39, 34, 14, 0, 0),
('ChIJYwGO5Ai9oRQRDdEVQfVqOcc', 'Monday', 0, 0, 0, 0, 0, 0, 0, 46, 60, 65, 69, 72, 71, 58, 37, 19, 12, 19, 36, 40, 0, 0, 0, 0),
('ChIJYwGO5Ai9oRQRDdEVQfVqOcc', 'Tuesday', 0, 0, 0, 0, 0, 0, 0, 38, 51, 59, 64, 71, 72, 61, 40, 19, 9, 20, 58, 80, 0, 0, 0, 0),
('ChIJYwGO5Ai9oRQRDdEVQfVqOcc', 'Wednesday', 0, 0, 0, 0, 0, 0, 0, 37, 38, 38, 56, 78, 90, 84, 64, 40, 25, 30, 50, 58, 0, 0, 0, 0),
('ChIJYwGO5Ai9oRQRDdEVQfVqOcc', 'Thursday', 0, 0, 0, 0, 0, 0, 0, 29, 51, 74, 91, 95, 85, 64, 41, 23, 13, 20, 48, 72, 0, 0, 0, 0),
('ChIJYwGO5Ai9oRQRDdEVQfVqOcc', 'Friday', 0, 0, 0, 0, 0, 0, 0, 21, 31, 40, 50, 58, 62, 62, 59, 52, 43, 41, 65, 100, 0, 0, 0, 0),
('ChIJYwGO5Ai9oRQRDdEVQfVqOcc', 'Saturday', 0, 0, 0, 0, 0, 0, 0, 35, 38, 39, 56, 80, 93, 84, 61, 39, 30, 34, 39, 37, 0, 0, 0, 0),
('ChIJYwGO5Ai9oRQRDdEVQfVqOcc', 'Sunday', 0, 0, 0, 0, 0, 0, 0, 37, 32, 26, 36, 52, 53, 36, 16, 7, 8, 17, 25, 24, 0, 0, 0, 0),
('ChIJSU562cO9oRQR8C7xW_EHZeQ', 'Monday', 0, 0, 0, 0, 0, 0, 0, 0, 0, 11, 23, 23, 23, 26, 23, 0, 0, 0, 0, 0, 0, 0, 0, 0),
('ChIJSU562cO9oRQR8C7xW_EHZeQ', 'Tuesday', 0, 0, 0, 0, 0, 0, 0, 0, 0, 11, 26, 35, 41, 38, 26, 11, 14, 41, 73, 61, 26, 0, 0, 0),
('ChIJSU562cO9oRQR8C7xW_EHZeQ', 'Wednesday', 0, 0, 0, 0, 0, 0, 0, 0, 0, 11, 26, 35, 47, 38, 14, 0, 0, 0, 0, 0, 0, 0, 0, 0),
('ChIJSU562cO9oRQR8C7xW_EHZeQ', 'Thursday', 0, 0, 0, 0, 0, 0, 0, 0, 0, 17, 29, 44, 50, 41, 29, 17, 17, 32, 52, 47, 23, 0, 0, 0),
('ChIJSU562cO9oRQR8C7xW_EHZeQ', 'Friday', 0, 0, 0, 0, 0, 0, 0, 0, 0, 5, 26, 50, 41, 26, 38, 23, 14, 26, 44, 47, 32, 0, 0, 0),
('ChIJSU562cO9oRQR8C7xW_EHZeQ', 'Saturday', 0, 0, 0, 0, 0, 0, 0, 0, 0, 2, 11, 41, 88, 100, 64, 0, 0, 0, 0, 0, 0, 0, 0, 0),
('ChIJSU562cO9oRQR8C7xW_EHZeQ', 'Sunday', 0, 0, 0, 0, 0, 0, 0, 0, 0, 0, 0, 0, 0, 0, 0, 0, 0, 0, 0, 0, 0, 0, 0, 0),
('ChIJxajTRLS9oRQRuCq2O4331vk', 'Monday', 0, 0, 0, 0, 0, 0, 0, 0, 0, 23, 39, 31, 32, 39, 28, 0, 0, 0, 0, 0, 0, 0, 0, 0),
('ChIJxajTRLS9oRQRuCq2O4331vk', 'Tuesday', 0, 0, 0, 0, 0, 0, 0, 0, 0, 12, 24, 39, 46, 42, 0, 0, 0, 28, 36, 39, 35, 0, 0, 0),
('ChIJxajTRLS9oRQRuCq2O4331vk', 'Wednesday', 0, 0, 0, 0, 0, 0, 0, 0, 0, 24, 41, 58, 68, 64, 50, 0, 0, 0, 0, 0, 0, 0, 0, 0),
('ChIJxajTRLS9oRQRuCq2O4331vk', 'Thursday', 0, 0, 0, 0, 0, 0, 0, 0, 0, 31, 47, 61, 61, 50, 0, 0, 0, 36, 63, 76, 64, 0, 0, 0),
('ChIJxajTRLS9oRQRuCq2O4331vk', 'Friday', 0, 0, 0, 0, 0, 0, 0, 0, 0, 19, 36, 53, 53, 38, 0, 0, 0, 32, 64, 67, 76, 0, 0, 0),
('ChIJxajTRLS9oRQRuCq2O4331vk', 'Saturday', 0, 0, 0, 0, 0, 0, 0, 0, 0, 43, 26, 56, 87, 100, 80, 0, 0, 0, 0, 0, 0, 0, 0, 0),
('ChIJxajTRLS9oRQRuCq2O4331vk', 'Sunday', 0, 0, 0, 0, 0, 0, 0, 0, 0, 0, 0, 0, 0, 0, 0, 0, 0, 0, 0, 0, 0, 0, 0, 0),
('ChIJ9yrHy3G8oRQRuB4Zwtcy98s', 'Monday', 0, 0, 0, 0, 0, 0, 0, 0, 0, 6, 13, 20, 23, 23, 20, 0, 0, 0, 0, 0, 0, 0, 0, 0),
('ChIJ9yrHy3G8oRQRuB4Zwtcy98s', 'Tuesday', 0, 0, 0, 0, 0, 0, 0, 0, 0, 20, 20, 23, 26, 20, 0, 0, 0, 50, 63, 46, 20, 0, 0, 0),
('ChIJ9yrHy3G8oRQRuB4Zwtcy98s', 'Wednesday', 0, 0, 0, 0, 0, 0, 0, 0, 0, 6, 20, 26, 16, 6, 10, 0, 0, 0, 0, 0, 0, 0, 0, 0),
('ChIJ9yrHy3G8oRQRuB4Zwtcy98s', 'Thursday', 0, 0, 0, 0, 0, 0, 0, 0, 0, 13, 20, 23, 20, 13, 0, 0, 0, 30, 93, 100, 40, 0, 0, 0),
('ChIJ9yrHy3G8oRQRuB4Zwtcy98s', 'Friday', 0, 0, 0, 0, 0, 0, 0, 0, 0, 6, 13, 20, 13, 6, 0, 0, 0, 36, 40, 40, 26, 0, 0, 0),
('ChIJ9yrHy3G8oRQRuB4Zwtcy98s', 'Saturday', 0, 0, 0, 0, 0, 0, 0, 0, 0, 16, 43, 76, 96, 80, 43, 0, 0, 0, 0, 0, 0, 0, 0, 0),
('ChIJ9yrHy3G8oRQRuB4Zwtcy98s', 'Sunday', 0, 0, 0, 0, 0, 0, 0, 0, 0, 0, 0, 0, 0, 0, 0, 0, 0, 0, 0, 0, 0, 0, 0, 0),
('ChIJkdFrygJJXhMR-HuRYwj9lCo', 'Monday', 0, 0, 0, 0, 0, 0, 0, 0, 17, 33, 51, 64, 70, 66, 53, 37, 22, 23, 42, 49, 21, 0, 0, 0),
('ChIJkdFrygJJXhMR-HuRYwj9lCo', 'Tuesday', 0, 0, 0, 0, 0, 0, 0, 0, 12, 25, 37, 48, 54, 54, 50, 42, 36, 37, 41, 41, 31, 0, 0, 0),
('ChIJkdFrygJJXhMR-HuRYwj9lCo', 'Wednesday', 0, 0, 0, 0, 0, 0, 0, 0, 79, 20, 30, 64, 89, 90, 71, 52, 44, 43, 43, 38, 29, 0, 0, 0),
('ChIJkdFrygJJXhMR-HuRYwj9lCo', 'Thursday', 0, 0, 0, 0, 0, 0, 0, 0, 20, 37, 50, 58, 77, 100, 84, 43, 23, 23, 25, 24, 17, 0, 0, 0),
('ChIJkdFrygJJXhMR-HuRYwj9lCo', 'Friday', 0, 0, 0, 0, 0, 0, 0, 0, 31, 47, 62, 73, 76, 73, 65, 54, 45, 38, 32, 25, 19, 0, 0, 0),
('ChIJkdFrygJJXhMR-HuRYwj9lCo', 'Saturday', 0, 0, 0, 0, 0, 0, 0, 0, 8, 22, 41, 61, 72, 72, 61, 42, 29, 36, 46, 24, 0, 0, 0, 0),
('ChIJkdFrygJJXhMR-HuRYwj9lCo', 'Sunday', 0, 0, 0, 0, 0, 0, 0, 0, 0, 0, 0, 0, 0, 0, 0, 0, 0, 0, 0, 0, 0, 0, 0, 0),
('ChIJo4YZH5tJXhMRu0HQpiXeLB0', 'Monday', 0, 0, 0, 0, 0, 0, 0, 0, 29, 46, 58, 65, 72, 74, 67, 52, 45, 60, 85, 86, 53, 0, 0, 0),
('ChIJo4YZH5tJXhMRu0HQpiXeLB0', 'Tuesday', 0, 0, 0, 0, 0, 0, 0, 0, 20, 35, 52, 66, 73, 69, 58, 44, 42, 59, 78, 69, 38, 0, 0, 0),
('ChIJo4YZH5tJXhMRu0HQpiXeLB0', 'Wednesday', 0, 0, 0, 0, 0, 0, 0, 0, 26, 43, 61, 76, 84, 80, 63, 42, 33, 52, 82, 80, 44, 0, 0, 0),
('ChIJo4YZH5tJXhMRu0HQpiXeLB0', 'Thursday', 0, 0, 0, 0, 0, 0, 0, 0, 23, 39, 55, 67, 70, 65, 56, 45, 37, 39, 67, 95, 69, 0, 0, 0),
('ChIJo4YZH5tJXhMRu0HQpiXeLB0', 'Friday', 0, 0, 0, 0, 0, 0, 0, 0, 33, 52, 73, 91, 100, 97, 84, 70, 67, 78, 88, 76, 47, 0, 0, 0),
('ChIJo4YZH5tJXhMRu0HQpiXeLB0', 'Saturday', 0, 0, 0, 0, 0, 0, 0, 0, 34, 55, 74, 86, 90, 87, 75, 59, 50, 57, 71, 59, 0, 0, 0, 0),
('ChIJo4YZH5tJXhMRu0HQpiXeLB0', 'Sunday', 0, 0, 0, 0, 0, 0, 0, 0, 0, 0, 0, 0, 0, 0, 0, 0, 0, 0, 0, 0, 0, 0, 0, 0),
('ChIJd-QpjaNJXhMRslvyOEvRyvc', 'Monday', 0, 0, 0, 0, 0, 0, 0, 0, 6, 17, 31, 45, 55, 58, 51, 41, 37, 48, 61, 51, 25, 0, 0, 0),
('ChIJd-QpjaNJXhMRslvyOEvRyvc', 'Tuesday', 0, 0, 0, 0, 0, 0, 0, 0, 7, 19, 35, 50, 59, 56, 44, 32, 30, 45, 58, 49, 24, 0, 0, 0),
('ChIJd-QpjaNJXhMRslvyOEvRyvc', 'Wednesday', 0, 0, 0, 0, 0, 0, 0, 0, 10, 21, 35, 48, 57, 59, 52, 44, 44, 55, 62, 48, 23, 0, 0, 0),
('ChIJd-QpjaNJXhMRslvyOEvRyvc', 'Thursday', 0, 0, 0, 0, 0, 0, 0, 0, 12, 25, 37, 46, 49, 44, 36, 31, 36, 48, 55, 49, 32, 0, 0, 0),
('ChIJd-QpjaNJXhMRslvyOEvRyvc', 'Friday', 0, 0, 0, 0, 0, 0, 0, 0, 13, 25, 38, 50, 55, 54, 46, 37, 35, 45, 57, 55, 37, 0, 0, 0),
('ChIJd-QpjaNJXhMRslvyOEvRyvc', 'Saturday', 0, 0, 0, 0, 0, 0, 0, 0, 25, 51, 80, 99, 100, 80, 52, 28, 21, 39, 50, 28, 0, 0, 0, 0),
('ChIJd-QpjaNJXhMRslvyOEvRyvc', 'Sunday', 0, 0, 0, 0, 0, 0, 0, 0, 0, 0, 0, 0, 0, 0, 0, 0, 0, 0, 0, 0, 0, 0, 0, 0),
('ChIJX9750plJXhMRwDfMxp1df-Q', 'Monday', 0, 0, 0, 0, 0, 0, 0, 47, 86, 92, 78, 81, 89, 81, 57, 0, 0, 26, 47, 63, 50, 23, 0, 0),
('ChIJX9750plJXhMRwDfMxp1df-Q', 'Tuesday', 0, 0, 0, 0, 0, 0, 0, 10, 21, 36, 57, 76, 86, 84, 71, 0, 0, 39, 44, 50, 52, 50, 0, 0),
('ChIJX9750plJXhMRwDfMxp1df-Q', 'Wednesday', 0, 0, 0, 0, 0, 0, 0, 36, 55, 68, 76, 73, 65, 60, 60, 0, 0, 60, 57, 60, 57, 47, 0, 0),
('ChIJX9750plJXhMRwDfMxp1df-Q', 'Thursday', 0, 0, 0, 0, 0, 0, 0, 31, 50, 68, 81, 89, 97, 100, 76, 0, 0, 34, 57, 71, 60, 34, 0, 0),
('ChIJX9750plJXhMRwDfMxp1df-Q', 'Friday', 0, 0, 0, 0, 0, 0, 0, 47, 100, 60, 55, 68, 71, 63, 47, 0, 0, 28, 36, 47, 50, 39, 0, 0),
('ChIJX9750plJXhMRwDfMxp1df-Q', 'Saturday', 0, 0, 0, 0, 0, 0, 0, 31, 31, 31, 50, 65, 73, 68, 55, 42, 39, 44, 52, 52, 42, 26, 0, 0),
('ChIJX9750plJXhMRwDfMxp1df-Q', 'Sunday', 0, 0, 0, 0, 0, 0, 0, 0, 0, 0, 0, 0, 0, 0, 0, 0, 0, 0, 0, 0, 0, 0, 0, 0),
('ChIJxUAcqJBJXhMRFzSRntH5ZXU', 'Monday', 0, 0, 0, 0, 0, 0, 0, 0, 41, 41, 19, 38, 61, 54, 29, 12, 0, 12, 22, 29, 32, 0, 0, 0),
('ChIJxUAcqJBJXhMRFzSRntH5ZXU', 'Tuesday', 0, 0, 0, 0, 0, 0, 0, 0, 12, 22, 29, 35, 35, 32, 25, 19, 12, 12, 32, 38, 19, 0, 0, 0),
('ChIJxUAcqJBJXhMRFzSRntH5ZXU', 'Wednesday', 0, 0, 0, 0, 0, 0, 0, 0, 3, 32, 51, 22, 48, 100, 67, 16, 3, 6, 12, 16, 19, 0, 0, 0),
('ChIJxUAcqJBJXhMRFzSRntH5ZXU', 'Thursday', 0, 0, 0, 0, 0, 0, 0, 0, 12, 22, 29, 35, 38, 35, 25, 19, 16, 19, 29, 32, 22, 0, 0, 0),
('ChIJxUAcqJBJXhMRFzSRntH5ZXU', 'Friday', 0, 0, 0, 0, 0, 0, 0, 0, 6, 16, 25, 35, 41, 41, 35, 25, 19, 16, 19, 19, 19, 0, 0, 0),
('ChIJxUAcqJBJXhMRFzSRntH5ZXU', 'Saturday', 0, 0, 0, 0, 0, 0, 0, 0, 6, 16, 25, 35, 38, 32, 22, 12, 6, 3, 9, 16, 22, 0, 0, 0),
('ChIJxUAcqJBJXhMRFzSRntH5ZXU', 'Sunday', 0, 0, 0, 0, 0, 0, 0, 0, 0, 0, 0, 0, 0, 0, 0, 0, 0, 0, 0, 0, 0, 0, 0, 0),
('ChIJJd9M4_9JXhMR3TspPhEBTSY', 'Monday', 0, 0, 0, 0, 0, 0, 0, 0, 0, 28, 45, 71, 96, 100, 79, 52, 43, 51, 62, 59, 42, 0, 0, 0),
('ChIJJd9M4_9JXhMR3TspPhEBTSY', 'Tuesday', 0, 0, 0, 0, 0, 0, 0, 0, 0, 24, 43, 63, 74, 71, 59, 49, 47, 51, 53, 46, 33, 0, 0, 0),
('ChIJJd9M4_9JXhMR3TspPhEBTSY', 'Wednesday', 0, 0, 0, 0, 0, 0, 0, 0, 0, 20, 41, 69, 89, 85, 65, 50, 50, 57, 59, 50, 34, 0, 0, 0),
('ChIJJd9M4_9JXhMR3TspPhEBTSY', 'Thursday', 0, 0, 0, 0, 0, 0, 0, 0, 0, 21, 31, 40, 48, 53, 52, 49, 48, 46, 44, 48, 37, 0, 0, 0),
('ChIJJd9M4_9JXhMR3TspPhEBTSY', 'Friday', 0, 0, 0, 0, 0, 0, 0, 0, 0, 32, 53, 73, 83, 79, 68, 58, 55, 55, 52, 42, 28, 0, 0, 0),
('ChIJJd9M4_9JXhMR3TspPhEBTSY', 'Saturday', 0, 0, 0, 0, 0, 0, 0, 0, 0, 20, 46, 67, 63, 42, 31, 36, 47, 52, 45, 32, 0, 0, 0, 0),
('ChIJJd9M4_9JXhMR3TspPhEBTSY', 'Sunday', 0, 0, 0, 0, 0, 0, 0, 0, 0, 0, 0, 0, 0, 0, 0, 0, 0, 0, 0, 0, 0, 0, 0, 0),
('ChIJZZwMgr1JXhMR89ixkSWfM14', 'Monday', 0, 0, 0, 0, 0, 0, 0, 37, 52, 67, 74, 74, 69, 62, 57, 55, 61, 67, 71, 62, 45, 25, 10, 0),
('ChIJZZwMgr1JXhMR89ixkSWfM14', 'Tuesday', 0, 0, 0, 0, 0, 0, 0, 49, 64, 72, 72, 64, 57, 55, 57, 61, 64, 64, 62, 55, 49, 38, 30, 0),
('ChIJZZwMgr1JXhMR89ixkSWfM14', 'Wednesday', 0, 0, 0, 0, 0, 0, 0, 28, 54, 77, 91, 89, 81, 74, 67, 59, 50, 49, 52, 55, 54, 44, 30, 0),
('ChIJZZwMgr1JXhMR89ixkSWfM14', 'Thursday', 0, 0, 0, 0, 0, 0, 0, 49, 83, 100, 88, 67, 59, 59, 64, 67, 67, 64, 57, 49, 40, 30, 22, 0),
('ChIJZZwMgr1JXhMR89ixkSWfM14', 'Friday', 0, 0, 0, 0, 0, 0, 0, 38, 55, 71, 84, 89, 89, 81, 67, 57, 50, 50, 52, 54, 50, 42, 28, 0),
('ChIJZZwMgr1JXhMR89ixkSWfM14', 'Saturday', 0, 0, 0, 0, 0, 0, 0, 20, 35, 50, 54, 0, 0, 0, 0, 0, 0, 0, 0, 0, 0, 0, 0, 0),
('ChIJZZwMgr1JXhMR89ixkSWfM14', 'Sunday', 0, 0, 0, 0, 0, 0, 0, 8, 16, 28, 38, 42, 40, 33, 25, 23, 27, 33, 40, 40, 37, 28, 20, 0);

-- --------------------------------------------------------

--
-- Δομή πίνακα για τον πίνακα `roles`
--

DROP TABLE IF EXISTS `roles`;
CREATE TABLE IF NOT EXISTS `roles` (
  `role_id` int(11) NOT NULL,
  `role_name` varchar(50) NOT NULL,
  PRIMARY KEY (`role_id`)
) ENGINE=InnoDB DEFAULT CHARSET=utf8;

--
-- Άδειασμα δεδομένων του πίνακα `roles`
--

INSERT INTO `roles` (`role_id`, `role_name`) VALUES
(0, 'client'),
(1, 'admin');

-- --------------------------------------------------------

--
-- Δομή πίνακα για τον πίνακα `stores`
--

DROP TABLE IF EXISTS `stores`;
CREATE TABLE IF NOT EXISTS `stores` (
  `id` varchar(255) NOT NULL,
  `Name` varchar(255) NOT NULL,
  `Address` varchar(255) NOT NULL,
  `Rating` float(2,1) NOT NULL,
  `Rating_number` int(11) NOT NULL,
  `lat` float(11,7) NOT NULL,
  `lng` float(11,7) NOT NULL,
  `types` varchar(255) NOT NULL,
  `DATES` datetime DEFAULT NULL,
  PRIMARY KEY (`id`)
) ENGINE=InnoDB DEFAULT CHARSET=utf8;

--
-- Άδειασμα δεδομένων του πίνακα `stores`
--

INSERT INTO `stores` (`id`, `Name`, `Address`, `Rating`, `Rating_number`, `lat`, `lng`, `types`, `DATES`) VALUES
('2134', 'Artonostimies Pavlopoulos since 1912', 'Stratigou Makrigianni 78, Moschato', 4.2, 121, 48.5405922, 2.6587501, 'bakery,cafe,food,point_of_interest,store,establishment', '2021-12-30 14:37:17'),
('ChIJ-f8_0B82XhMRGO3574T-GbY', 'Happytails', 'Ionias 23, Patra', 4.6, 69, 38.2372055, 21.7399464, 'pet_store,point_of_interest,store,establishment', '2021-12-30 14:24:32'),
('ChIJ-QpVOnK8oRQRgpLs8-beTEk', 'Babis Bakery', 'Stratigou Makrigianni 48, Moschato', 4.5, 152, 37.9484711, 23.6780434, 'bakery,food,point_of_interest,store,establishment', '2021-12-30 14:37:12'),
('ChIJ-TKYmx02XhMRhtJ7X9WTjPI', 'Eurobank', 'Kalavriton 32, Patra', 3.3, 23, 38.2356644, 21.7460651, 'bank,atm,finance,point_of_interest,establishment', '2021-12-30 14:24:32'),
('ChIJ04Xm-h02XhMRovY8-bw3Cpg', 'Building Cleaning - ESTIA', 'Fokeas 49, Patra', 4.6, 25, 38.2364044, 21.7441730, 'home_goods_store,point_of_interest,store,establishment', '2021-12-30 14:24:32'),
('ChIJ0a4YHeBJXhMRgESyORq9JSo', 'DERMATOLOGOS GIANNAKOPOULOS Patras KOSTAS', 'Voulgareos 27, Patra', 2.3, 9, 38.2381783, 21.7384529, 'doctor,health,point_of_interest,establishment', '2021-12-30 14:24:32'),
('ChIJ0RiAPOJJXhMR9e-rNN13X9o', 'Moto Shop Sotirios Andreou', 'Dimitriou Gounari 229, Patra', 4.6, 51, 38.2384415, 21.7446499, 'car_repair,point_of_interest,store,establishment', '2021-12-30 14:24:32'),
('ChIJ0We6ISc2XhMR0JstwP2xC6s', 'CHEINOPOROS PANAGIOTIS', 'Charilaou Trikoupi 17, Patra', 5.0, 4, 38.2373123, 21.7302914, 'health,point_of_interest,store,establishment', '2021-12-30 14:24:32'),
('ChIJ0xg-_4BJXhMRADzrgzcpuh4', 'ΖΕΛΕΚΤ ΑΕ', 'Kalavriton 2, Patra', 4.4, 115, 38.2377892, 21.7451992, 'shopping_mall,point_of_interest,establishment', '2021-12-30 14:24:32'),
('ChIJ0YP89yw3XhMRu0_gcptybS4', 'GroupTime Fitness', 'Akti Dimeon 35, Patra', 5.0, 92, 38.2338066, 21.7251415, 'gym,health,point_of_interest,establishment', '2021-12-30 14:24:32'),
('ChIJ17ejkhk2XhMRPsEejntj8Mc', 'Kafekouti', 'Kalavriton 23, Patra', 4.3, 213, 38.2365685, 21.7460365, 'point_of_interest,establishment', '2021-12-30 14:24:32'),
('ChIJ1f_1SOJJXhMRgrZ3x59ZKNw', 'Coffeebrands', '3ou Oreivatikoy 10, Patra', 4.3, 82, 38.2387085, 21.7452583, 'cafe,food,point_of_interest,store,establishment', '2021-12-30 14:24:32'),
('ChIJ24bVInC8oRQRQDDsFXzpdng', 'NRG Personal Training Club', 'Thermopilon 36, Moschato', 4.8, 185, 37.9525909, 23.6788425, 'gym,health,point_of_interest,establishment', '2021-12-30 14:37:12'),
('ChIJ24KnIg83XhMRX_b9V6y7PKE', 'Chrysanthakopoulos - Idiotropo', 'Korinthou 451, Patra', 4.5, 11, 38.2388763, 21.7285080, 'furniture_store,home_goods_store,point_of_interest,store,establishment', '2021-12-30 14:24:32'),
('ChIJ34_kIOBJXhMR7imf2tRjF3o', 'Hardwarestore.gr Χρωματοπωλείο Κωνσταντέλλος', 'Voulgareos 42, Patra', 4.9, 8, 38.2380066, 21.7393494, 'store,point_of_interest,establishment', '2021-12-30 14:24:32'),
('ChIJ3X9qO3C8oRQR493oxLUgF1M', 'Piazza Centrale', 'Stratigou Makrigianni 99, Moschato', 4.2, 694, 37.9518280, 23.6788311, 'restaurant,food,point_of_interest,establishment', '2021-12-30 14:37:12'),
('ChIJ4bvbRlU3XhMRizrDqc9I6fU', 'Flocafe', 'Akti Dimeon 17, Patra', 4.1, 246, 38.2376823, 21.7259350, 'cafe,food,point_of_interest,establishment', '2021-12-29 23:33:33'),
('ChIJ4e-5v05JXhMRDZp4UgNSSqg', 'Black Fox', 'Maizonos 30, Patra', 5.0, 50, 38.2499390, 21.7391396, 'cafe,food,point_of_interest,establishment', '2021-12-30 14:26:42'),
('ChIJ5-bc-wc3XhMRtRMtoIpDJDw', 'Paris house 1', 'Selefkias 11, Patra', 4.0, 1, 38.2297173, 21.7302189, 'lodging,point_of_interest,establishment', '2021-12-30 14:24:32'),
('ChIJ6-g47SM2XhMRoBC9mS6dkKE', 'Αχαϊκό Εντελβάις', 'Eleftheriou Venizelou 69, Patra', 4.4, 209, 38.2329636, 21.7325020, 'bakery,food,point_of_interest,store,establishment', '2021-12-30 14:24:32'),
('ChIJ6XED-TS9oRQR0okZLDR--I0', 'Smoke Power', 'Stratigou Makrigianni 65, Moschato', 4.7, 56, 37.9492950, 23.6780815, 'point_of_interest,establishment', '2021-12-30 14:37:12'),
('ChIJ70WQR3K8oRQRb5tLgxD8Qn0', 'Colosseo', 'Stratigou Makrigianni 40, Moschato', 4.5, 94, 37.9480209, 23.6779308, 'restaurant,food,point_of_interest,establishment', '2021-12-30 14:37:12'),
('ChIJ71wmUS82XhMRKso4jVV3SaI', 'Coffeebox Str', 'Akti Dimeon 27, Patra', 4.3, 124, 38.2349739, 21.7253246, 'cafe,food,point_of_interest,establishment', '2021-12-30 14:24:32'),
('ChIJ7SdGoCg2XhMRGcnVpa4dU0g', 'Petite Boutique', 'Akti Dimeon 18, Patra', 4.4, 413, 38.2367897, 21.7259140, 'cafe,restaurant,food,point_of_interest,establishment', '2021-12-29 23:33:33'),
('ChIJ88kULCM2XhMRXqQTjKQz9-s', 'La Taste Ζαχαροπλαστείο', 'Agiou Ioanni Pratsika 71, Patra', 4.6, 103, 38.2290611, 21.7343502, 'shopping_mall,food,point_of_interest,store,establishment', '2021-12-30 14:24:32'),
('ChIJ8e14Y_k3XhMRwkBFeA4sA44', 'Πλατεία Ελευθερίας (Μικράς Ασίας)', 'Patras', 3.7, 125, 38.2358017, 21.7419395, 'park,point_of_interest,establishment', '2021-12-30 14:24:32'),
('ChIJ8Uhwphk2XhMR0eyLMUIgSEk', 'Piraeus Bank', 'Γ. Παπανδρέου, & Ιωνίας 104, Patra', 2.3, 23, 38.2296486, 21.7412739, 'bank,atm,finance,point_of_interest,establishment', '2021-12-30 14:24:32'),
('ChIJ8YFRQhs3XhMRSTMUbYu6zCw', 'Pet Beauty G.S.', 'Βορείου Ηπείρου 170 και, Maizonos, Patra', 4.2, 34, 38.2334671, 21.7267895, 'hair_care,pet_store,point_of_interest,store,establishment', '2021-12-30 14:24:32'),
('ChIJ8yJ6relJXhMRo2XqEv0keZU', 'SUPERMARKET \"3A ARAPIS\"', 'Maizonos 22-24, Patra', 4.2, 232, 38.2506104, 21.7398949, 'supermarket,grocery_or_supermarket,food,point_of_interest,store,establishment', '2021-12-30 14:26:42'),
('ChIJ92syI3K8oRQRV-f5H9n_BZw', 'Αθλητικός Σύλλογος ITF - Taekwon Do \"Το Μοσχάτο\"', 'Lamprou Katsoni 62, Moschato', 4.2, 5, 37.9486351, 23.6782494, 'health,point_of_interest,establishment', '2021-12-30 14:37:12'),
('ChIJ9S-DQWS9oRQRnYsmr7EZqIM', 'Νικολοπούλου Δέσποινα - Οδοντίατρος | Ενδοδοντολόγος', 'Stratigou Makrigianni 57, Moschato', 5.0, 2, 37.9490128, 23.6779938, 'dentist,health,point_of_interest,establishment', '2021-12-30 14:37:12'),
('ChIJ9yrHy3G8oRQRuB4Zwtcy98s', 'Intima Underwear', 'Stratigou Makrigianni 91, Moschato', 4.7, 12, 37.9514008, 23.6787415, 'clothing_store,point_of_interest,store,establishment', '2021-12-30 14:37:12'),
('ChIJ9zD0jG-8oRQRHU9Hgvsw2cU', '\"Artonostimies Pavlopoulos since 1912\"', 'Stratigou Makrigianni 78, Moschato', 4.2, 121, 37.9505081, 23.6786575, 'bakery,cafe,food,point_of_interest,store,establishment', '2021-12-30 14:37:17'),
('ChIJa4Go5yc2XhMR-30hKzhbx_c', 'My market', '12, Akti Dimeon 14, Patra', 4.5, 504, 38.2392654, 21.7262650, 'supermarket,grocery_or_supermarket,food,point_of_interest,store,establishment', '2021-12-30 14:24:32'),
('ChIJA8EOiMk3XhMRfLK_6kRsJS4', 'ΕΙΔΙΚΗ ΘΕΡΑΠΕΥΤΙΚΗ ΠΑΡΕΜΒΑΣΗ - Λογοθεραπεία, Λογοθεραπευτές Πάτρα - Σακκογιάννη Ράνια', 'Kalavriton 24-26, Patra', 5.0, 10, 38.2363014, 21.7458572, 'health,point_of_interest,establishment', '2021-12-30 14:24:32'),
('ChIJA8XmnCc2XhMRoA2h45hqTg4', 'ComTech Systems Pc-Δίκτυα-Software-Service', 'Korinthou 358, Patra', 4.9, 30, 38.2393417, 21.7283497, 'electronics_store,point_of_interest,store,establishment', '2021-12-30 14:24:32'),
('ChIJaczbf8JJXhMR9QcBFbdskRA', 'B.M.G. RENTACAR', 'Andrea Papandreou 1, Patra', 1.0, 1, 38.2506485, 21.7372837, 'car_rental,point_of_interest,establishment', '2021-12-30 14:26:38'),
('ChIJaeHBPuBJXhMRuNbzVocLWWA', 'Kokkonis Bros O.E.', 'Mpoukaouri 158, Patra', 4.7, 198, 38.2381325, 21.7395630, 'home_goods_store,point_of_interest,store,establishment', '2021-12-30 14:24:32'),
('ChIJaSelXrpJXhMRn8muKjS7tz8', 'Γιαννης Χριστοπουλος ΚΡΕΟΠΩΛΕΙΟ', 'Dimitriou Gounari 212, Patra', 5.0, 3, 38.2387772, 21.7436714, 'food,point_of_interest,store,establishment', '2021-12-30 14:24:32'),
('ChIJaVrgkCU2XhMRvIk-RC18hoM', 'Αρτο...Ποίηση', 'Maizonos 348, Patra', 4.7, 65, 38.2333450, 21.7266693, 'bakery,food,point_of_interest,store,establishment', '2021-12-30 14:24:32'),
('ChIJAVs4m443XhMRBbxmCCI6f5Y', 'εν σωματι', 'Ελευθερίου Βενιζέλου 59 &, Delvinou, Patra', 4.8, 6, 38.2326965, 21.7307911, 'gym,health,point_of_interest,establishment', '2021-12-30 14:24:32'),
('ChIJB0BpiiM2XhMR0j9vb-iKkoc', 'Play Opap Ε. Βενιζέλου 65', 'Eleftheriou Venizelou 65, Patra', 4.0, 39, 38.2328453, 21.7317314, 'casino,point_of_interest,establishment', '2021-12-30 14:24:32'),
('ChIJb6ZtRxw2XhMR3wPLklk4dic', 'elastika falieris TROXOEXPRESS', 'Leoforos Georgiou Papandreou 60, Patra', 4.9, 66, 38.2330399, 21.7447567, 'car_repair,point_of_interest,store,establishment', '2021-12-30 14:24:32'),
('ChIJB7W7PHC8oRQRIN18As6W3T4', 'Piraeus Bank', 'Stratigou Makrigianni 105, Moschato', 3.3, 16, 37.9523659, 23.6790066, 'bank,atm,finance,point_of_interest,establishment', '2021-12-30 14:37:12'),
('ChIJB9uOmYM3XhMRcG8fh_Xmz7o', 'Car wash elefante', 'Solomous 86, Patra', 4.1, 17, 38.2348175, 21.7298985, 'car_wash,point_of_interest,establishment', '2021-12-30 14:24:32'),
('ChIJbaPLFeJJXhMRYPqDu15HzSs', 'Kotsokolos Konstantinos', 'Karatza 116, Patra', 4.6, 87, 38.2378578, 21.7447701, 'restaurant,food,point_of_interest,establishment', '2021-12-30 14:24:32'),
('ChIJbzH1X0E3XhMRIZIsCrlLqgY', 'Το Φωτεινό Αστέρι', 'Themistokleous 116, Patra', 4.7, 27, 38.2331772, 21.7281399, 'point_of_interest,establishment', '2021-12-30 14:24:32'),
('ChIJCdQRw0Y3XhMRHeQx2bwPEAw', 'Καφέ \"Πνύκα\"', 'Michail Psellou 5, Patra', 4.4, 21, 38.2332726, 21.7338753, 'cafe,food,point_of_interest,establishment', '2021-12-30 14:24:32'),
('ChIJCw-wuz5JXhMRd2DwyJ14sxg', 'Períptero', '3ou Oreivatikoy 48, Patra', 5.0, 1, 38.2401466, 21.7454338, 'grocery_or_supermarket,food,point_of_interest,store,establishment', '2021-12-30 14:24:32'),
('ChIJd-QpjaNJXhMRslvyOEvRyvc', 'ΣΚΛΑΒΕΝΙΤΗΣ', 'Notara 141, Patra', 4.5, 176, 38.2691002, 21.7496204, 'supermarket,grocery_or_supermarket,food,point_of_interest,store,establishment', '2022-02-25 10:32:23'),
('ChIJD12aA_c3XhMR3g61s7cKpQc', 'Πασαγιάννης Όμηρος', 'Kontogouri 10, Patra', 4.8, 4, 38.2313309, 21.7315521, 'grocery_or_supermarket,food,point_of_interest,store,establishment', '2021-12-30 14:24:32'),
('ChIJD4hqDky9oRQRdj3dLIjow5c', 'Bridge Coffee Roasters Μοσχατο', 'Stratigou Makrigianni 101, Moschato', 4.3, 337, 37.9521561, 23.6789417, 'cafe,food,point_of_interest,establishment', '2021-12-30 14:37:17'),
('ChIJDU4ldCU2XhMRhYQRDJHqYB8', 'Carspa', 'Parnassou 17, Patra', 4.6, 10, 38.2325821, 21.7271957, 'car_wash,point_of_interest,establishment', '2021-12-30 14:24:32'),
('ChIJdz60KyA2XhMRiCVdmLDxyx8', 'Φαρμακείο Δήμητρας Κοτσιρίλου & ΣΙΑ Ο.Ε.', 'Αγίας Τριάδος 52 & Βορείου Ηπείρου 3, Patra', 5.0, 6, 38.2359505, 21.7374134, 'drugstore,health,point_of_interest,store,establishment', '2021-12-30 14:24:32'),
('ChIJD_GT-iQ2XhMRbFWExhIn4sI', 'butcher Cacoyannis', 'Solomous 148, Patra', 5.0, 30, 38.2317352, 21.7293453, 'food,point_of_interest,store,establishment', '2021-12-30 14:24:32'),
('ChIJE5rqhOFJXhMREi7B5EA45Dw', 'Tip Top', 'Dimitriou Gounari 223, Patra', 4.6, 102, 38.2385139, 21.7444553, 'restaurant,food,point_of_interest,establishment', '2021-12-30 14:24:32'),
('ChIJeRBLIEo3XhMRJQF6V6sC6MI', 'Πλυντήριο αυτοκινήτων (self service)', 'Ionias 133, Patra', 5.0, 5, 38.2300186, 21.7407131, 'car_wash,point_of_interest,establishment', '2021-12-30 14:24:32'),
('ChIJESBMBBk2XhMRi2SbsZ_zvMU', 'WODBOX', 'Leoforos Georgiou Papandreou 91, Patra', 4.8, 25, 38.2307320, 21.7428055, 'gym,health,point_of_interest,establishment', '2021-12-30 14:24:32'),
('ChIJeT2kxTo2XhMRCntpyoHXt2A', 'ΚΟΥΝΑΒΗΣ ΑΝΔΡΕΑΣ', 'Salaminos 30, Patra', 4.2, 11, 38.2293816, 21.7274380, 'store,point_of_interest,establishment', '2021-12-30 14:24:32'),
('ChIJeWquqyE2XhMRLB_819PA_b0', 'Sotiris Koulis Family', 'Archiepiskopou Ierotheou 105, Patra', 5.0, 1, 38.2370720, 21.7345791, 'store,point_of_interest,establishment', '2021-12-30 14:24:32'),
('ChIJEzGdRic2XhMRYTCEu8QXinw', 'ΑΡΤΟΓΕΥΣΕΙΣ ΑΝΔΡΙΚΟΠΟΥΛΟΣ ΧΑΡ. & ΣΙΑ Ο.Ε.', 'Solomous 30, Patra', 4.5, 60, 38.2387695, 21.7306213, 'bakery,food,point_of_interest,store,establishment', '2021-12-30 14:24:32'),
('ChIJF-Rg6dI3XhMRMNxaFTBLchg', 'Coffee stay', 'Charilaou Trikoupi 17, Patra', 5.0, 3, 38.2373123, 21.7302914, 'cafe,food,point_of_interest,store,establishment', '2021-12-30 14:24:32'),
('ChIJf0kcnSc2XhMRu-Lg9p3PZjI', 'Music Power ΠΕΛΕΚΟΥΔΑΣ Β.', 'Korinthou 443, Patra', 4.9, 24, 38.2391891, 21.7285767, 'car_repair,point_of_interest,establishment', '2021-12-30 14:24:32'),
('ChIJf1c-xyU2XhMRQaIzEdB_B7k', 'www.abbyspaws.gr', 'Themistokleous 56, Patra', 5.0, 1, 38.2373505, 21.7303905, 'point_of_interest,store,establishment', '2021-12-30 14:24:32'),
('ChIJFaU1TBw2XhMRq87NWxs61hA', 'Μυλωνάς Ζαχαροπλαστείο', 'Leoforos Georgiou Papandreou 44, Patra', 4.4, 107, 38.2340508, 21.7457066, 'bakery,food,point_of_interest,store,establishment', '2021-12-30 14:24:32'),
('ChIJfdC04No3XhMR8JrkZLvazh4', 'AlfaEstiasi', 'Selefkias 14, Patra', 5.0, 3, 38.2294617, 21.7306004, 'shopping_mall,furniture_store,home_goods_store,food,point_of_interest,store,establishment', '2021-12-30 14:24:32'),
('ChIJFUgUqwY3XhMR_pCBkFi8rdI', 'Μπαρμπέρικο - Barber Shop', 'Agias Triados 20, Patra', 5.0, 57, 38.2372856, 21.7367764, 'hair_care,health,point_of_interest,establishment', '2021-12-30 14:24:32'),
('ChIJFxIYOehJXhMRTnfIBMK7Cjw', 'eCig Hellas Ηλεκτρονικο Τσιγαρο - Πάτρα', 'Maizonos 47, Patra', 4.9, 208, 38.2496643, 21.7390518, 'electronics_store,point_of_interest,store,establishment', '2021-12-30 14:26:38'),
('ChIJG5AcGCY2XhMRmpnpUDVG6Lc', 'Our Great Circus', 'Archiepiskopou Kirillou 14, Patra', 4.6, 583, 38.2365150, 21.7264309, 'restaurant,food,point_of_interest,establishment', '2021-12-30 14:24:32'),
('ChIJg67Oa4g3XhMRfLQlSnNC9hg', 'Σαπουναρία Πάτρας (S.P)', 'Πόντου κ, Efesou 47, Patra', 4.8, 4, 38.2353249, 21.7410145, 'point_of_interest,store,establishment', '2021-12-30 14:24:32'),
('ChIJGfuRsONJXhMRQ-9vUU0WSjI', 'KARELIS KONSTANTINOS', 'Paleon Patron Germanou 179, Patra', 5.0, 2, 38.2401848, 21.7451420, 'food,point_of_interest,store,establishment', '2021-12-30 14:24:32'),
('ChIJgwBl6SU2XhMRMjbygjBSboQ', 'Patras Moto Technology', 'Dimitriou Maximou 8, Patra', 4.9, 105, 38.2343369, 21.7259254, 'car_repair,point_of_interest,store,establishment', '2021-12-30 14:24:32'),
('ChIJGYPtKyY2XhMRDq5n0hrb108', 'Media Markt Πάτρα', 'Akti Dimeon 17, Patra', 4.1, 1257, 38.2377357, 21.7262516, 'shopping_mall,electronics_store,point_of_interest,store,establishment', '2021-12-30 14:24:32'),
('ChIJgzsL5S5JXhMRGNrT3szvqVA', 'Kýbos', 'Maizonos 45, Patra', 5.0, 13, 38.2497444, 21.7391548, 'cafe,food,point_of_interest,establishment', '2021-12-30 14:26:54'),
('ChIJh003YSY2XhMRXA3c9sHdMAw', 'GMC-SHOP_Super Market Θεοδωρόπουλος', 'Archiepiskopou Ierotheou 51, Patra', 4.6, 58, 38.2360115, 21.7283459, 'grocery_or_supermarket,food,point_of_interest,store,establishment', '2021-12-30 14:24:32'),
('ChIJH1FcPxw2XhMRzjMDiIppoZg', 'Max Perry', 'Leoforos Georgiou Papandreou 59, Patra', 4.3, 155, 38.2331963, 21.7451115, 'food,point_of_interest,store,establishment', '2021-12-30 14:24:32'),
('ChIJH2IPqSU2XhMRx52dM-Uwiwc', 'Σκλαβενίτης', 'Parnassou 16, Patra', 4.5, 725, 38.2326736, 21.7281628, 'supermarket,grocery_or_supermarket,food,point_of_interest,store,establishment', '2021-12-30 14:24:32'),
('ChIJh5k6OnK8oRQRqHNjR4oHrKs', 'Voi & Noi', 'Stratigou Makrigianni 51, Moschato', 3.9, 69, 37.9484863, 23.6778278, 'shoe_store,point_of_interest,store,establishment', '2021-12-30 14:37:12'),
('ChIJHf2oKOhJXhMRU48jxmo1y6s', 'Zolotas S.A.', 'Riga Fereou 32, Patra', 4.3, 75, 38.2501106, 21.7378922, 'point_of_interest,store,establishment', '2021-12-30 14:26:38'),
('ChIJhT1xJuhJXhMRB_dOMAB9G8A', 'Κατσαρόλα της Τούλας', 'Riga Fereou 49, Patra', 4.6, 554, 38.2499809, 21.7379608, 'restaurant,food,point_of_interest,establishment', '2021-12-30 14:26:38'),
('ChIJhTC7IiA2XhMRDXXA5keTbkU', 'The Juice Bar', 'Smirnis 110, Patra', 4.4, 139, 38.2370453, 21.7369213, 'cafe,food,point_of_interest,establishment', '2021-12-30 14:24:32'),
('ChIJhVyNxiU2XhMR-047iPt8FPY', 'Δ.ΕΠΙΣΚΕΥΑΣΤΙΚΗ', 'Korinthou 426-430, Patra', 4.7, 7, 38.2340775, 21.7276058, 'hardware_store,point_of_interest,store,establishment', '2021-12-30 14:24:32'),
('ChIJHz0GwiY2XhMRl8CM130I0qw', 'CyberArena Internet Cafe', 'Solomous 72-76, Patra', 4.7, 124, 38.2361870, 21.7301178, 'point_of_interest,establishment', '2021-12-30 14:24:32'),
('ChIJhzfbM3C8oRQRKjAJPo4lu4I', 'Διακρότημα - After School', 'Μακρυγιάννη 99 & Μεταμορφόσεως 70, Moschato', 4.8, 21, 37.9518852, 23.6788921, 'point_of_interest,establishment', '2021-12-30 14:37:12'),
('ChIJHZzVMnC8oRQRzSZ7MsFlzmk', 'National Bank of Greece', '88, Stratigou Makrigianni 84, Moschato', 4.1, 7, 37.9515839, 23.6790504, 'finance,point_of_interest,establishment', '2021-12-30 14:37:12'),
('ChIJITSp6nG8oRQR8EccypUAFpI', 'ΑΒ Βασιλόπουλος', '73, Stratigou Makrigianni 75, Moschato', 4.1, 602, 37.9504509, 23.6783466, 'supermarket,grocery_or_supermarket,food,point_of_interest,store,establishment', '2021-12-30 14:37:17'),
('ChIJizF4o5o3XhMRYFqw0tvXBHM', 'Ο ΛΕΩΝΙΔΑΣ & ΟΙ 300', 'Fanariou 73, Patra', 4.6, 5, 38.2331924, 21.7431564, 'restaurant,food,point_of_interest,establishment', '2021-12-30 14:24:32'),
('ChIJj56MreNJXhMRWAsKa0J8W4k', 'Δακόλα Αγγελική Α', 'Paleon Patron Germanou 183-193, Patra', 4.9, 25, 38.2397385, 21.7458191, 'hair_care,point_of_interest,establishment', '2021-12-30 14:24:32'),
('ChIJJd9M4_9JXhMR3TspPhEBTSY', 'Paraskeuopoulos', 'Panepistimiou 252, Patra', 4.0, 47, 38.2693787, 21.7584019, 'supermarket,grocery_or_supermarket,food,point_of_interest,store,establishment', '2022-02-25 10:32:23'),
('ChIJJU-orzo2XhMRWpzclnuGfzw', 'Φραγκάκης ΟΕ', 'Souniou 119, Patra', 5.0, 7, 38.2299042, 21.7262039, 'liquor_store,food,point_of_interest,store,establishment', '2021-12-30 14:24:32'),
('ChIJJXZNNjtJXhMR_2Oug8KxoHw', 'Παραδοσιακό Οπωροπαντοπωλείο', '6 συντάγματος 2, Πάτρα', 4.9, 16, 38.2401772, 21.7456055, 'grocery_or_supermarket,food,point_of_interest,store,establishment', '2021-12-30 14:24:32'),
('ChIJk0zmsB82XhMRaUVxT1MhpGY', 'Gitsis Konstantinos', 'Ionias 54, Patra', 4.3, 99, 38.2359276, 21.7399559, 'food,point_of_interest,store,establishment', '2021-12-30 14:24:32'),
('ChIJK2mtFN9JXhMRQgGlzRIXc6k', 'Vasiliki Andrikopoulou', 'Mesologgiou 11, Patra', 5.0, 35, 38.2402725, 21.7334766, 'point_of_interest,establishment', '2021-12-30 14:24:32'),
('ChIJkdFrygJJXhMR-HuRYwj9lCo', 'Masoutis', 'ΣΟΦΟΚΛΕΟΥΣ &, Dimitriou Vikela 1, Patra', 4.4, 101, 38.2656403, 21.7399426, 'supermarket,grocery_or_supermarket,food,point_of_interest,store,establishment', '2022-02-25 10:32:23'),
('ChIJkRhinSg2XhMRipOQ12_hPzI', 'Libido', 'Akti Dimeon 17, Patra', 4.5, 569, 38.2377129, 21.7259407, 'cafe,food,point_of_interest,establishment', '2021-12-29 23:33:33'),
('ChIJKT-X7SA2XhMR2dSVr5pougg', 'Arapis Market \"3A Arapis\" Ltd', 'Panachaikou 65, Patra', 4.2, 91, 38.2374153, 21.7338772, 'supermarket,grocery_or_supermarket,food,point_of_interest,store,establishment', '2021-12-30 14:24:32'),
('ChIJKy7R3SY2XhMReaxikN_Jbb0', 'NIKOLOPOULOS PANAGIOTIS \"TO PARADOSIAKO PSOMI\"', 'Solomous 75, Patra', 3.0, 2, 38.2367706, 21.7303200, 'bakery,food,point_of_interest,store,establishment', '2021-12-30 14:24:32'),
('ChIJl4E8Nd1JXhMRIItSjXdfOXo', 'Φροντιστήριο Φάσμα', 'Ελευθερίου Βενιζέλου και Γεωργιου Παπανδρέου ,Πάτρα 262 21, Patra', 5.0, 6, 38.2296715, 21.7411861, 'point_of_interest,establishment', '2021-12-30 14:24:32'),
('ChIJl9MsMXC8oRQR-GCjsFAMs_w', 'Vasileiadis Konstantinos & Co', 'Metamorfoseos 73, Moschato', 4.4, 21, 37.9521103, 23.6787758, 'pharmacy,health,point_of_interest,store,establishment', '2021-12-30 14:37:12'),
('ChIJLbeqKhk2XhMRKRTbz6Mkha4', 'ΓΑΣΠΑΡΙΝΑΤΟΥ ΠΑΥΛΙΝΑ ΘΕΟΦΑΝΗΣ', 'Ionias 103, Patra', 5.0, 21, 38.2325630, 21.7407227, 'hair_care,point_of_interest,establishment', '2021-12-30 14:24:32'),
('ChIJLdYVm2-9oRQRDZ_RHHKTAkc', 'Δημοσθένης Μηνάς', 'Stratigou Makrigianni 59, Moschato', 4.8, 24, 37.9491348, 23.6780376, 'home_goods_store,point_of_interest,store,establishment', '2021-12-30 14:37:12'),
('ChIJlQV3HyY2XhMRpjjYBlws0d4', 'RAPTI Boutri Vasiliki Zakinthinos Xristos Accounting Tax office', 'Archiepiskopou Kirillou 2, Patra', 4.4, 7, 38.2365532, 21.7259369, 'accounting,finance,point_of_interest,establishment', '2021-12-30 14:24:32'),
('ChIJlQzUWic2XhMRRj2o3g9QiWw', 'Αχαϊκή Διαχειριστική (Επαγγ. Καθαρισμοί)', 'Solomou 24, Patra', 4.1, 20, 38.2388763, 21.7306671, 'laundry,point_of_interest,establishment', '2021-12-30 14:24:32'),
('ChIJLWNTMuhJXhMRc0uCYczaWys', 'Bocas', 'Riga Fereou 39, Patra', 4.6, 403, 38.2504272, 21.7385406, 'bar,point_of_interest,establishment', '2021-12-30 14:26:38'),
('ChIJMQP6EbU3XhMRBtsPNWT_DiQ', 'liberis ψωμι-καφες-γλυκο', 'Alexandrou Papanastasiou 16, Patra', 4.5, 24, 38.2303429, 21.7279797, 'cafe,food,point_of_interest,establishment', '2021-12-30 14:24:32'),
('ChIJMSeG8hk2XhMRRhwsF8fhP3Y', 'The Bright Star', 'Themistokleous 116, Patra', 4.7, 27, 38.2331772, 21.7281399, 'point_of_interest,establishment', '2021-12-30 14:24:32'),
('ChIJmxF_PCc2XhMRJpnrz44FtbU', 'Ανδρικόπουλος Super Market', 'Solomous 53, Patra', 4.4, 107, 38.2378769, 21.7305412, 'grocery_or_supermarket,food,point_of_interest,store,establishment', '2021-12-30 14:24:32'),
('ChIJmzSR7SA2XhMRpWcgvrhnQEY', 'ΣΥΜΕΩΝΙΔΗΣ ΠΕΡΙΚΛΗΣ', 'Smirnis 72, Patra', 5.0, 32, 38.2374725, 21.7338219, 'bakery,food,point_of_interest,store,establishment', '2021-12-30 14:24:32'),
('ChIJn3NEIXK8oRQREKINIEAfKFE', '5àsec Καθαριστήριο | Μοσχάτο', 'Stratigou Makrigianni 58, Moschato', 4.2, 62, 37.9489899, 23.6782112, 'laundry,point_of_interest,establishment', '2021-12-30 14:37:12'),
('ChIJn65BbOJJXhMRRvBmSjqKNX0', 'Zelekt S.A.', 'Kalavriton 2, Patra', 4.4, 115, 38.2377701, 21.7452259, 'electronics_store,point_of_interest,store,establishment', '2021-12-30 14:24:32'),
('ChIJNce1WSQ2XhMRCxdWbKOr_8M', 'Cafe Ανδρέας', 'Solomous 140, Patra', 3.2, 18, 38.2324028, 21.7295208, 'cafe,food,point_of_interest,establishment', '2021-12-30 14:24:32'),
('ChIJNQv7Pxw2XhMReRJTJFtt4xc', 'Et Cafe', 'Leoforos Georgiou Papandreou 59A, Patra', 4.5, 167, 38.2330208, 21.7450352, 'cafe,food,point_of_interest,establishment', '2021-12-30 14:24:32'),
('ChIJnyLA8iM2XhMR2MQ82SsQXww', 'Micromed Διαγνωστικά', 'Eleftheriou Venizelou 67, Patra', 4.8, 4, 38.2330246, 21.7323017, 'store,point_of_interest,establishment', '2021-12-30 14:24:32'),
('ChIJn_SgKe03XhMRvsbE3xFr8Ao', 'Συνεργείο Αυτοκινήτων παντός τύπου Κατσικάκης Νικόλας', 'Pindou 3, Patra', 5.0, 13, 38.2307816, 21.7434578, 'car_repair,point_of_interest,establishment', '2021-12-30 14:24:32'),
('ChIJo4YZH5tJXhMRu0HQpiXeLB0', 'Ανδρικόπουλος Super Market', 'Αξιού 1-3, Agiou Konstantinou &, Patra', 4.5, 378, 38.2692337, 21.7479095, 'supermarket,grocery_or_supermarket,food,point_of_interest,store,establishment', '2022-02-25 10:32:23'),
('ChIJOeK7WuhJXhMRp1dmjE1OOmo', 'ΑΝΑΣΤΑΣΟΠΟΥΛΟΣ ΙΩΑΝΝΗΣ', 'Korinthou 156, Patra', 4.5, 43, 38.2496490, 21.7399197, 'electronics_store,point_of_interest,store,establishment', '2021-12-30 14:26:38'),
('ChIJOfXygiQ2XhMRZmdy1DIIEg4', '\"Η Καλή\" Καρβελά Καλιρρόη', 'Σολωμού κ Δελφων 32Πάτρα, Patra', 4.7, 43, 38.2315025, 21.7296410, 'convenience_store,grocery_or_supermarket,food,point_of_interest,store,establishment', '2021-12-30 14:24:32'),
('ChIJowSURxM3XhMRmbAxgMezpuk', 'Areti Textile', 'Ionias 39, Patra', 5.0, 3, 38.2364388, 21.7400379, 'point_of_interest,store,establishment', '2021-12-30 14:24:32'),
('ChIJOztsXBk2XhMRIu0EEdF27js', 'PHARMACY Damvounelis G. Kon / nos', 'Leoforos Georgiou Papandreou 85, Patra', 5.0, 3, 38.2310524, 21.7431450, 'drugstore,health,point_of_interest,store,establishment', '2021-12-30 14:24:32'),
('ChIJoZu2ICE2XhMRaYhwPdvHLkY', 'Axizei', 'Mesologgiou 69, Patra', 4.8, 4, 38.2365150, 21.7328587, 'home_goods_store,point_of_interest,store,establishment', '2021-12-30 14:24:32'),
('ChIJP-URlSY2XhMRXXseyEczfzI', 'MY COFFEE', 'Solomous 82Α, Patra', 4.6, 62, 38.2357864, 21.7300453, 'cafe,food,point_of_interest,store,establishment', '2021-12-30 14:24:32'),
('ChIJP1bzTS82XhMRKDyRa4_p-j4', 'Κολυμβητήριο ΝΟΠ (Nautical Club of Patras)', 'Akti Dimeon, Patra', 4.4, 314, 38.2390022, 21.7249069, 'point_of_interest,establishment', '2021-12-30 14:24:32'),
('ChIJpxBoqb43XhMRPoXjQGIk2C0', 'Edgy Cuts', 'Archiepiskopou Ierotheou 89, Patra', 5.0, 24, 38.2366600, 21.7333183, 'hair_care,point_of_interest,establishment', '2021-12-30 14:24:32'),
('ChIJpYe_5iM2XhMRxwCviSFImLA', 'ΝΤΟΥΒΑΣ ΑΘΑΝΑΣΙΟΣ', 'Voriou Ipirou 73, Patra', 4.7, 17, 38.2337112, 21.7328663, 'bakery,food,point_of_interest,store,establishment', '2021-12-30 14:24:32'),
('ChIJq8ifLjQ3XhMRwe_o9v8rl_M', 'Kōnstantínos', 'Platia Voriou Ipirou 102, Patra', 5.0, 10, 38.2337341, 21.7313900, 'hair_care,point_of_interest,establishment', '2021-12-30 14:24:32'),
('ChIJqXfObCc2XhMRnI9QBuMheio', 'Abige Hair&Style', 'Kapodistriou 28, Patra', 4.9, 51, 38.2385101, 21.7296600, 'hair_care,point_of_interest,establishment', '2021-12-30 14:24:32'),
('ChIJqXT_xCU2XhMRc5ulGeOpCoc', 'Coffee Island', 'Κορίνθου &, Dimitriou Maximou 22, Patra', 4.7, 177, 38.2341499, 21.7279453, 'cafe,food,point_of_interest,store,establishment', '2021-12-30 14:24:32'),
('ChIJQZbR3xQ3XhMRyaR2SBYu29I', 'Excellent Car Wash', 'Dimitriou Maximou 22, Patra', 4.4, 7, 38.2343292, 21.7281151, 'car_wash,point_of_interest,establishment', '2021-12-30 14:24:32'),
('ChIJr5-c39hJXhMRwfGwb6llWq8', 'DARAVALIS CLINIC (Γ. Δαραβάλης Δερματολόγος - Αφροδισιολόγος Πάτρα)', 'Riga Fereou 32-34, Patra', 4.7, 75, 38.2503777, 21.7379665, 'beauty_salon,doctor,health,point_of_interest,establishment', '2021-12-30 14:26:48'),
('ChIJR56ibOhJXhMRc3gu6QZZ8ek', 'Μπουκέτο Μπαλόνια', 'Korinthou, Patra', 4.4, 34, 38.2357292, 21.7278595, 'store,point_of_interest,establishment', '2021-12-30 14:24:32'),
('ChIJRb9uAz43XhMRexZ2BgsH0cs', 'Paris house 2', 'Selefkias 11, Patra', 3.5, 2, 38.2297173, 21.7302189, 'lodging,point_of_interest,establishment', '2021-12-30 14:24:32'),
('ChIJRbfvEiY2XhMRy1BekwIyAC4', 'Subaru Service - Παπανδρέου Παναγιώτης', 'Maizonos 313, Patra', 4.8, 75, 38.2359619, 21.7270508, 'car_repair,point_of_interest,establishment', '2021-12-30 14:24:32'),
('ChIJReMkcU03XhMRHtlq-RGG_Mc', 'Καφεκοπτείο Μεξικάνος', 'Korinthou 453, Patra', 4.7, 110, 38.2386055, 21.7284374, 'cafe,food,point_of_interest,store,establishment', '2021-12-30 14:24:32'),
('ChIJRVvAJHK8oRQRHrC36HBXJPo', 'Νοστιμιά Μοσχάτο', 'Lamprou Katsoni 65, Moschato', 4.0, 274, 37.9488068, 23.6781330, 'restaurant,food,point_of_interest,establishment', '2021-12-30 14:37:12'),
('ChIJs13fMVdJXhMRdfoTBribjjc', 'Moccup', 'Dimitriou Gounari 195, Patra', 4.7, 17, 38.2397346, 21.7423172, 'cafe,food,point_of_interest,establishment', '2021-12-30 14:24:32'),
('ChIJs26l3KI3XhMR7NBzdimtWlc', 'Σκλαβενιτης', 'Ιωνίας 90 &, Damonos, Patra', 4.5, 66, 38.2348366, 21.7401485, 'supermarket,grocery_or_supermarket,food,point_of_interest,store,establishment', '2021-12-30 14:24:32'),
('ChIJS5UNRnK8oRQRtXL9z76hZ_8', '\"Ψαρομεζεδες\"', 'Stratigou Makrigianni 52, Moschato', 4.6, 1665, 37.9486923, 23.6780701, 'restaurant,food,point_of_interest,establishment', '2021-12-30 14:37:12'),
('ChIJS8X0pWY3XhMRzrGX7803y-8', 'Coffee Lab ΠΑΠΑΝΔΡΕΟΥ 49 ΠΑΤΡΑ', 'Leoforos Georgiou Papandreou 49, Patra', 4.6, 28, 38.2338829, 21.7458630, 'cafe,food,point_of_interest,establishment', '2021-12-30 14:24:32'),
('ChIJSap7relJXhMRUkopSQsXwuI', 'spelectronics.gr - ΗΛΕΚΤΡΟΝΙΚΑ ΗΛΕΚΤΡΟΛΟΓΙΚΑ ΠΑΤΡΑΣ', 'Satovriandou 43-47, Patra', 4.8, 59, 38.2501678, 21.7398243, 'electronics_store,point_of_interest,store,establishment', '2021-12-30 14:26:38'),
('ChIJsTB4eiQ2XhMRYHsB0svbUhI', 'AutoSport', 'Eleftheriou Venizelou 42-46, Patra', 4.7, 87, 38.2325363, 21.7311382, 'car_repair,point_of_interest,establishment', '2021-12-30 14:24:32'),
('ChIJSU562cO9oRQR8C7xW_EHZeQ', 'Moda kosmima', 'Omirou 66, Moschato', 4.9, 27, 37.9500046, 23.6786022, 'clothing_store,point_of_interest,store,establishment', '2021-12-30 14:37:17'),
('ChIJsVkvueNJXhMRB3fJo2F0Eg8', 'Καφε Φιλικων', 'Paleon Patron Germanou 161-163, Patra', 4.6, 51, 38.2401390, 21.7452831, 'cafe,food,point_of_interest,establishment', '2021-12-30 14:24:32'),
('ChIJSWbYERM3XhMRX5qduCDaczY', 'ΦΙΛΙΠΠΟΣ ΑΛΕΥΡΑ-ΜΠΑΧΑΡΙΚΑ-ΖΩΟΤΡΟΦΕΣ', 'Ionias 114, Patra', 4.6, 35, 38.2339745, 21.7402229, 'grocery_or_supermarket,food,point_of_interest,store,establishment', '2021-12-30 14:24:32'),
('ChIJSxcz2FI2XhMRkB05AbcRmlI', 'ΝΑΥΤΙΚΟΣ ΟΜΙΛΟΣ ΠΑΤΡΩΝ', 'Akti Dimeon 151, Patra', 4.7, 13, 38.2388191, 21.7251740, 'health,point_of_interest,establishment', '2021-12-30 14:24:32'),
('ChIJt-jvWxk2XhMRmqTBLN1y4Fg', 'Coffee Amargo', 'Leoforos Georgiou Papandreou 51, Patra', 4.6, 51, 38.2335701, 21.7455444, 'cafe,food,point_of_interest,establishment', '2021-12-30 14:24:32'),
('ChIJt6ZQCOK9oRQRhZ10oP5avKE', 'Κουπα μπρικι', 'Thermopilon 47, Moschato', 4.5, 98, 37.9526901, 23.6791706, 'cafe,food,point_of_interest,establishment', '2021-12-30 14:37:17'),
('ChIJt7LpHPs3XhMRn1RE73k4Bbs', 'Παραδοσιακό Παντοπωλείο Στασινόπουλος', 'Korinthou 370-374, Patra', 4.6, 14, 38.2382126, 21.7281933, 'grocery_or_supermarket,food,point_of_interest,store,establishment', '2021-12-30 14:24:32'),
('ChIJTyCVWvA3XhMRnNgdFRaTWE8', 'Κωτσόπουλος \"Ευθυγραμισεις\"', 'Dimitriou Maximou 6, Patra', 4.9, 162, 38.2343369, 21.7257252, 'car_repair,point_of_interest,establishment', '2021-12-30 14:24:32'),
('ChIJu-vWGU03XhMRQPtHWoqT688', 'Φούρνος Δημητρόπουλος', 'Skoufa 11, Patra', 4.6, 11, 38.2324066, 21.7304955, 'bakery,food,point_of_interest,store,establishment', '2021-12-30 14:24:32'),
('ChIJU2cC_5A3XhMRTltBi0TpJVo', 'Opap play Γ. Παπανδρεου 49', 'Leoforos Georgiou Papandreou 49, Patra', 3.7, 18, 38.2337189, 21.7457104, 'casino,point_of_interest,establishment', '2021-12-30 14:24:32'),
('ChIJU5ayzPO8oRQRdCgGq-IIRR8', 'Pizza Fan Ταύρος', 'Stratigou Makrigianni 53, Moschato', 3.9, 121, 37.9485741, 23.6778851, 'meal_delivery,meal_takeaway,restaurant,food,point_of_interest,establishment', '2021-12-30 14:37:12'),
('ChIJu8vyBuJJXhMRfm0zkEgJDWU', 'SPORTS HOUSE', 'Smirnis 250, Patra', 4.6, 57, 38.2371063, 21.7438908, 'gym,health,point_of_interest,establishment', '2021-12-30 14:24:32'),
('ChIJU9iH_p83XhMRvlOk16boN8k', 'Grill house πατρα', 'Voriou Ipirou 89, Patra', 4.4, 33, 38.2334061, 21.7312737, 'restaurant,food,point_of_interest,establishment', '2021-12-30 14:24:32'),
('ChIJU9lb5SQ2XhMRC-mT4k-qJ5I', 'DIVINE CAFE', 'Delfon 30, Patra', 4.5, 24, 38.2315712, 21.7293949, 'cafe,food,point_of_interest,establishment', '2021-12-30 14:24:32'),
('ChIJUb5ZXC82XhMRXaOkeHvXc_Y', 'Lazaridis, J., Ltd', 'Akti Dimeon 35, Patra', 4.9, 282, 38.2338600, 21.7251129, 'car_repair,point_of_interest,store,establishment', '2021-12-30 14:24:32'),
('ChIJUf_lbyY2XhMRg9OS_Tm8jC4', 'auto giannakopoulos', 'Korinthou 483, Patra', 4.4, 30, 38.2357101, 21.7278576, 'car_dealer,point_of_interest,store,establishment', '2021-12-30 14:24:32'),
('ChIJUVPbxnG8oRQRAVysMffiC2c', 'ΑΛΦΑ ΜΟΣΧΑΤΟ', 'Stratigou Makrigianni 84, Moschato', 4.4, 176, 37.9508896, 23.6787586, 'cafe,food,point_of_interest,establishment', '2021-12-30 14:37:17'),
('ChIJU_nWAOk3XhMRiIye0cMSMTE', 'Πέντε Δρόμοι', 'Agias Triados 20, Patra', 0.0, 0, 38.2371063, 21.7369137, 'point_of_interest,establishment', '2021-12-30 14:24:32'),
('ChIJV-Z3PRw2XhMRP_npsTE0kOI', 'Kokois George', 'Dorileou 4, Patra', 4.8, 25, 38.2337265, 21.7454872, 'food,point_of_interest,store,establishment', '2021-12-30 14:24:32'),
('ChIJv3jVvnG8oRQR17sniuKzjno', 'ΤΟΥΡΙΣΤΙΚΟ ΓΡΑΦΕΙΟ ΕΛΕΝΗ ΣΙΚΑ', 'Solomou 47, Moschato', 4.7, 17, 37.9509697, 23.6783257, 'travel_agency,point_of_interest,establishment', '2021-12-30 14:37:12'),
('ChIJv5bGJHK8oRQRQT7VswvpXaw', 'GALERIE DE BEAUTE A.E.E.', 'Stratigou Makrigianni 60, Moschato', 4.3, 124, 37.9491310, 23.6782074, 'point_of_interest,store,establishment', '2021-12-30 14:37:12'),
('ChIJv6i6xt9JXhMRVp9vNGd6MLY', 'Andrikópoulos', 'Nikita 60, Patra', 4.5, 126, 38.2400818, 21.7363663, 'supermarket,grocery_or_supermarket,food,point_of_interest,store,establishment', '2021-12-30 14:24:32'),
('ChIJvdLwXS1JXhMRif9ab2ps-gA', 'Σαν όνειρο', 'Maizonos 29, Patra', 5.0, 4, 38.2500610, 21.7395401, 'clothing_store,point_of_interest,store,establishment', '2021-12-30 14:26:42'),
('ChIJVeODuCE2XhMRcDFqFETdzdw', 'Theos, Lambros, & Co. O.E.', 'Voriou Ipirou 23, Patra', 4.8, 36, 38.2350388, 21.7359428, 'car_repair,point_of_interest,store,establishment', '2021-12-30 14:24:32'),
('ChIJVfLnrMVJXhMRkzUAT7CxG4U', 'Ζαχαροπλαστείο Γιώργος', 'Smirnis 231, Patra', 4.6, 21, 38.2372627, 21.7433586, 'food,point_of_interest,store,establishment', '2021-12-30 14:24:32'),
('ChIJVQ35PeJJXhMRfqL9-SJiiv0', 'Marouda square', 'Karatza 114, Patra', 3.9, 299, 38.2381897, 21.7446041, 'town_square,point_of_interest,establishment', '2021-12-30 14:24:32'),
('ChIJVzAMZC82XhMRbhndkrdgnck', 'Ena Cash And Carry', 'Akti Dimeon 28, Patra', 4.2, 69, 38.2346420, 21.7252922, 'supermarket,grocery_or_supermarket,food,point_of_interest,store,establishment', '2021-12-30 14:24:32'),
('ChIJw1cp-C9JXhMR8v9XtGbMjCc', 'Mary Flogera Hairdressing Room', 'Georgiou Olimpiou 80, Patra', 4.9, 12, 38.2387962, 21.7346325, 'hair_care,point_of_interest,establishment', '2021-12-30 14:24:32'),
('ChIJw3Fe5Cc2XhMRHcQgQkfA6ok', 'House Art - Είδη Διακόσμησης - Αυτοκόλλητα, ταπετσαρίες, πίνακες & παραβάν', 'Ακτή Δυμαίων 10 & Ευμήλου, Georgiou Olimpiou, Patra', 4.7, 604, 38.2397690, 21.7266121, 'home_goods_store,point_of_interest,store,establishment', '2021-12-30 14:24:32'),
('ChIJW42MUT03XhMRGUH6OjHcTac', 'Didachos Bros - Auto', 'Dimitriou Maximou 54, Patra', 4.9, 68, 38.2340813, 21.7296295, 'car_repair,point_of_interest,establishment', '2021-12-30 14:24:32'),
('ChIJW666Vxk2XhMRo_D2yOU6YsY', 'Ευθυγραμμίσεις Μπαρδάκης', 'Leoforos Georgiou Papandreou 72, Patra', 4.8, 167, 38.2316208, 21.7434216, 'car_repair,point_of_interest,establishment', '2021-12-30 14:24:32'),
('ChIJw7aMQeJJXhMR4F6A4HR7Kio', 'Cooper Coffee & Snack', '3ου ορειβατικού κ, Maragkopoulou, Patra', 4.4, 415, 38.2381554, 21.7453785, 'cafe,food,point_of_interest,establishment', '2021-12-30 14:24:32'),
('ChIJwdFpF-JJXhMRFRwIQP7phY8', 'Ανδρικοπουλος Super Market', 'Karatza 114, Patra', 4.3, 123, 38.2378693, 21.7444973, 'supermarket,grocery_or_supermarket,food,point_of_interest,store,establishment', '2021-12-30 14:24:32'),
('ChIJWQ__HeBJXhMRAKH10ZawcdQ', 'Nina Cafe Bar', 'Voulgareos 35, Patra', 4.0, 1, 38.2380676, 21.7391930, 'bar,restaurant,food,point_of_interest,establishment', '2021-12-30 14:24:32'),
('ChIJWz0kmCU2XhMR4zd8MYHwoOQ', 'Σταματόπουλος Βασίλειος - Ο Γερμανός', 'Voriou Ipirou 139, Patra', 4.9, 18, 38.2333107, 21.7270622, 'car_repair,point_of_interest,store,establishment', '2021-12-30 14:24:32'),
('ChIJWzSxwiY2XhMR0MLasqi7eJs', 'Theodosiou', 'Solomous 68, Patra', 4.3, 3, 38.2364693, 21.7302341, 'point_of_interest,establishment', '2021-12-30 14:24:32'),
('ChIJx3OiIMg3XhMRFJiKIFiuXjs', 'ΚΡΕΑΤΑ ΑΧΑΙΑΣ Μανίκας Βασίλειος', 'Μεσολογγίου, Kapodistriou 44, Patra', 4.7, 6, 38.2383156, 21.7312374, 'food,point_of_interest,store,establishment', '2021-12-30 14:24:32'),
('ChIJX9750plJXhMRwDfMxp1df-Q', 'Εμμανουήλ Σταυρακάκης', 'Georgiou Tertseti 6, Patra', 4.3, 15, 38.2682838, 21.7407684, 'supermarket,grocery_or_supermarket,food,point_of_interest,store,establishment', '2022-02-25 10:32:23'),
('ChIJxajTRLS9oRQRuCq2O4331vk', 'Φαντασία, Παιδικά ρούχα Μοσχάτο', 'Stratigou Makrigianni 74, Moschato', 4.7, 13, 37.9503174, 23.6786327, 'point_of_interest,clothing_store,store,establishment', '2021-12-30 14:37:17'),
('ChIJxUAcqJBJXhMRFzSRntH5ZXU', 'Synergassia S.A.', 'Athinon 158, Patra', 4.4, 18, 38.2668800, 21.7443714, 'supermarket,grocery_or_supermarket,food,point_of_interest,store,establishment', '2022-02-25 10:32:23'),
('ChIJXw7utONJXhMRtc156JXTs80', 'MILOS', '3ou Oreivatikoy 24, Patra', 4.5, 49, 38.2393417, 21.7453251, 'bakery,cafe,food,point_of_interest,store,establishment', '2021-12-30 14:24:32'),
('ChIJXXD-Nt1JXhMRWCTJyMxS_Xg', 'adidas Store Patra', 'Agiou Nikolaou &, Agiou Andreou 27, Patra', 3.7, 26, 38.2504578, 21.7372990, 'shoe_store,point_of_interest,clothing_store,store,establishment', '2021-12-30 14:26:42'),
('ChIJxyaKVWlJXhMRKU0T1zcjjBo', 'nias hair art', 'Mesologgiou 19, Patra', 4.3, 6, 38.2397499, 21.7333298, 'hair_care,point_of_interest,establishment', '2021-12-30 14:24:32'),
('ChIJxZ_BF0lJXhMRgcQowKpjoQ8', 'Way Out Cafe', 'Ionias 1, Patra', 4.9, 23, 38.2384567, 21.7395401, 'cafe,food,point_of_interest,establishment', '2021-12-30 14:24:32'),
('ChIJY4432yU2XhMR2jrWEN7aWls', 'Loukopoulou Georgia', 'Korinthou 418-420, Patra', 4.4, 7, 38.2345123, 21.7276573, 'pharmacy,health,point_of_interest,store,establishment', '2021-12-30 14:24:32'),
('ChIJy4bOPHK8oRQR4pd68R1BHbE', 'ITF Athens', 'Lamprou Katsoni 62, Moschato', 4.2, 5, 37.9486008, 23.6782436, 'point_of_interest,establishment', '2021-12-30 14:37:12'),
('ChIJYdZBLCY2XhMRZRAQwVO1aEg', 'JUMBO', 'Akti Dimeon 17, Patra', 4.1, 1960, 38.2373886, 21.7263737, 'point_of_interest,store,establishment', '2021-12-30 14:24:32'),
('ChIJYQIxGyE2XhMRupS59ERDUNc', 'Galaxias', 'Panachaikou 76, Patra', 4.4, 248, 38.2360764, 21.7337608, 'supermarket,grocery_or_supermarket,food,point_of_interest,store,establishment', '2021-12-30 14:24:32'),
('ChIJyRizl0hJXhMRYIWm34jaikk', 'MAD PIGEON', 'Riga Fereou 40, Patra', 5.0, 15, 38.2496681, 21.7373867, 'cafe,food,point_of_interest,establishment', '2021-12-30 14:26:42'),
('ChIJYTkIfdxJXhMRyeJIrbWkPVk', 'Ρεφρέν Cafe', 'Agiou Andreou 27, Patra', 5.0, 3, 38.2504578, 21.7372990, 'cafe,food,point_of_interest,establishment', '2021-12-30 14:26:54'),
('ChIJYW7ZL-hJXhMR9ve2dpMf5Io', 'Ελληνικά Ταχυδρομεία (ΕΛΤΑ)', 'Maizonos 32, Patra', 1.5, 161, 38.2498055, 21.7389393, 'post_office,finance,point_of_interest,establishment', '2021-12-30 14:26:38'),
('ChIJYwGO5Ai9oRQRDdEVQfVqOcc', 'Mugs the coffee experts Μοσχάτο', 'Stratigou Makrigianni 94, Moschato', 4.8, 51, 37.9516182, 23.6789856, 'cafe,food,point_of_interest,establishment', '2021-12-30 14:37:17'),
('ChIJZSZOWxk2XhMRx_ZGHpVteCc', 'Κοσμοπουλος Θεοφάνης&Γεώργιος', 'Leoforos Georgiou Papandreou 80, Patra', 4.5, 146, 38.2308617, 21.7427158, 'home_goods_store,point_of_interest,store,establishment', '2021-12-30 14:24:32'),
('ChIJZyTv0L-9oRQRXUnxesE5v8Y', 'Robert’s pies', 'Stratigou Makrigianni 105, Moschato', 4.9, 8, 37.9524002, 23.6790142, 'cafe,food,point_of_interest,establishment', '2021-12-30 14:37:17'),
('ChIJZZwMgr1JXhMR89ixkSWfM14', 'περιπτερο αγυια', 'Agiou Konstantinou 68, Patra', 4.5, 27, 38.2700462, 21.7458458, 'supermarket,grocery_or_supermarket,food,point_of_interest,store,establishment', '2022-02-25 10:32:23'),
('ChIJz_07-W03XhMRvRymy1Ccda0', 'KEEP THE CUP', 'Solomous 83, Patra', 4.7, 60, 38.2362404, 21.7303371, 'cafe,food,point_of_interest,establishment', '2021-12-30 14:24:32'),
('ChIJ_7nx_mxJXhMRSrp68dDU67M', 'Coffee Lab', 'Maizonos 47, Patra', 4.4, 51, 38.2496643, 21.7390537, 'cafe,food,point_of_interest,establishment', '2021-12-30 14:26:42'),
('ChIJ_cM58sE3XhMRCHVgkJkjUeQ', 'Σχολή Οδηγών - Δώρα Κ. Γιαννακοπούλου', 'Ionias 62, Patra', 5.0, 7, 38.2362061, 21.7399311, 'point_of_interest,establishment', '2021-12-30 14:24:32');

-- --------------------------------------------------------

--
-- Δομή πίνακα για τον πίνακα `users`
--

DROP TABLE IF EXISTS `users`;
CREATE TABLE IF NOT EXISTS `users` (
  `UsersId` int(11) NOT NULL AUTO_INCREMENT,
  `Usersusername` varchar(255) NOT NULL,
  `Usersemail` varchar(255) NOT NULL,
  `Userspwd` varchar(255) NOT NULL,
  PRIMARY KEY (`UsersId`)
) ENGINE=InnoDB AUTO_INCREMENT=234 DEFAULT CHARSET=utf8;

--
-- Άδειασμα δεδομένων του πίνακα `users`
--

INSERT INTO `users` (`UsersId`, `Usersusername`, `Usersemail`, `Userspwd`) VALUES
(210, 'up1054331', 'ntou@gmail.com', '$2y$10$sfcPSKvVsiP6ON.uZXZ69uBF9Gr76J/2kIjUzmfJjWRlvv/5i.Os2'),
(211, 'ntoukakis', 'ntoukakis@yahoo.com', '$2y$10$3hVEN1ALwS/R/uzaZStbKuze.6qgHi7r0NbIPeAuO696nQx8g9SrS'),
(215, 'orestis', 'orestis@gmail.com', '$2y$10$XVD1RxukxTcUWmuyqc.Tb.jXt9dEqIypfsp3uuxO8uc5RRFgccf4G'),
(216, 'evripidis', 'evripidis@gmail.com', '$2y$10$8E5lVvwrx1ePgS6GMtsrROliMIt5/.Lgy8xDoeRxKJLOiy1wrID3e'),
(220, 'testuser', 'test@test.com', '$2y$10$u1Lv8UN5Eq95MeoGHzygAehUrdBWSAiKoYvd75hMyPoLCx8Kzh1TC'),
(221, 'nikos', 'nik@nik.com', '$2y$10$hxIYEDOF3Xa.B1bHy6juDOVTKNpOXhhYEnQ3bT27v1iyC4KG43QUK'),
(224, '7days', 'test@test.test', '$2y$10$z569KD..czaqEtrema8TL.ib7OIHSbwZyi1YPIAff2oeLwd2mweA.'),
(225, '2hours', '2@hours.org', '$2y$10$w8LUswd.cPcE3a7vcqZ0C.7g8q8cFy0I7eCopqKSYsrUlXNe7Vo.m'),
(227, 'ermis', 'ermis@aol.com', '$2y$10$hxFm3lSGtWlslMhgpnqRIOk3UxAWVk44hK6sdyFmrqjOP0zlfTO5.'),
(232, 'antonis', 'antonis@gmail.com', '$2y$10$SfsDUqp5PszTV954KdfNdezHXqgCoqFTzAPMZY91G0qBeONt2NmDO'),
(233, 'Xristos', 'xristos@gmail.com', '$2y$10$nqQ8pHeGD1tu/Q9fcUi5H.Jk8yFa57Vimqv6oWv1nh.1JKp0oARY.');

-- --------------------------------------------------------

--
-- Δομή πίνακα για τον πίνακα `user_roles`
--

DROP TABLE IF EXISTS `user_roles`;
CREATE TABLE IF NOT EXISTS `user_roles` (
  `user_id` int(11) NOT NULL,
  `role_id` int(11) NOT NULL,
  KEY `FK1` (`user_id`),
  KEY `FK2` (`role_id`)
) ENGINE=InnoDB DEFAULT CHARSET=utf8;

--
-- Άδειασμα δεδομένων του πίνακα `user_roles`
--

INSERT INTO `user_roles` (`user_id`, `role_id`) VALUES
(210, 0),
(211, 1),
(215, 0),
(216, 0),
(220, 0),
(221, 0),
(224, 0),
(225, 0),
(227, 0),
(232, 0),
(233, 0);

-- --------------------------------------------------------

--
-- Δομή πίνακα για τον πίνακα `user_visits`
--

DROP TABLE IF EXISTS `user_visits`;
CREATE TABLE IF NOT EXISTS `user_visits` (
  `User_id` int(11) NOT NULL,
  `id_store` varchar(255) NOT NULL,
  `Address` varchar(255) NOT NULL,
  `Name` varchar(255) NOT NULL,
  `lat` float(11,7) NOT NULL,
  `lng` float(11,7) NOT NULL,
  `Date_of_upload` datetime NOT NULL,
  `estimation` int(11) NOT NULL,
  PRIMARY KEY (`id_store`,`User_id`,`Date_of_upload`),
  KEY `FK_new_2` (`User_id`)
) ENGINE=InnoDB DEFAULT CHARSET=utf8;

--
-- Άδειασμα δεδομένων του πίνακα `user_visits`
--

INSERT INTO `user_visits` (`User_id`, `id_store`, `Address`, `Name`, `lat`, `lng`, `Date_of_upload`, `estimation`) VALUES
(221, 'ChIJ-f8_0B82XhMRGO3574T-GbY', 'Ionias 23, Patra', 'Happytails', 38.2372055, 21.7399464, '2022-02-20 19:00:00', 13),
(221, 'ChIJ-f8_0B82XhMRGO3574T-GbY', 'Ionias 23, Patra', 'Happytails', 38.2372055, 21.7399464, '2022-02-25 11:24:24', 14),
(224, 'ChIJ-f8_0B82XhMRGO3574T-GbY', 'Ionias 23, Patra', 'Happytails', 38.2372055, 21.7399464, '2022-02-23 19:06:29', 2),
(225, 'ChIJ-f8_0B82XhMRGO3574T-GbY', 'Ionias 23, Patra', 'Happytails', 38.2372055, 21.7399464, '2022-02-20 19:07:31', 4),
(232, 'ChIJ-f8_0B82XhMRGO3574T-GbY', 'Ionias 23, Patra', 'Happytails', 38.2372055, 21.7399464, '2022-02-25 11:27:39', 25),
(227, 'ChIJ-TKYmx02XhMRhtJ7X9WTjPI', 'Kalavriton 32, Patra', 'Eurobank', 38.2356644, 21.7460651, '2022-02-23 19:35:09', 30);

--
-- Περιορισμοί για άχρηστους πίνακες
--

--
-- Περιορισμοί για πίνακα `covid_cases`
--
ALTER TABLE `covid_cases`
  ADD CONSTRAINT `covid` FOREIGN KEY (`id`) REFERENCES `users` (`UsersId`) ON DELETE CASCADE ON UPDATE CASCADE;

--
-- Περιορισμοί για πίνακα `data_pop`
--
ALTER TABLE `data_pop`
  ADD CONSTRAINT `FK_1` FOREIGN KEY (`id`) REFERENCES `stores` (`id`) ON DELETE CASCADE ON UPDATE CASCADE,
  ADD CONSTRAINT `FOREIGN KEY` FOREIGN KEY (`id`) REFERENCES `stores` (`id`);

--
-- Περιορισμοί για πίνακα `user_roles`
--
ALTER TABLE `user_roles`
  ADD CONSTRAINT `FK1` FOREIGN KEY (`user_id`) REFERENCES `users` (`UsersId`) ON DELETE CASCADE ON UPDATE CASCADE,
  ADD CONSTRAINT `FK2` FOREIGN KEY (`role_id`) REFERENCES `roles` (`role_id`) ON DELETE CASCADE ON UPDATE CASCADE;

--
-- Περιορισμοί για πίνακα `user_visits`
--
ALTER TABLE `user_visits`
  ADD CONSTRAINT `FK_new_1` FOREIGN KEY (`id_store`) REFERENCES `stores` (`id`) ON DELETE CASCADE ON UPDATE CASCADE,
  ADD CONSTRAINT `FK_new_2` FOREIGN KEY (`User_id`) REFERENCES `users` (`UsersId`) ON DELETE CASCADE ON UPDATE CASCADE;

DELIMITER $$
--
-- Συμβάντα
--
DROP EVENT IF EXISTS `Every_14_Days_Cleanup`$$
CREATE DEFINER=`root`@`localhost` EVENT `Every_14_Days_Cleanup` ON SCHEDULE EVERY 1 DAY STARTS '2021-12-28 00:00:00' ON COMPLETION PRESERVE DISABLE DO BEGIN 
	DELETE FROM covid_cases
    WHERE DATEDIFF(NOW(),Covid_date)>10;
END$$

DELIMITER ;
COMMIT;

/*!40101 SET CHARACTER_SET_CLIENT=@OLD_CHARACTER_SET_CLIENT */;
/*!40101 SET CHARACTER_SET_RESULTS=@OLD_CHARACTER_SET_RESULTS */;
/*!40101 SET COLLATION_CONNECTION=@OLD_COLLATION_CONNECTION */;
